#ifndef AWAY_IMAGE_H
#define AWAY_IMAGE_H

#include <pgmspace.h>

#define AWAY_IMG_WIDTH 240
#define AWAY_IMG_HEIGHT 240

const uint16_t away_img_data[] PROGMEM = {
  0x0000, 0x0020, 0x0000, 0x0000, 0x0000, 0x0000, 0x0000, 0x0000, 0x0021, 0x0000, 0x0001, 0x0001,
  0x0000, 0x0021, 0x0020, 0x0000, 0x0001, 0x0001, 0x0020, 0x0021, 0x0001, 0x0001, 0x0021, 0x0021,
  0x0021, 0x0021, 0x0021, 0x0021, 0x0001, 0x0001, 0x0000, 0x0021, 0x0041, 0x0020, 0x0020, 0x0000,
  0x0041, 0x00A3, 0x0041, 0x0000, 0x0021, 0x0021, 0x0021, 0x0021, 0x0021, 0x0021, 0x0021, 0x0021,
  0x0000, 0x0000, 0x0021, 0x0042, 0x0021, 0x0021, 0x0041, 0x0041, 0x0041, 0x0041, 0x0021, 0x0041,
  0x0041, 0x0041, 0x0041, 0x0041, 0x0041, 0x0042, 0x0042, 0x0041, 0x0041, 0x0041, 0x0041, 0x0042,
  0x0042, 0x0021, 0x0021, 0x0041, 0x0042, 0x0042, 0x0041, 0x0041, 0x0041, 0x0041, 0x0042, 0x0062,
  0x0062, 0x0042, 0x0062, 0x0041, 0x0020, 0x0062, 0x00A3, 0x08A3, 0x0082, 0x0021, 0x0041, 0x0082,
  0x0082, 0x0062, 0x0041, 0x0020, 0x0000, 0x0083, 0x0905, 0x00A3, 0x0062, 0x0083, 0x00A4, 0x00A4,
  0x00C5, 0x08E6, 0x08E6, 0x08E6, 0x0906, 0x0907, 0x0927, 0x0927, 0x0927, 0x0948, 0x0928, 0x0927,
  0x0928, 0x0948, 0x0948, 0x0928, 0x0927, 0x0927, 0x0907, 0x0906, 0x0906, 0x08E6, 0x08E5, 0x00E5,
  0x00C5, 0x00A4, 0x0083, 0x0083, 0x0082, 0x0062, 0x0062, 0x0062, 0x0062, 0x0062, 0x0082, 0x0082,
  0x0082, 0x0082, 0x0082, 0x0062, 0x0082, 0x0082, 0x0062, 0x0062, 0x0062, 0x0062, 0x0062, 0x0062,
  0x0062, 0x0082, 0x0062, 0x0021, 0x0020, 0x0021, 0x0021, 0x0021, 0x0041, 0x0041, 0x0041, 0x0041,
  0x0041, 0x0041, 0x0041, 0x0041, 0x0041, 0x0041, 0x0041, 0x0041, 0x0021, 0x0021, 0x0041, 0x0041,
  0x0041, 0x0041, 0x0041, 0x0041, 0x0041, 0x0041, 0x0041, 0x0021, 0x0021, 0x0021, 0x0021, 0x0041,
  0x0021, 0x0021, 0x0021, 0x0021, 0x0021, 0x0021, 0x0021, 0x0021, 0x0021, 0x0062, 0x0062, 0x0021,
  0x0041, 0x0082, 0x0062, 0x0000, 0x0020, 0x0020, 0x0020, 0x0001, 0x0021, 0x0021, 0x0001, 0x0001,
  0x0021, 0x0021, 0x0021, 0x0000, 0x0001, 0x0000, 0x0001, 0x0021, 0x0000, 0x0000, 0x0000, 0x0000,
  0x0000, 0x0000, 0x0020, 0x0000, 0x0000, 0x0020, 0x0000, 0x0000, 0x0000, 0x0000, 0x0000, 0x0000,
  0x0020, 0x0020, 0x0001, 0x0001, 0x0000, 0x0000, 0x0000, 0x0000, 0x0021, 0x0001, 0x0000, 0x0021,
  0x0021, 0x0020, 0x0021, 0x0021, 0x0021, 0x0021, 0x0021, 0x0021, 0x0000, 0x0021, 0x0001, 0x0021,
  0x0021, 0x0020, 0x0020, 0x0021, 0x0021, 0x0021, 0x0000, 0x0021, 0x0041, 0x0020, 0x0020, 0x0000,
  0x0041, 0x00C4, 0x0041, 0x0000, 0x0021, 0x0021, 0x0041, 0x0021, 0x0021, 0x0041, 0x0041, 0x0021,
  0x0000, 0x0000, 0x0021, 0x0042, 0x0021, 0x0041, 0x0041, 0x0041, 0x0041, 0x0041, 0x0041, 0x0041,
  0x0041, 0x0041, 0x0041, 0x0041, 0x0042, 0x0042, 0x0062, 0x0041, 0x0041, 0x0021, 0x0042, 0x0062,
  0x0062, 0x0041, 0x0021, 0x0041, 0x0062, 0x0062, 0x0062, 0x0042, 0x0041, 0x0062, 0x0062, 0x0062,
  0x0062, 0x0062, 0x0062, 0x0041, 0x0021, 0x0062, 0x00A4, 0x08C4, 0x0082, 0x0020, 0x0041, 0x0062,
  0x0082, 0x0083, 0x0083, 0x0063, 0x0084, 0x08E5, 0x1147, 0x0927, 0x0907, 0x0927, 0x0947, 0x0947,
  0x0968, 0x1189, 0x0927, 0x0927, 0x0927, 0x0927, 0x0927, 0x0928, 0x0928, 0x0948, 0x0928, 0x0928,
  0x0928, 0x0928, 0x0928, 0x0928, 0x0928, 0x0928, 0x0928, 0x0948, 0x0948, 0x0948, 0x0948, 0x0948,
  0x1148, 0x0948, 0x0947, 0x0947, 0x0906, 0x0927, 0x0906, 0x00C5, 0x00A4, 0x00A3, 0x0083, 0x0082,
  0x0082, 0x0082, 0x0082, 0x0082, 0x0083, 0x0083, 0x0082, 0x0082, 0x0083, 0x0062, 0x0082, 0x0082,
  0x0062, 0x0082, 0x0062, 0x0021, 0x0021, 0x0021, 0x0041, 0x0041, 0x0041, 0x0041, 0x0062, 0x0042,
  0x0042, 0x0042, 0x0042, 0x0062, 0x0042, 0x0041, 0x0041, 0x0041, 0x0041, 0x0041, 0x0041, 0x0041,
  0x0041, 0x0041, 0x0041, 0x0041, 0x0041, 0x0041, 0x0041, 0x0041, 0x0041, 0x0041, 0x0041, 0x0041,
  0x0021, 0x0021, 0x0041, 0x0041, 0x0041, 0x0021, 0x0021, 0x0021, 0x0021, 0x0062, 0x0062, 0x0021,
  0x0041, 0x0082, 0x0042, 0x0000, 0x0020, 0x0021, 0x0021, 0x0021, 0x0021, 0x0021, 0x0021, 0x0021,
  0x0021, 0x0021, 0x0021, 0x0021, 0x0001, 0x0021, 0x0001, 0x0001, 0x0021, 0x0021, 0x0020, 0x0020,
  0x0001, 0x0020, 0x0021, 0x0001, 0x0020, 0x0020, 0x0021, 0x0000, 0x0000, 0x0000, 0x0000, 0x0000,
  0x0020, 0x0020, 0x0021, 0x0021, 0x0001, 0x0000, 0x0000, 0x0000, 0x0021, 0x0000, 0x0000, 0x0020,
  0x0000, 0x0021, 0x0021, 0x0020, 0x0021, 0x0021, 0x0021, 0x0021, 0x0001, 0x0021, 0x0021, 0x0021,
  0x0021, 0x0021, 0x0000, 0x0021, 0x0021, 0x0001, 0x0000, 0x0021, 0x0041, 0x0020, 0x0000, 0x0000,
  0x0042, 0x00C3, 0x0041, 0x0020, 0x0021, 0x0021, 0x0041, 0x0041, 0x0041, 0x0041, 0x0041, 0x0021,
  0x0000, 0x0000, 0x0021, 0x0042, 0x0021, 0x0041, 0x0041, 0x0041, 0x0041, 0x0041, 0x0041, 0x0042,
  0x0041, 0x0041, 0x0041, 0x0042, 0x0042, 0x0062, 0x0042, 0x0041, 0x0041, 0x0021, 0x0042, 0x0062,
  0x0062, 0x0041, 0x0041, 0x0041, 0x0062, 0x0062, 0x0062, 0x0042, 0x0042, 0x0062, 0x0062, 0x0062,
  0x0062, 0x0062, 0x0062, 0x0041, 0x0021, 0x0062, 0x00A3, 0x00C4, 0x0083, 0x0042, 0x0083, 0x08C5,
  0x00E6, 0x1168, 0x0927, 0x0927, 0x0948, 0x0948, 0x1169, 0x0928, 0x0927, 0x0928, 0x0928, 0x0927,
  0x0948, 0x1168, 0x0927, 0x0927, 0x0927, 0x0928, 0x0927, 0x0928, 0x0928, 0x0948, 0x0927, 0x0927,
  0x0948, 0x0928, 0x0948, 0x0928, 0x0928, 0x0928, 0x0948, 0x0928, 0x0948, 0x0948, 0x0948, 0x0948,
  0x0948, 0x0927, 0x1148, 0x0948, 0x0928, 0x11A9, 0x1169, 0x0948, 0x0928, 0x0948, 0x0948, 0x00E6,
  0x08E5, 0x00C4, 0x0083, 0x0083, 0x0082, 0x0082, 0x0082, 0x0082, 0x0083, 0x0083, 0x0083, 0x0083,
  0x0082, 0x0083, 0x0062, 0x0021, 0x0021, 0x0021, 0x0041, 0x0061, 0x0041, 0x0042, 0x0042, 0x0042,
  0x0062, 0x0061, 0x0062, 0x0062, 0x0042, 0x0042, 0x0041, 0x0041, 0x0061, 0x0041, 0x0061, 0x0041,
  0x0041, 0x0041, 0x0041, 0x0041, 0x0041, 0x0041, 0x0041, 0x0041, 0x0041, 0x0041, 0x0021, 0x0041,
  0x0021, 0x0021, 0x0041, 0x0021, 0x0021, 0x0021, 0x0021, 0x0021, 0x0041, 0x0062, 0x0062, 0x0041,
  0x0061, 0x0082, 0x0062, 0x0000, 0x0021, 0x0021, 0x0021, 0x0021, 0x0021, 0x0021, 0x0021, 0x0021,
  0x0001, 0x0021, 0x0021, 0x0021, 0x0021, 0x0021, 0x0001, 0x0001, 0x0000, 0x0020, 0x0020, 0x0020,
  0x0020, 0x0000, 0x0000, 0x0001, 0x0000, 0x0000, 0x0000, 0x0001, 0x0001, 0x0001, 0x0000, 0x0000,
  0x0001, 0x0001, 0x0000, 0x0021, 0x0000, 0x0000, 0x0000, 0x0000, 0x0021, 0x0000, 0x0001, 0x0021,
  0x0001, 0x0001, 0x0021, 0x0000, 0x0021, 0x0021, 0x0021, 0x0021, 0x0000, 0x0021, 0x0021, 0x0021,
  0x0021, 0x0001, 0x0001, 0x0021, 0x0021, 0x0021, 0x0000, 0x0021, 0x0042, 0x0021, 0x0000, 0x0000,
  0x0062, 0x00C3, 0x0041, 0x0021, 0x0041, 0x0021, 0x0041, 0x0041, 0x0041, 0x0041, 0x0041, 0x0021,
  0x0000, 0x0000, 0x0021, 0x0042, 0x0041, 0x0041, 0x0041, 0x0041, 0x0041, 0x0041, 0x0041, 0x0041,
  0x0041, 0x0041, 0x0042, 0x0041, 0x0041, 0x0062, 0x0062, 0x0061, 0x0041, 0x0041, 0x0042, 0x0062,
  0x0062, 0x0041, 0x0041, 0x0062, 0x0062, 0x0062, 0x0062, 0x0062, 0x0062, 0x0062, 0x0062, 0x0062,
  0x0062, 0x0062, 0x0061, 0x0041, 0x0021, 0x0083, 0x08E5, 0x0906, 0x0907, 0x0907, 0x0927, 0x0948,
  0x0928, 0x19AA, 0x0948, 0x0927, 0x0927, 0x0948, 0x1168, 0x0927, 0x0927, 0x0948, 0x0927, 0x0927,
  0x1189, 0x0948, 0x0927, 0x0927, 0x0927, 0x0927, 0x0928, 0x0928, 0x0928, 0x0948, 0x0927, 0x0928,
  0x0928, 0x0928, 0x0928, 0x0928, 0x0928, 0x0928, 0x0948, 0x0948, 0x0948, 0x1168, 0x1168, 0x0948,
  0x0948, 0x0928, 0x1148, 0x0948, 0x0927, 0x11A9, 0x0948, 0x0948, 0x0928, 0x0948, 0x0948, 0x0928,
  0x1189, 0x0948, 0x0927, 0x0907, 0x00E5, 0x00C4, 0x00A3, 0x0083, 0x0062, 0x0082, 0x0082, 0x0083,
  0x0082, 0x0083, 0x0062, 0x0021, 0x0021, 0x0041, 0x0041, 0x0061, 0x0061, 0x0042, 0x0042, 0x0042,
  0x0041, 0x0061, 0x0061, 0x0062, 0x0062, 0x0062, 0x0042, 0x0042, 0x0041, 0x0041, 0x0041, 0x0041,
  0x0041, 0x0041, 0x0041, 0x0041, 0x0041, 0x0041, 0x0041, 0x0041, 0x0041, 0x0041, 0x0041, 0x0041,
  0x0041, 0x0041, 0x0041, 0x0041, 0x0021, 0x0021, 0x0021, 0x0021, 0x0041, 0x0062, 0x0082, 0x0041,
  0x0062, 0x0082, 0x0062, 0x0000, 0x0020, 0x0021, 0x0021, 0x0020, 0x0001, 0x0021, 0x0021, 0x0021,
  0x0021, 0x0021, 0x0021, 0x0001, 0x0021, 0x0021, 0x0000, 0x0001, 0x0001, 0x0020, 0x0020, 0x0001,
  0x0001, 0x0001, 0x0001, 0x0001, 0x0001, 0x0000, 0x0000, 0x0000, 0x0000, 0x0000, 0x0001, 0x0000,
  0x0000, 0x0000, 0x0000, 0x0020, 0x0000, 0x0000, 0x0000, 0x0000, 0x0021, 0x0001, 0x0021, 0x0021,
  0x0000, 0x0001, 0x0021, 0x0001, 0x0000, 0x0021, 0x0021, 0x0021, 0x0001, 0x0021, 0x0021, 0x0021,
  0x0021, 0x0001, 0x0021, 0x0021, 0x0021, 0x0021, 0x0000, 0x0021, 0x0042, 0x0021, 0x0000, 0x0000,
  0x0062, 0x00C4, 0x0041, 0x0021, 0x0021, 0x0021, 0x0041, 0x0021, 0x0041, 0x0041, 0x0021, 0x0021,
  0x0000, 0x0000, 0x0021, 0x0042, 0x0041, 0x0021, 0x0041, 0x0041, 0x0041, 0x0041, 0x0041, 0x0042,
  0x0041, 0x0062, 0x0061, 0x0061, 0x0041, 0x0042, 0x0062, 0x0062, 0x0041, 0x0041, 0x0061, 0x0062,
  0x0062, 0x0041, 0x0042, 0x0062, 0x0062, 0x0062, 0x0062, 0x0082, 0x0062, 0x0062, 0x0062, 0x0062,
  0x0062, 0x0083, 0x00A4, 0x08C4, 0x08E6, 0x0927, 0x0927, 0x0928, 0x0928, 0x0928, 0x0927, 0x0927,
  0x0928, 0x19A9, 0x0928, 0x0927, 0x0927, 0x0948, 0x1168, 0x0927, 0x0927, 0x0948, 0x0927, 0x0927,
  0x1189, 0x0948, 0x0927, 0x0927, 0x0927, 0x0927, 0x0928, 0x0928, 0x0928, 0x0948, 0x0928, 0x0928,
  0x0948, 0x0928, 0x0928, 0x0948, 0x0928, 0x0948, 0x0928, 0x0948, 0x0948, 0x1169, 0x1169, 0x0948,
  0x0948, 0x0948, 0x1168, 0x0948, 0x0948, 0x11AA, 0x0948, 0x1148, 0x0927, 0x0948, 0x0948, 0x0948,
  0x1189, 0x0927, 0x0948, 0x0948, 0x0928, 0x0948, 0x0927, 0x0906, 0x08C5, 0x00A4, 0x00A3, 0x0082,
  0x0082, 0x0082, 0x0082, 0x0021, 0x0021, 0x0042, 0x0061, 0x0061, 0x0062, 0x0061, 0x0061, 0x0062,
  0x0061, 0x0061, 0x0041, 0x0062, 0x0061, 0x0062, 0x0042, 0x0042, 0x0042, 0x0041, 0x0061, 0x0041,
  0x0041, 0x0041, 0x0041, 0x0042, 0x0041, 0x0041, 0x0041, 0x0041, 0x0041, 0x0041, 0x0041, 0x0041,
  0x0021, 0x0041, 0x0041, 0x0021, 0x0021, 0x0021, 0x0021, 0x0041, 0x0021, 0x0062, 0x0082, 0x0041,
  0x0062, 0x0082, 0x0062, 0x0000, 0x0021, 0x0021, 0x0021, 0x0021, 0x0021, 0x0021, 0x0021, 0x0021,
  0x0021, 0x0021, 0x0021, 0x0021, 0x0021, 0x0001, 0x0021, 0x0021, 0x0001, 0x0021, 0x0000, 0x0001,
  0x0001, 0x0021, 0x0001, 0x0001, 0x0000, 0x0020, 0x0020, 0x0001, 0x0001, 0x0000, 0x0020, 0x0000,
  0x0020, 0x0020, 0x0001, 0x0000, 0x0000, 0x0000, 0x0000, 0x0000, 0x0021, 0x0000, 0x0021, 0x0020,
  0x0000, 0x0001, 0x0021, 0x0021, 0x0001, 0x0021, 0x0021, 0x0021, 0x0001, 0x0021, 0x0021, 0x0021,
  0x0021, 0x0021, 0x0021, 0x0021, 0x0021, 0x0021, 0x0000, 0x0021, 0x0042, 0x0021, 0x0000, 0x0000,
  0x0062, 0x00C4, 0x0041, 0x0021, 0x0021, 0x0021, 0x0041, 0x0021, 0x0021, 0x0041, 0x0021, 0x0021,
  0x0000, 0x0000, 0x0021, 0x0042, 0x0041, 0x0021, 0x0041, 0x0041, 0x0041, 0x0041, 0x0041, 0x0042,
  0x0062, 0x0042, 0x0062, 0x0042, 0x0041, 0x0062, 0x0042, 0x0042, 0x0041, 0x0041, 0x0062, 0x0062,
  0x0062, 0x0041, 0x0041, 0x0062, 0x0062, 0x0062, 0x0082, 0x0062, 0x0062, 0x0062, 0x0083, 0x00A4,
  0x08E5, 0x1168, 0x1168, 0x0948, 0x0948, 0x0928, 0x0928, 0x0927, 0x0927, 0x0927, 0x0927, 0x0927,
  0x0948, 0x1189, 0x0927, 0x0928, 0x0927, 0x1148, 0x1148, 0x0927, 0x0927, 0x0948, 0x0927, 0x0948,
  0x1189, 0x0928, 0x0928, 0x0928, 0x0927, 0x0948, 0x0928, 0x0928, 0x0948, 0x0928, 0x0928, 0x0928,
  0x0948, 0x0928, 0x0948, 0x0948, 0x0928, 0x0948, 0x0948, 0x0948, 0x0948, 0x1189, 0x1168, 0x0928,
  0x0948, 0x0948, 0x1168, 0x0948, 0x0948, 0x11A9, 0x0968, 0x1168, 0x0927, 0x0928, 0x0928, 0x0948,
  0x1189, 0x0927, 0x1148, 0x0948, 0x0927, 0x0927, 0x0928, 0x0948, 0x0948, 0x0947, 0x0947, 0x0906,
  0x00A4, 0x00A3, 0x0062, 0x0021, 0x0021, 0x0042, 0x0062, 0x0062, 0x0062, 0x0062, 0x0062, 0x0062,
  0x0062, 0x0062, 0x0062, 0x0062, 0x0061, 0x0061, 0x0062, 0x0062, 0x0061, 0x0061, 0x0061, 0x0061,
  0x0061, 0x0061, 0x0041, 0x0042, 0x0041, 0x0041, 0x0041, 0x0041, 0x0041, 0x0041, 0x0041, 0x0041,
  0x0041, 0x0041, 0x0041, 0x0021, 0x0041, 0x0021, 0x0021, 0x0041, 0x0041, 0x0062, 0x0082, 0x0041,
  0x0062, 0x0082, 0x0062, 0x0000, 0x0021, 0x0021, 0x0021, 0x0021, 0x0021, 0x0021, 0x0021, 0x0021,
  0x0001, 0x0021, 0x0021, 0x0021, 0x0021, 0x0021, 0x0021, 0x0021, 0x0000, 0x0000, 0x0001, 0x0001,
  0x0021, 0x0021, 0x0001, 0x0000, 0x0000, 0x0001, 0x0000, 0x0001, 0x0000, 0x0000, 0x0000, 0x0000,
  0x0000, 0x0020, 0x0000, 0x0000, 0x0020, 0x0000, 0x0000, 0x0000, 0x0001, 0x0000, 0x0021, 0x0000,
  0x0001, 0x0001, 0x0001, 0x0000, 0x0000, 0x0021, 0x0021, 0x0021, 0x0021, 0x0021, 0x0021, 0x0021,
  0x0021, 0x0021, 0x0021, 0x0021, 0x0021, 0x0021, 0x0000, 0x0041, 0x0041, 0x0020, 0x0000, 0x0000,
  0x0083, 0x08C3, 0x0041, 0x0021, 0x0021, 0x0021, 0x0041, 0x0021, 0x0021, 0x0021, 0x0021, 0x0021,
  0x0000, 0x0000, 0x0021, 0x0042, 0x0041, 0x0021, 0x0041, 0x0041, 0x0041, 0x0041, 0x0042, 0x0062,
  0x0062, 0x0062, 0x0062, 0x0062, 0x0042, 0x0062, 0x0042, 0x0062, 0x0041, 0x0041, 0x0062, 0x0062,
  0x0062, 0x0041, 0x0042, 0x0062, 0x0082, 0x0062, 0x0062, 0x0083, 0x00A4, 0x1147, 0x1148, 0x0948,
  0x0928, 0x1189, 0x0948, 0x0927, 0x0927, 0x0928, 0x0928, 0x0927, 0x0928, 0x0927, 0x0927, 0x0927,
  0x1168, 0x1189, 0x0927, 0x0928, 0x0927, 0x0948, 0x0948, 0x0927, 0x0928, 0x0928, 0x0927, 0x0948,
  0x1168, 0x0927, 0x0927, 0x0928, 0x0928, 0x0928, 0x0928, 0x0928, 0x0928, 0x0948, 0x0928, 0x0928,
  0x0948, 0x0948, 0x0948, 0x0928, 0x0948, 0x0948, 0x0948, 0x0948, 0x0948, 0x19A9, 0x1168, 0x0948,
  0x0948, 0x0948, 0x1168, 0x0948, 0x0948, 0x1169, 0x1169, 0x1168, 0x0927, 0x0948, 0x0927, 0x1168,
  0x11A9, 0x0927, 0x1168, 0x0928, 0x0928, 0x0928, 0x0927, 0x0928, 0x0928, 0x0927, 0x1168, 0x1189,
  0x0928, 0x0927, 0x0906, 0x0083, 0x0041, 0x0041, 0x0041, 0x0062, 0x0062, 0x0042, 0x0062, 0x0062,
  0x0062, 0x0062, 0x0062, 0x0062, 0x0061, 0x0061, 0x0061, 0x0061, 0x0061, 0x0062, 0x0062, 0x0042,
  0x0061, 0x0061, 0x0041, 0x0041, 0x0061, 0x0061, 0x0061, 0x0061, 0x0041, 0x0061, 0x0041, 0x0041,
  0x0041, 0x0041, 0x0021, 0x0021, 0x0021, 0x0021, 0x0041, 0x0041, 0x0041, 0x0062, 0x0082, 0x0061,
  0x0062, 0x0083, 0x0042, 0x0000, 0x0021, 0x0021, 0x0021, 0x0021, 0x0021, 0x0021, 0x0021, 0x0021,
  0x0021, 0x0021, 0x0021, 0x0021, 0x0021, 0x0021, 0x0021, 0x0021, 0x0001, 0x0001, 0x0001, 0x0001,
  0x0021, 0x0020, 0x0001, 0x0001, 0x0000, 0x0000, 0x0000, 0x0000, 0x0000, 0x0000, 0x0020, 0x0020,
  0x0001, 0x0021, 0x0020, 0x0001, 0x0000, 0x0000, 0x0000, 0x0000, 0x0000, 0x0000, 0x0021, 0x0021,
  0x0000, 0x0021, 0x0001, 0x0021, 0x0021, 0x0021, 0x0021, 0x0021, 0x0021, 0x0021, 0x0021, 0x0021,
  0x0021, 0x0021, 0x0021, 0x0041, 0x0041, 0x0021, 0x0000, 0x0041, 0x0041, 0x0000, 0x0000, 0x0000,
  0x0083, 0x00C3, 0x0021, 0x0021, 0x0041, 0x0041, 0x0041, 0x0041, 0x0041, 0x0021, 0x0021, 0x0021,
  0x0000, 0x0000, 0x0021, 0x0042, 0x0042, 0x0021, 0x0041, 0x0041, 0x0041, 0x0042, 0x0042, 0x0042,
  0x0062, 0x0062, 0x0062, 0x0062, 0x0062, 0x0062, 0x0062, 0x0062, 0x0041, 0x0041, 0x0062, 0x0083,
  0x0062, 0x0041, 0x0062, 0x0062, 0x0083, 0x00A4, 0x08E6, 0x0927, 0x0968, 0x19CA, 0x1169, 0x0928,
  0x0927, 0x1189, 0x0948, 0x0927, 0x0948, 0x0948, 0x0948, 0x0927, 0x0928, 0x0928, 0x0928, 0x0927,
  0x1168, 0x1189, 0x0927, 0x0948, 0x0947, 0x0928, 0x0948, 0x0928, 0x0928, 0x0948, 0x0927, 0x1168,
  0x1168, 0x0928, 0x0927, 0x0927, 0x0928, 0x0928, 0x0928, 0x0928, 0x0928, 0x0928, 0x0928, 0x0948,
  0x0928, 0x0948, 0x1168, 0x0948, 0x0948, 0x0948, 0x0948, 0x0948, 0x0948, 0x19CA, 0x0968, 0x0948,
  0x0948, 0x0948, 0x1168, 0x0948, 0x0948, 0x0948, 0x1189, 0x1148, 0x0927, 0x0928, 0x0927, 0x1189,
  0x1189, 0x0927, 0x1169, 0x0928, 0x0928, 0x0928, 0x0928, 0x0928, 0x0928, 0x0927, 0x1168, 0x1168,
  0x0928, 0x0948, 0x19AA, 0x1168, 0x0907, 0x08C5, 0x0083, 0x0062, 0x0062, 0x0062, 0x0062, 0x0062,
  0x0062, 0x0062, 0x0062, 0x0062, 0x0062, 0x0061, 0x0062, 0x0062, 0x0062, 0x0062, 0x0062, 0x0042,
  0x0061, 0x0061, 0x0061, 0x0041, 0x0061, 0x0041, 0x0041, 0x0041, 0x0041, 0x0041, 0x0041, 0x0041,
  0x0041, 0x0041, 0x0041, 0x0041, 0x0021, 0x0041, 0x0021, 0x0021, 0x0021, 0x0062, 0x0082, 0x0062,
  0x0082, 0x0083, 0x0062, 0x0000, 0x0021, 0x0021, 0x0021, 0x0021, 0x0021, 0x0021, 0x0021, 0x0021,
  0x0021, 0x0021, 0x0021, 0x0021, 0x0021, 0x0021, 0x0021, 0x0021, 0x0021, 0x0021, 0x0020, 0x0001,
  0x0001, 0x0001, 0x0021, 0x0021, 0x0000, 0x0000, 0x0020, 0x0000, 0x0001, 0x0000, 0x0020, 0x0000,
  0x0001, 0x0001, 0x0021, 0x0021, 0x0020, 0x0000, 0x0000, 0x0020, 0x0021, 0x0001, 0x0021, 0x0020,
  0x0020, 0x0021, 0x0021, 0x0021, 0x0021, 0x0021, 0x0021, 0x0021, 0x0001, 0x0021, 0x0021, 0x0021,
  0x0021, 0x0021, 0x0021, 0x0041, 0x0041, 0x0021, 0x0000, 0x0041, 0x0042, 0x0000, 0x0000, 0x0000,
  0x0083, 0x00C3, 0x0041, 0x0041, 0x0041, 0x0041, 0x0041, 0x0041, 0x0041, 0x0041, 0x0041, 0x0021,
  0x0000, 0x0000, 0x0021, 0x0062, 0x0042, 0x0041, 0x0061, 0x0061, 0x0062, 0x0042, 0x0042, 0x0062,
  0x0062, 0x0062, 0x0062, 0x0062, 0x0062, 0x0062, 0x0082, 0x0082, 0x0062, 0x0042, 0x0062, 0x0083,
  0x0062, 0x0042, 0x0083, 0x08E5, 0x0927, 0x0948, 0x1148, 0x0948, 0x0948, 0x19AA, 0x0948, 0x0928,
  0x0927, 0x1189, 0x0948, 0x0948, 0x0948, 0x0948, 0x0948, 0x0927, 0x0928, 0x0928, 0x0928, 0x0928,
  0x1169, 0x1148, 0x0928, 0x0928, 0x0928, 0x0928, 0x0928, 0x0928, 0x0927, 0x0948, 0x0928, 0x1168,
  0x0948, 0x0928, 0x0928, 0x0928, 0x0928, 0x0928, 0x0928, 0x0928, 0x0948, 0x0928, 0x0928, 0x0948,
  0x0948, 0x1148, 0x1169, 0x0948, 0x0948, 0x0948, 0x0948, 0x0948, 0x0948, 0x19AA, 0x0948, 0x0948,
  0x0948, 0x0948, 0x1148, 0x0948, 0x0948, 0x0948, 0x1189, 0x0948, 0x0928, 0x0928, 0x0907, 0x19AA,
  0x1189, 0x0927, 0x1169, 0x0927, 0x0928, 0x0928, 0x0928, 0x0948, 0x0928, 0x0928, 0x1189, 0x1168,
  0x0927, 0x0948, 0x11A9, 0x1148, 0x0948, 0x0948, 0x0948, 0x0906, 0x00C4, 0x0083, 0x0062, 0x0062,
  0x0062, 0x0082, 0x0082, 0x0082, 0x0082, 0x0082, 0x0082, 0x0062, 0x0062, 0x0062, 0x0062, 0x0061,
  0x0062, 0x0061, 0x0061, 0x0061, 0x0061, 0x0042, 0x0042, 0x0042, 0x0042, 0x0042, 0x0041, 0x0041,
  0x0041, 0x0061, 0x0041, 0x0041, 0x0041, 0x0041, 0x0041, 0x0041, 0x0041, 0x0062, 0x0083, 0x0062,
  0x0082, 0x0083, 0x0062, 0x0001, 0x0021, 0x0021, 0x0021, 0x0021, 0x0021, 0x0021, 0x0021, 0x0021,
  0x0021, 0x0021, 0x0021, 0x0021, 0x0021, 0x0021, 0x0021, 0x0021, 0x0001, 0x0021, 0x0021, 0x0021,
  0x0020, 0x0000, 0x0000, 0x0001, 0x0000, 0x0021, 0x0021, 0x0001, 0x0021, 0x0020, 0x0020, 0x0000,
  0x0000, 0x0021, 0x0001, 0x0001, 0x0021, 0x0000, 0x0000, 0x0020, 0x0021, 0x0020, 0x0020, 0x0020,
  0x0001, 0x0021, 0x0021, 0x0001, 0x0021, 0x0021, 0x0021, 0x0021, 0x0021, 0x0021, 0x0021, 0x0021,
  0x0021, 0x0021, 0x0021, 0x0021, 0x0041, 0x0021, 0x0000, 0x0041, 0x0042, 0x0001, 0x0000, 0x0021,
  0x00A4, 0x00C3, 0x0041, 0x0021, 0x0041, 0x0021, 0x0041, 0x0041, 0x0021, 0x0041, 0x0041, 0x0041,
  0x0020, 0x0000, 0x0021, 0x0062, 0x0042, 0x0042, 0x0042, 0x0062, 0x0062, 0x0062, 0x0062, 0x0062,
  0x0062, 0x0062, 0x0062, 0x0062, 0x0062, 0x0062, 0x0062, 0x0062, 0x0062, 0x0042, 0x0062, 0x0083,
  0x00A4, 0x08E5, 0x0947, 0x1169, 0x0948, 0x0948, 0x0948, 0x0928, 0x1169, 0x19EB, 0x0928, 0x0928,
  0x0948, 0x1189, 0x0927, 0x0948, 0x0948, 0x1168, 0x0948, 0x0928, 0x0928, 0x0928, 0x0928, 0x0948,
  0x0948, 0x0928, 0x0948, 0x0928, 0x0928, 0x0948, 0x0948, 0x0928, 0x0928, 0x0948, 0x0928, 0x0948,
  0x0927, 0x0927, 0x0928, 0x0928, 0x0927, 0x0928, 0x0928, 0x0928, 0x0948, 0x0948, 0x0928, 0x0948,
  0x0948, 0x1148, 0x1107, 0x1128, 0x1148, 0x0928, 0x0948, 0x0948, 0x1148, 0x19AA, 0x0928, 0x0948,
  0x0948, 0x0948, 0x0948, 0x0948, 0x0948, 0x0948, 0x1189, 0x0948, 0x0928, 0x0928, 0x0927, 0x19AA,
  0x0948, 0x0928, 0x1168, 0x0927, 0x0928, 0x0928, 0x0927, 0x0928, 0x0928, 0x0927, 0x1189, 0x0948,
  0x0928, 0x0948, 0x11A9, 0x0948, 0x0948, 0x0948, 0x0948, 0x0948, 0x1148, 0x1148, 0x08E5, 0x0083,
  0x0062, 0x0062, 0x0083, 0x0082, 0x0083, 0x0083, 0x0062, 0x0062, 0x0062, 0x0062, 0x0062, 0x0062,
  0x0062, 0x0062, 0x0062, 0x0062, 0x0062, 0x0062, 0x0042, 0x0042, 0x0042, 0x0042, 0x0062, 0x0042,
  0x0041, 0x0061, 0x0041, 0x0041, 0x0041, 0x0041, 0x0041, 0x0041, 0x0041, 0x0062, 0x0083, 0x0882,
  0x0082, 0x0082, 0x0042, 0x0000, 0x0021, 0x0021, 0x0021, 0x0021, 0x0021, 0x0021, 0x0021, 0x0021,
  0x0021, 0x0021, 0x0021, 0x0021, 0x0021, 0x0021, 0x0001, 0x0001, 0x0001, 0x0000, 0x0001, 0x0001,
  0x0000, 0x0000, 0x0000, 0x0001, 0x0001, 0x0021, 0x0000, 0x0001, 0x0020, 0x0000, 0x0000, 0x0000,
  0x0000, 0x0021, 0x0021, 0x0021, 0x0021, 0x0000, 0x0000, 0x0020, 0x0020, 0x0000, 0x0020, 0x0021,
  0x0021, 0x0001, 0x0021, 0x0021, 0x0021, 0x0021, 0x0021, 0x0021, 0x0021, 0x0021, 0x0021, 0x0021,
  0x0041, 0x0021, 0x0021, 0x0021, 0x0041, 0x0021, 0x0000, 0x0042, 0x0041, 0x0021, 0x0000, 0x0021,
  0x00A4, 0x00A3, 0x0021, 0x0021, 0x0041, 0x0041, 0x0041, 0x0041, 0x0041, 0x0042, 0x0041, 0x0041,
  0x0020, 0x0000, 0x0021, 0x0062, 0x0062, 0x0042, 0x0062, 0x0062, 0x0062, 0x0062, 0x0062, 0x0062,
  0x0062, 0x0062, 0x0062, 0x0062, 0x0062, 0x0082, 0x0083, 0x0082, 0x0062, 0x0062, 0x08C5, 0x0927,
  0x0948, 0x0948, 0x0948, 0x0948, 0x0948, 0x0948, 0x0948, 0x0928, 0x1189, 0x19EB, 0x0927, 0x0948,
  0x0948, 0x1168, 0x0927, 0x0948, 0x0948, 0x1169, 0x0948, 0x0927, 0x0928, 0x0928, 0x0928, 0x0948,
  0x0928, 0x0928, 0x0928, 0x0928, 0x0928, 0x0928, 0x0948, 0x0948, 0x0948, 0x0928, 0x0928, 0x0948,
  0x0928, 0x0928, 0x0948, 0x0928, 0x0928, 0x0927, 0x0928, 0x0928, 0x0928, 0x0948, 0x0948, 0x0948,
  0x1148, 0x2928, 0x69EA, 0x3148, 0x1128, 0x0928, 0x0928, 0x0928, 0x1168, 0x19CA, 0x0928, 0x0928,
  0x0948, 0x0948, 0x0948, 0x0948, 0x1148, 0x1169, 0x1169, 0x0928, 0x0928, 0x0927, 0x0927, 0x19AA,
  0x0948, 0x0927, 0x0948, 0x0927, 0x0928, 0x0928, 0x0928, 0x0948, 0x0928, 0x0928, 0x1189, 0x0948,
  0x0928, 0x0948, 0x11A9, 0x0948, 0x0948, 0x0948, 0x0948, 0x0948, 0x0948, 0x1149, 0x1169, 0x0907,
  0x0906, 0x00C4, 0x0083, 0x0082, 0x0083, 0x0083, 0x0062, 0x0082, 0x0063, 0x0062, 0x0082, 0x0062,
  0x0062, 0x0062, 0x0062, 0x0062, 0x0062, 0x0062, 0x0062, 0x0062, 0x0062, 0x0062, 0x0062, 0x0062,
  0x0042, 0x0061, 0x0041, 0x0061, 0x0041, 0x0041, 0x0041, 0x0041, 0x0041, 0x0062, 0x08A3, 0x08C3,
  0x08A3, 0x0083, 0x0062, 0x0021, 0x0021, 0x0021, 0x0021, 0x0021, 0x0021, 0x0021, 0x0021, 0x0021,
  0x0021, 0x0021, 0x0021, 0x0021, 0x0021, 0x0021, 0x0021, 0x0001, 0x0021, 0x0001, 0x0001, 0x0001,
  0x0001, 0x0000, 0x0001, 0x0001, 0x0001, 0x0001, 0x0001, 0x0001, 0x0001, 0x0001, 0x0001, 0x0000,
  0x0000, 0x0021, 0x0020, 0x0000, 0x0020, 0x0000, 0x0000, 0x0021, 0x0021, 0x0000, 0x0021, 0x0021,
  0x0021, 0x0021, 0x0021, 0x0021, 0x0021, 0x0021, 0x0021, 0x0021, 0x0021, 0x0021, 0x0021, 0x0041,
  0x0041, 0x0021, 0x0021, 0x0021, 0x0041, 0x0021, 0x0001, 0x0062, 0x0042, 0x0021, 0x0000, 0x0021,
  0x00C4, 0x00A3, 0x0021, 0x0041, 0x0041, 0x0042, 0x0041, 0x0041, 0x0061, 0x0042, 0x0042, 0x0041,
  0x0021, 0x0000, 0x0021, 0x0062, 0x0062, 0x0042, 0x0062, 0x0062, 0x0062, 0x0062, 0x0062, 0x0062,
  0x0082, 0x0082, 0x0082, 0x0062, 0x0082, 0x0083, 0x0062, 0x0083, 0x00C5, 0x0927, 0x1189, 0x0969,
  0x0928, 0x0928, 0x0948, 0x1168, 0x1168, 0x0948, 0x0948, 0x0928, 0x19AA, 0x19CA, 0x0928, 0x0948,
  0x0948, 0x1168, 0x0927, 0x1148, 0x0948, 0x1189, 0x0928, 0x0928, 0x0928, 0x0928, 0x0928, 0x0928,
  0x0928, 0x0948, 0x0928, 0x0928, 0x0928, 0x0928, 0x0928, 0x0928, 0x0928, 0x0948, 0x0928, 0x0928,
  0x0928, 0x0928, 0x0928, 0x0948, 0x0928, 0x0928, 0x0928, 0x0928, 0x0928, 0x0948, 0x0948, 0x0948,
  0x1148, 0x2928, 0x8A6C, 0x4148, 0x1128, 0x1128, 0x0948, 0x0927, 0x1169, 0x11A9, 0x0928, 0x0948,
  0x0948, 0x0948, 0x0948, 0x0948, 0x1168, 0x1168, 0x0948, 0x0927, 0x0928, 0x0927, 0x0948, 0x19CA,
  0x0928, 0x0928, 0x0928, 0x0928, 0x0948, 0x0948, 0x0928, 0x0928, 0x0928, 0x0948, 0x1189, 0x0927,
  0x0948, 0x0948, 0x19A9, 0x0948, 0x0948, 0x0948, 0x0948, 0x1148, 0x1168, 0x1168, 0x1168, 0x08E6,
  0x1168, 0x1189, 0x0906, 0x00A3, 0x00A3, 0x0083, 0x0083, 0x0082, 0x0082, 0x0082, 0x0082, 0x0082,
  0x0082, 0x0062, 0x0062, 0x0062, 0x0062, 0x0062, 0x0062, 0x0062, 0x0062, 0x0062, 0x0062, 0x0062,
  0x0042, 0x0042, 0x0062, 0x0062, 0x0042, 0x0042, 0x0061, 0x0061, 0x0041, 0x0062, 0x08A3, 0x08E4,
  0x08E4, 0x00A3, 0x0062, 0x0021, 0x0041, 0x0061, 0x0042, 0x0041, 0x0041, 0x0041, 0x0041, 0x0041,
  0x0041, 0x0041, 0x0041, 0x0041, 0x0041, 0x0041, 0x0041, 0x0041, 0x0021, 0x0021, 0x0041, 0x0041,
  0x0041, 0x0021, 0x0021, 0x0021, 0x0021, 0x0021, 0x0021, 0x0021, 0x0021, 0x0021, 0x0021, 0x0021,
  0x0000, 0x0020, 0x0000, 0x0001, 0x0021, 0x0000, 0x0000, 0x0021, 0x0021, 0x0000, 0x0021, 0x0021,
  0x0001, 0x0021, 0x0021, 0x0021, 0x0021, 0x0021, 0x0021, 0x0021, 0x0021, 0x0021, 0x0021, 0x0021,
  0x0041, 0x0021, 0x0021, 0x0041, 0x0041, 0x0021, 0x0001, 0x0062, 0x0062, 0x0021, 0x0021, 0x0042,
  0x00C4, 0x0083, 0x0041, 0x0041, 0x0041, 0x0062, 0x0042, 0x0041, 0x0041, 0x0062, 0x0062, 0x0042,
  0x0021, 0x0000, 0x0021, 0x0062, 0x0062, 0x0062, 0x0062, 0x0062, 0x0082, 0x0062, 0x0062, 0x0062,
  0x0082, 0x0082, 0x0082, 0x0082, 0x0082, 0x0083, 0x00E5, 0x0927, 0x0948, 0x0948, 0x1189, 0x0948,
  0x0948, 0x0948, 0x1168, 0x1189, 0x1169, 0x0948, 0x0948, 0x0928, 0x19CA, 0x11A9, 0x0928, 0x0948,
  0x0948, 0x0948, 0x0928, 0x0948, 0x1169, 0x1189, 0x0928, 0x0928, 0x0928, 0x0928, 0x0928, 0x0928,
  0x0928, 0x0928, 0x0928, 0x0928, 0x0948, 0x0928, 0x0928, 0x0948, 0x0928, 0x0948, 0x0928, 0x0948,
  0x0928, 0x0948, 0x0948, 0x0928, 0x0928, 0x0928, 0x0948, 0x0948, 0x0928, 0x0948, 0x0928, 0x0928,
  0x1148, 0x1948, 0x10C5, 0x1107, 0x1128, 0x0928, 0x0948, 0x0928, 0x1189, 0x1169, 0x0928, 0x0948,
  0x0948, 0x0928, 0x0948, 0x0948, 0x1169, 0x1169, 0x0927, 0x0928, 0x0928, 0x0928, 0x1148, 0x19CA,
  0x0927, 0x0928, 0x0948, 0x0928, 0x0948, 0x0928, 0x0948, 0x0948, 0x0948, 0x0948, 0x1168, 0x0948,
  0x0948, 0x1168, 0x19AA, 0x0948, 0x0948, 0x1148, 0x0948, 0x1148, 0x1168, 0x1168, 0x1169, 0x00C5,
  0x08C6, 0x0907, 0x08C6, 0x00A4, 0x00A4, 0x0083, 0x0082, 0x0082, 0x0082, 0x0082, 0x0082, 0x0082,
  0x0082, 0x0062, 0x0082, 0x0062, 0x0082, 0x0062, 0x0062, 0x0062, 0x0062, 0x0062, 0x0062, 0x0062,
  0x0062, 0x0062, 0x0062, 0x0062, 0x0042, 0x0042, 0x0061, 0x0061, 0x0041, 0x0061, 0x08A2, 0x08C3,
  0x08A3, 0x0082, 0x0062, 0x0041, 0x0061, 0x0062, 0x0082, 0x0062, 0x0062, 0x0062, 0x0062, 0x0062,
  0x0062, 0x0062, 0x0062, 0x0061, 0x0041, 0x0041, 0x0041, 0x0041, 0x0041, 0x0041, 0x0041, 0x0041,
  0x0041, 0x0041, 0x0041, 0x0041, 0x0041, 0x0041, 0x0041, 0x0041, 0x0041, 0x0021, 0x0021, 0x0021,
  0x0000, 0x0020, 0x0021, 0x0021, 0x0020, 0x0000, 0x0000, 0x0021, 0x0021, 0x0001, 0x0021, 0x0021,
  0x0021, 0x0021, 0x0021, 0x0021, 0x0021, 0x0021, 0x0021, 0x0041, 0x0021, 0x0021, 0x0041, 0x0041,
  0x0041, 0x0021, 0x0021, 0x0041, 0x0041, 0x0021, 0x0021, 0x0062, 0x0062, 0x0021, 0x0001, 0x0042,
  0x08C4, 0x0082, 0x0041, 0x0042, 0x0042, 0x0062, 0x0041, 0x0041, 0x0061, 0x0061, 0x0062, 0x0041,
  0x0021, 0x0000, 0x0021, 0x0062, 0x0063, 0x0062, 0x0062, 0x0062, 0x0082, 0x0062, 0x0062, 0x0082,
  0x0082, 0x0082, 0x0082, 0x0083, 0x08C5, 0x0927, 0x0968, 0x0948, 0x0947, 0x0948, 0x1189, 0x0948,
  0x0948, 0x0948, 0x1168, 0x1189, 0x0968, 0x0928, 0x0948, 0x0928, 0x21EB, 0x11A9, 0x0928, 0x0928,
  0x0948, 0x0948, 0x0948, 0x0948, 0x1169, 0x1189, 0x0928, 0x0928, 0x0928, 0x0948, 0x0928, 0x0928,
  0x0928, 0x0927, 0x0928, 0x0928, 0x0928, 0x0948, 0x0948, 0x0948, 0x0928, 0x0928, 0x0948, 0x0948,
  0x0948, 0x0948, 0x0928, 0x0928, 0x0928, 0x0948, 0x0928, 0x0928, 0x0928, 0x0928, 0x0948, 0x0928,
  0x0948, 0x1148, 0x0906, 0x0927, 0x0948, 0x0928, 0x0928, 0x0928, 0x1169, 0x1168, 0x0948, 0x0948,
  0x0928, 0x0928, 0x0948, 0x0928, 0x1189, 0x1168, 0x0927, 0x0928, 0x0928, 0x0928, 0x1169, 0x19CA,
  0x0927, 0x0948, 0x0928, 0x0927, 0x0948, 0x0928, 0x0927, 0x0948, 0x0928, 0x0928, 0x0948, 0x0948,
  0x0948, 0x1169, 0x19AA, 0x0948, 0x1168, 0x1168, 0x1168, 0x1168, 0x1168, 0x1189, 0x1149, 0x08A8,
  0x00A6, 0x08A5, 0x10E9, 0x192D, 0x192C, 0x190B, 0x110B, 0x10C8, 0x0064, 0x0062, 0x0082, 0x0082,
  0x0083, 0x0062, 0x0082, 0x0062, 0x0062, 0x0062, 0x0062, 0x0062, 0x0062, 0x0062, 0x0062, 0x0062,
  0x0062, 0x0062, 0x0062, 0x0062, 0x0062, 0x0062, 0x0061, 0x0062, 0x0042, 0x0041, 0x0061, 0x0062,
  0x0061, 0x0041, 0x0041, 0x0021, 0x0041, 0x0061, 0x0061, 0x0041, 0x0041, 0x0041, 0x0041, 0x0041,
  0x0041, 0x0041, 0x0041, 0x0041, 0x0041, 0x0041, 0x0041, 0x0021, 0x0021, 0x0021, 0x0021, 0x0021,
  0x0021, 0x0021, 0x0021, 0x0021, 0x0021, 0x0021, 0x0021, 0x0021, 0x0021, 0x0021, 0x0020, 0x0020,
  0x0020, 0x0021, 0x0000, 0x0020, 0x0021, 0x0000, 0x0000, 0x0021, 0x0021, 0x0021, 0x0021, 0x0021,
  0x0021, 0x0021, 0x0021, 0x0021, 0x0021, 0x0021, 0x0021, 0x0041, 0x0021, 0x0041, 0x0041, 0x0041,
  0x0041, 0x0041, 0x0021, 0x0041, 0x0041, 0x0021, 0x0021, 0x0083, 0x0062, 0x0021, 0x0021, 0x0062,
  0x08C4, 0x0062, 0x0041, 0x0042, 0x0042, 0x0062, 0x0061, 0x0061, 0x0061, 0x0062, 0x0062, 0x0061,
  0x0021, 0x0020, 0x0001, 0x0062, 0x0083, 0x0062, 0x0082, 0x0062, 0x0082, 0x0082, 0x0082, 0x0082,
  0x0082, 0x0083, 0x08E5, 0x0927, 0x1169, 0x0949, 0x0948, 0x0948, 0x0948, 0x1168, 0x1169, 0x0948,
  0x0948, 0x0948, 0x1169, 0x11A9, 0x0948, 0x0948, 0x0948, 0x0948, 0x220B, 0x1189, 0x0948, 0x0948,
  0x0948, 0x0948, 0x0948, 0x0948, 0x1189, 0x1168, 0x0948, 0x0948, 0x0948, 0x0948, 0x0948, 0x0948,
  0x0948, 0x0948, 0x0928, 0x0948, 0x0928, 0x0948, 0x0928, 0x0948, 0x0928, 0x0928, 0x0948, 0x0928,
  0x0928, 0x0928, 0x0948, 0x0948, 0x0948, 0x0948, 0x0928, 0x0928, 0x0928, 0x0948, 0x0928, 0x0928,
  0x0948, 0x1148, 0x00E6, 0x0927, 0x0948, 0x0948, 0x0948, 0x0948, 0x1169, 0x0948, 0x0948, 0x0948,
  0x0928, 0x0928, 0x0928, 0x0928, 0x11A9, 0x0968, 0x0927, 0x0928, 0x0928, 0x0927, 0x1189, 0x11A9,
  0x0927, 0x0948, 0x0928, 0x0928, 0x0928, 0x0948, 0x0928, 0x0948, 0x0928, 0x0948, 0x0948, 0x0948,
  0x0948, 0x1168, 0x11A9, 0x0948, 0x1169, 0x1168, 0x08E5, 0x1148, 0x1189, 0x1169, 0x314D, 0x59D1,
  0x0086, 0x08C6, 0x41ED, 0x62D3, 0x62B2, 0x6292, 0x6293, 0x6A93, 0x5A0E, 0x18C5, 0x0083, 0x0082,
  0x0083, 0x0083, 0x0082, 0x0082, 0x0082, 0x0082, 0x0062, 0x0082, 0x0062, 0x0062, 0x0062, 0x0062,
  0x0062, 0x0062, 0x0062, 0x0062, 0x0062, 0x0042, 0x0062, 0x0062, 0x0042, 0x0041, 0x0021, 0x0021,
  0x0020, 0x0000, 0x0000, 0x0000, 0x0020, 0x0020, 0x0020, 0x0020, 0x0020, 0x0020, 0x0020, 0x0000,
  0x0020, 0x0020, 0x0020, 0x0000, 0x0000, 0x0000, 0x0000, 0x0000, 0x0000, 0x0000, 0x0000, 0x0000,
  0x0000, 0x0000, 0x0000, 0x0000, 0x0000, 0x0000, 0x0000, 0x0000, 0x0000, 0x0000, 0x0000, 0x0000,
  0x0021, 0x0021, 0x0001, 0x0021, 0x0021, 0x0000, 0x0000, 0x0021, 0x0021, 0x0021, 0x0021, 0x0021,
  0x0021, 0x0021, 0x0021, 0x0021, 0x0021, 0x0021, 0x0021, 0x0021, 0x0041, 0x0041, 0x0041, 0x0041,
  0x0041, 0x0041, 0x0041, 0x0041, 0x0041, 0x0021, 0x0021, 0x0082, 0x0042, 0x0021, 0x0021, 0x0083,
  0x08C4, 0x0061, 0x0041, 0x0042, 0x0062, 0x0061, 0x0061, 0x0061, 0x0062, 0x0062, 0x0062, 0x0062,
  0x0021, 0x0001, 0x0001, 0x0063, 0x0083, 0x0062, 0x0082, 0x0082, 0x0082, 0x0082, 0x0082, 0x0083,
  0x0083, 0x0926, 0x1168, 0x0927, 0x0927, 0x0927, 0x1148, 0x0948, 0x0948, 0x1169, 0x1169, 0x0948,
  0x0948, 0x0948, 0x1189, 0x11A9, 0x0948, 0x1148, 0x1148, 0x0948, 0x222C, 0x1169, 0x0948, 0x0948,
  0x0948, 0x0948, 0x0948, 0x0948, 0x1189, 0x1169, 0x1148, 0x0948, 0x0948, 0x0948, 0x0948, 0x0948,
  0x0948, 0x0928, 0x0948, 0x0948, 0x0948, 0x0948, 0x0928, 0x0948, 0x0948, 0x0948, 0x0948, 0x0948,
  0x0948, 0x0928, 0x0948, 0x0948, 0x0948, 0x0948, 0x0928, 0x0948, 0x0948, 0x0948, 0x0928, 0x0928,
  0x0948, 0x1148, 0x00E6, 0x0927, 0x0948, 0x0948, 0x0948, 0x0948, 0x1189, 0x0948, 0x1169, 0x0948,
  0x0928, 0x0928, 0x0948, 0x0928, 0x1189, 0x0948, 0x0928, 0x0948, 0x0948, 0x0927, 0x19A9, 0x11A9,
  0x0927, 0x0948, 0x0948, 0x0928, 0x0948, 0x0948, 0x0928, 0x0948, 0x0948, 0x0948, 0x0948, 0x0948,
  0x0948, 0x1169, 0x1189, 0x1148, 0x1169, 0x1189, 0x08E5, 0x1148, 0x19AA, 0x1109, 0x8255, 0x8255,
  0x0066, 0x08C6, 0x10A4, 0x18C5, 0x18C5, 0x18C5, 0x20C5, 0x20E6, 0x2907, 0x2107, 0x10C5, 0x0083,
  0x0082, 0x0082, 0x0082, 0x0082, 0x0082, 0x0082, 0x0082, 0x0082, 0x0082, 0x0062, 0x0062, 0x0062,
  0x0062, 0x0062, 0x0061, 0x0061, 0x0061, 0x0041, 0x0061, 0x0061, 0x0062, 0x0041, 0x0021, 0x0021,
  0x0000, 0x0000, 0x0000, 0x0000, 0x0000, 0x0000, 0x0020, 0x0020, 0x0020, 0x0020, 0x0020, 0x0020,
  0x0000, 0x0000, 0x0020, 0x0000, 0x0000, 0x0000, 0x0000, 0x0000, 0x0000, 0x0000, 0x0000, 0x0000,
  0x0000, 0x0000, 0x0000, 0x0000, 0x0000, 0x0000, 0x0000, 0x0000, 0x0000, 0x0000, 0x0000, 0x0000,
  0x0021, 0x0021, 0x0021, 0x0001, 0x0021, 0x0000, 0x0000, 0x0021, 0x0021, 0x0001, 0x0021, 0x0021,
  0x0021, 0x0021, 0x0021, 0x0021, 0x0021, 0x0021, 0x0021, 0x0041, 0x0041, 0x0041, 0x0041, 0x0041,
  0x0041, 0x0041, 0x0041, 0x0041, 0x0041, 0x0021, 0x0021, 0x0083, 0x0042, 0x0020, 0x0021, 0x00A3,
  0x08C4, 0x0041, 0x0041, 0x0062, 0x0062, 0x0062, 0x0062, 0x0062, 0x0062, 0x0062, 0x0062, 0x0061,
  0x0021, 0x0001, 0x0021, 0x0083, 0x0083, 0x0062, 0x0082, 0x0082, 0x0082, 0x0082, 0x0083, 0x00C4,
  0x00C5, 0x00C5, 0x00A4, 0x0083, 0x0083, 0x0083, 0x00E5, 0x1148, 0x0948, 0x1189, 0x1169, 0x0948,
  0x0948, 0x0948, 0x1169, 0x11AA, 0x0948, 0x0948, 0x0948, 0x1169, 0x222C, 0x1168, 0x1168, 0x0948,
  0x0948, 0x0948, 0x0948, 0x0948, 0x1189, 0x1169, 0x1168, 0x0928, 0x0948, 0x0948, 0x0948, 0x1169,
  0x0948, 0x0948, 0x0948, 0x0948, 0x0948, 0x0948, 0x0928, 0x0968, 0x0948, 0x0948, 0x0948, 0x0948,
  0x0948, 0x0928, 0x0948, 0x0948, 0x0948, 0x0948, 0x0948, 0x0948, 0x0948, 0x0928, 0x0948, 0x0948,
  0x0948, 0x0948, 0x00E6, 0x0928, 0x0948, 0x0928, 0x0948, 0x0948, 0x0948, 0x0948, 0x1169, 0x0928,
  0x0928, 0x0928, 0x0928, 0x0928, 0x11AA, 0x0928, 0x0928, 0x0948, 0x0928, 0x0927, 0x19CA, 0x1189,
  0x0927, 0x0948, 0x0948, 0x0948, 0x0948, 0x0948, 0x0948, 0x0948, 0x0948, 0x0948, 0x0948, 0x0948,
  0x0948, 0x1189, 0x1189, 0x1168, 0x1169, 0x1989, 0x0906, 0x1168, 0x19AA, 0x312C, 0xB31A, 0x71D3,
  0x0886, 0x08A5, 0x0884, 0x08C6, 0x08A5, 0x08A5, 0x08A5, 0x08A4, 0x0884, 0x08A5, 0x08A5, 0x08C5,
  0x08A4, 0x0083, 0x0082, 0x0083, 0x0082, 0x0082, 0x0062, 0x0062, 0x0082, 0x0062, 0x0062, 0x0062,
  0x0062, 0x0062, 0x0061, 0x0061, 0x0041, 0x0061, 0x0061, 0x0061, 0x0061, 0x0061, 0x0061, 0x0041,
  0x0021, 0x0021, 0x0021, 0x0021, 0x0021, 0x0041, 0x0041, 0x0041, 0x0021, 0x0041, 0x0041, 0x0041,
  0x0041, 0x0021, 0x0041, 0x0021, 0x0021, 0x0021, 0x0021, 0x0021, 0x0021, 0x0021, 0x0021, 0x0021,
  0x0021, 0x0021, 0x0021, 0x0021, 0x0021, 0x0001, 0x0001, 0x0001, 0x0021, 0x0021, 0x0021, 0x0000,
  0x0021, 0x0021, 0x0021, 0x0021, 0x0020, 0x0000, 0x0001, 0x0041, 0x0021, 0x0001, 0x0021, 0x0021,
  0x0021, 0x0021, 0x0021, 0x0021, 0x0021, 0x0041, 0x0041, 0x0021, 0x0021, 0x0041, 0x0041, 0x0041,
  0x0041, 0x0041, 0x0021, 0x0041, 0x0041, 0x0021, 0x0021, 0x0083, 0x0061, 0x0020, 0x0021, 0x00A4,
  0x08E4, 0x0041, 0x0041, 0x0062, 0x0062, 0x0062, 0x0062, 0x0042, 0x0062, 0x0062, 0x0062, 0x0062,
  0x0041, 0x0020, 0x0020, 0x0083, 0x00A3, 0x0082, 0x0083, 0x0082, 0x0083, 0x00A4, 0x00C5, 0x00E6,
  0x00A5, 0x00C5, 0x0084, 0x0084, 0x0084, 0x0084, 0x0083, 0x00C6, 0x0948, 0x1189, 0x0968, 0x0948,
  0x0948, 0x0948, 0x1189, 0x1189, 0x0948, 0x0948, 0x1148, 0x1169, 0x222B, 0x0968, 0x1169, 0x0948,
  0x0948, 0x0948, 0x0948, 0x0968, 0x1169, 0x1169, 0x1169, 0x0948, 0x0948, 0x0948, 0x0948, 0x11A9,
  0x0968, 0x0928, 0x0948, 0x0948, 0x0948, 0x0948, 0x0948, 0x1169, 0x0948, 0x0948, 0x0948, 0x0969,
  0x0948, 0x0948, 0x0948, 0x0948, 0x0948, 0x0948, 0x0948, 0x0948, 0x0948, 0x0948, 0x0948, 0x0948,
  0x0948, 0x0948, 0x00E6, 0x0927, 0x1168, 0x0948, 0x0948, 0x0948, 0x0948, 0x0948, 0x0948, 0x0928,
  0x0928, 0x0928, 0x0928, 0x0948, 0x1189, 0x0928, 0x0948, 0x0948, 0x0948, 0x0948, 0x1189, 0x1148,
  0x0928, 0x0948, 0x0948, 0x0948, 0x0948, 0x0948, 0x0948, 0x0948, 0x0948, 0x0948, 0x1148, 0x0948,
  0x0948, 0x1189, 0x1189, 0x1168, 0x1169, 0x19AA, 0x1147, 0x1969, 0x214B, 0x7233, 0x8A78, 0x61D4,
  0x0887, 0x08A5, 0x0884, 0x10C5, 0x08A6, 0x10A6, 0x10A5, 0x10A5, 0x10A5, 0x10A5, 0x10A5, 0x10A5,
  0x10A6, 0x10C6, 0x0864, 0x0043, 0x0082, 0x0883, 0x0082, 0x0082, 0x0082, 0x0082, 0x0062, 0x0062,
  0x0062, 0x0062, 0x0062, 0x0061, 0x0061, 0x0061, 0x0061, 0x0061, 0x0041, 0x0061, 0x0061, 0x0041,
  0x0061, 0x0061, 0x0061, 0x0042, 0x0041, 0x0061, 0x0061, 0x0041, 0x0041, 0x0041, 0x0041, 0x0041,
  0x0041, 0x0041, 0x0041, 0x0041, 0x0041, 0x0041, 0x0041, 0x0041, 0x0041, 0x0041, 0x0041, 0x0021,
  0x0021, 0x0021, 0x0021, 0x0021, 0x0021, 0x0021, 0x0021, 0x0021, 0x0021, 0x0021, 0x0021, 0x0021,
  0x0021, 0x0021, 0x0021, 0x0021, 0x0020, 0x0000, 0x0001, 0x0041, 0x0021, 0x0021, 0x0021, 0x0021,
  0x0021, 0x0021, 0x0021, 0x0021, 0x0021, 0x0041, 0x0041, 0x0041, 0x0041, 0x0041, 0x0041, 0x0041,
  0x0041, 0x0041, 0x0021, 0x0041, 0x0041, 0x0021, 0x0021, 0x0083, 0x0041, 0x0020, 0x0021, 0x00C4,
  0x08C4, 0x0041, 0x0041, 0x0062, 0x0062, 0x0062, 0x0062, 0x0062, 0x0062, 0x0062, 0x0062, 0x0062,
  0x0041, 0x0021, 0x0021, 0x0083, 0x00A3, 0x0062, 0x0062, 0x00A4, 0x0106, 0x00E6, 0x00C5, 0x08E6,
  0x00A4, 0x00A4, 0x0084, 0x0084, 0x0084, 0x0084, 0x0084, 0x0084, 0x0927, 0x11A9, 0x0968, 0x0948,
  0x0948, 0x0948, 0x11AA, 0x1189, 0x0948, 0x0948, 0x0968, 0x1189, 0x222B, 0x0948, 0x1169, 0x0948,
  0x0948, 0x0948, 0x0948, 0x1189, 0x0968, 0x1189, 0x1169, 0x0928, 0x0948, 0x0948, 0x0948, 0x19CA,
  0x0948, 0x0948, 0x0948, 0x0948, 0x1169, 0x0948, 0x0948, 0x1169, 0x0948, 0x0948, 0x0948, 0x1189,
  0x0948, 0x0948, 0x0948, 0x0948, 0x0948, 0x0948, 0x0948, 0x0948, 0x0948, 0x0948, 0x0948, 0x0948,
  0x0948, 0x0948, 0x00E6, 0x0928, 0x1189, 0x0948, 0x0948, 0x0948, 0x0948, 0x0948, 0x0948, 0x0948,
  0x0948, 0x0948, 0x0928, 0x1148, 0x1189, 0x0928, 0x0928, 0x0948, 0x0948, 0x0948, 0x19AA, 0x0948,
  0x0948, 0x0948, 0x0948, 0x0948, 0x0948, 0x1169, 0x0968, 0x0948, 0x1148, 0x1169, 0x1148, 0x0968,
  0x1168, 0x1189, 0x1189, 0x1169, 0x1189, 0x19CA, 0x1968, 0x1949, 0x49AE, 0x9AD8, 0x59F6, 0x6A35,
  0x1087, 0x08A6, 0x0884, 0x10E6, 0x20C8, 0x28CA, 0x18A8, 0x10A6, 0x10A5, 0x10A6, 0x18A6, 0x20A7,
  0x38EA, 0x2889, 0x592E, 0x596E, 0x1865, 0x0042, 0x0082, 0x0082, 0x0082, 0x0082, 0x0062, 0x0062,
  0x0062, 0x0062, 0x0062, 0x0062, 0x0061, 0x0061, 0x0061, 0x0061, 0x0061, 0x0061, 0x0061, 0x0061,
  0x0061, 0x0061, 0x0061, 0x0041, 0x0041, 0x0041, 0x0061, 0x0041, 0x0041, 0x0041, 0x0041, 0x0041,
  0x0041, 0x0041, 0x0041, 0x0041, 0x0041, 0x0041, 0x0041, 0x0041, 0x0041, 0x0041, 0x0041, 0x0021,
  0x0021, 0x0021, 0x0021, 0x0021, 0x0021, 0x0021, 0x0021, 0x0021, 0x0021, 0x0021, 0x0021, 0x0021,
  0x0001, 0x0021, 0x0020, 0x0021, 0x0021, 0x0000, 0x0000, 0x0042, 0x0021, 0x0021, 0x0021, 0x0021,
  0x0021, 0x0021, 0x0041, 0x0041, 0x0021, 0x0041, 0x0041, 0x0021, 0x0041, 0x0041, 0x0041, 0x0041,
  0x0041, 0x0041, 0x0021, 0x0041, 0x0041, 0x0021, 0x0042, 0x0083, 0x0041, 0x0000, 0x0021, 0x08E5,
  0x08C4, 0x0041, 0x0062, 0x0062, 0x0062, 0x0062, 0x0062, 0x0062, 0x0062, 0x0082, 0x0062, 0x0062,
  0x0041, 0x0021, 0x0021, 0x00A3, 0x0083, 0x00C3, 0x1187, 0x0148, 0x0148, 0x00E6, 0x00C5, 0x00E5,
  0x00C5, 0x00A4, 0x0084, 0x0084, 0x0084, 0x0084, 0x00A4, 0x0063, 0x0906, 0x11CA, 0x0968, 0x0948,
  0x0948, 0x0948, 0x19CA, 0x1169, 0x0948, 0x0968, 0x0968, 0x1189, 0x220B, 0x0948, 0x1169, 0x0948,
  0x0948, 0x0948, 0x0948, 0x1189, 0x0948, 0x11AA, 0x1169, 0x0928, 0x0948, 0x0948, 0x1149, 0x19CA,
  0x0948, 0x0948, 0x0948, 0x0948, 0x1189, 0x0948, 0x0948, 0x1189, 0x0948, 0x0948, 0x1168, 0x1189,
  0x0928, 0x0948, 0x0948, 0x0948, 0x0948, 0x0948, 0x0948, 0x0948, 0x0948, 0x0948, 0x0948, 0x0948,
  0x0948, 0x0948, 0x00E6, 0x0948, 0x1189, 0x0928, 0x0948, 0x0948, 0x0948, 0x0948, 0x0948, 0x0928,
  0x0948, 0x0948, 0x0928, 0x1169, 0x1169, 0x0928, 0x0948, 0x0948, 0x0948, 0x0948, 0x1189, 0x0948,
  0x0948, 0x0948, 0x1148, 0x1168, 0x1169, 0x1189, 0x1168, 0x1169, 0x1168, 0x1169, 0x1169, 0x1169,
  0x1189, 0x1189, 0x1189, 0x1189, 0x1989, 0x21CA, 0x1968, 0x18E9, 0x8AB5, 0x82F8, 0x4257, 0x6A56,
  0x10A8, 0x08A6, 0x10A5, 0x18A6, 0x69CE, 0xA2B5, 0x40EB, 0x18A6, 0x18C6, 0x20A6, 0x2887, 0x592C,
  0x89F1, 0x68AD, 0xDB59, 0xB254, 0xA294, 0x492B, 0x0043, 0x0082, 0x0082, 0x0082, 0x0082, 0x0082,
  0x0082, 0x0062, 0x0062, 0x0062, 0x0061, 0x0041, 0x0041, 0x0061, 0x0061, 0x0061, 0x0061, 0x0041,
  0x0041, 0x0061, 0x0061, 0x0061, 0x0041, 0x0041, 0x0041, 0x0061, 0x0041, 0x0041, 0x0041, 0x0041,
  0x0041, 0x0041, 0x0041, 0x0041, 0x0041, 0x0041, 0x0041, 0x0041, 0x0041, 0x0041, 0x0021, 0x0021,
  0x0021, 0x0021, 0x0021, 0x0021, 0x0021, 0x0021, 0x0021, 0x0021, 0x0021, 0x0021, 0x0021, 0x0021,
  0x0021, 0x0021, 0x0000, 0x0021, 0x0021, 0x0000, 0x0000, 0x0042, 0x0021, 0x0021, 0x0021, 0x0021,
  0x0041, 0x0021, 0x0021, 0x0041, 0x0021, 0x0041, 0x0021, 0x0021, 0x0021, 0x0041, 0x0041, 0x0041,
  0x0041, 0x0021, 0x0021, 0x0041, 0x0061, 0x0021, 0x0042, 0x0083, 0x0041, 0x0000, 0x0042, 0x0905,
  0x08C3, 0x0041, 0x0062, 0x0062, 0x0062, 0x0062, 0x0062, 0x0062, 0x0062, 0x0062, 0x0062, 0x0062,
  0x0041, 0x0021, 0x0000, 0x0021, 0x00E6, 0x4515, 0x2BAF, 0x0148, 0x0948, 0x00E6, 0x00E5, 0x00C5,
  0x00E5, 0x00A4, 0x0084, 0x0084, 0x0084, 0x0084, 0x00A4, 0x0063, 0x08E6, 0x1189, 0x0948, 0x0968,
  0x0948, 0x0948, 0x19CA, 0x0968, 0x0948, 0x0968, 0x1189, 0x11AA, 0x19EB, 0x1148, 0x1169, 0x0948,
  0x0948, 0x0948, 0x0948, 0x1189, 0x0948, 0x11AA, 0x0949, 0x0948, 0x0948, 0x0948, 0x1168, 0x19AA,
  0x0948, 0x0948, 0x0948, 0x1168, 0x1189, 0x0928, 0x1168, 0x1189, 0x0928, 0x0948, 0x1189, 0x1169,
  0x0928, 0x0948, 0x0948, 0x0948, 0x0948, 0x0948, 0x0948, 0x0948, 0x0948, 0x0948, 0x0948, 0x0948,
  0x0948, 0x0948, 0x00E6, 0x0948, 0x1169, 0x0928, 0x0948, 0x0948, 0x0948, 0x0948, 0x0948, 0x0948,
  0x0948, 0x0948, 0x0928, 0x1189, 0x1168, 0x0928, 0x0948, 0x1168, 0x0948, 0x0948, 0x1149, 0x1148,
  0x1148, 0x1148, 0x1169, 0x1168, 0x1169, 0x19AA, 0x1168, 0x1169, 0x1169, 0x1169, 0x1189, 0x1189,
  0x1989, 0x1989, 0x1989, 0x1989, 0x1989, 0x21CB, 0x1969, 0x392C, 0xA339, 0x6499, 0x4398, 0x7296,
  0x18C9, 0x08C6, 0x10A5, 0x20A6, 0x798D, 0xC2F7, 0x50ED, 0x28A7, 0x2887, 0x590A, 0x81AF, 0xB274,
  0xBA55, 0xD2F7, 0xAA33, 0x58AA, 0xBA75, 0xCAD8, 0x8211, 0x0844, 0x0082, 0x0082, 0x0082, 0x0082,
  0x0082, 0x0062, 0x0062, 0x0062, 0x0062, 0x0061, 0x0061, 0x0061, 0x0061, 0x0061, 0x0061, 0x0061,
  0x0061, 0x0061, 0x0061, 0x0061, 0x0061, 0x0061, 0x0041, 0x0041, 0x0041, 0x0041, 0x0041, 0x0041,
  0x0061, 0x0041, 0x0041, 0x0041, 0x0041, 0x0041, 0x0041, 0x0021, 0x0021, 0x0021, 0x0021, 0x0021,
  0x0021, 0x0021, 0x0021, 0x0021, 0x0021, 0x0021, 0x0021, 0x0021, 0x0021, 0x0021, 0x0021, 0x0001,
  0x0021, 0x0021, 0x0021, 0x0021, 0x0021, 0x0000, 0x0021, 0x0062, 0x0041, 0x0021, 0x0021, 0x0041,
  0x0041, 0x0021, 0x0041, 0x0041, 0x0041, 0x0041, 0x0041, 0x0041, 0x0041, 0x0041, 0x0041, 0x0041,
  0x0041, 0x0021, 0x0021, 0x0041, 0x0041, 0x0021, 0x0042, 0x00A3, 0x0041, 0x0020, 0x0042, 0x0905,
  0x08A3, 0x0041, 0x0062, 0x0062, 0x0062, 0x0062, 0x0062, 0x0062, 0x0062, 0x0062, 0x0062, 0x0062,
  0x0062, 0x0000, 0x0042, 0x2B0E, 0x1B94, 0x463A, 0x1B4E, 0x0148, 0x0968, 0x0106, 0x00E5, 0x00C5,
  0x00E5, 0x00A4, 0x0084, 0x0084, 0x0084, 0x00A4, 0x00A4, 0x0063, 0x00C5, 0x0968, 0x0968, 0x0968,
  0x0948, 0x1168, 0x11A9, 0x0948, 0x0948, 0x1169, 0x1189, 0x11A9, 0x19CA, 0x0968, 0x1169, 0x0948,
  0x0948, 0x0948, 0x0968, 0x1189, 0x0948, 0x11AA, 0x0948, 0x0948, 0x0948, 0x0928, 0x1168, 0x19AA,
  0x0928, 0x0948, 0x0948, 0x1169, 0x1189, 0x0928, 0x1168, 0x1189, 0x0948, 0x0948, 0x1189, 0x1169,
  0x0948, 0x0948, 0x0948, 0x0948, 0x0948, 0x0948, 0x0948, 0x0948, 0x0948, 0x0948, 0x0948, 0x0948,
  0x0948, 0x0948, 0x00E6, 0x0948, 0x1168, 0x0948, 0x0928, 0x0968, 0x0968, 0x0948, 0x0948, 0x0948,
  0x0948, 0x0948, 0x0928, 0x1189, 0x0948, 0x0928, 0x0948, 0x1169, 0x1168, 0x0948, 0x1148, 0x1148,
  0x1148, 0x1149, 0x1149, 0x1168, 0x1969, 0x1989, 0x1969, 0x1969, 0x1989, 0x1989, 0x1989, 0x1989,
  0x1989, 0x1989, 0x1989, 0x1989, 0x21AA, 0x29EB, 0x216A, 0x8254, 0x7B18, 0x55DA, 0x65DC, 0x7AF7,
  0x20EA, 0x08C6, 0x10A5, 0x18A5, 0x716B, 0xC2D5, 0x712F, 0x40AA, 0x714C, 0xCAF3, 0xA9EF, 0xCAD5,
  0xEB99, 0x896F, 0x3848, 0x48AA, 0xBA94, 0xA9F4, 0x690F, 0x2088, 0x0884, 0x0082, 0x0082, 0x0082,
  0x0062, 0x0062, 0x0062, 0x0062, 0x0062, 0x0062, 0x0062, 0x0061, 0x0061, 0x0061, 0x0061, 0x0061,
  0x0061, 0x0061, 0x0041, 0x0061, 0x0041, 0x0041, 0x0041, 0x0041, 0x0041, 0x0061, 0x0041, 0x0041,
  0x0061, 0x0061, 0x0041, 0x0041, 0x0021, 0x0041, 0x0021, 0x0021, 0x0021, 0x0021, 0x0021, 0x0021,
  0x0021, 0x0021, 0x0021, 0x0021, 0x0021, 0x0021, 0x0021, 0x0021, 0x0021, 0x0021, 0x0021, 0x0021,
  0x0021, 0x0021, 0x0021, 0x0021, 0x0021, 0x0000, 0x0021, 0x0063, 0x0041, 0x0021, 0x0041, 0x0021,
  0x0021, 0x0021, 0x0021, 0x0041, 0x0021, 0x0041, 0x0041, 0x0041, 0x0041, 0x0041, 0x0041, 0x0041,
  0x0041, 0x0041, 0x0041, 0x0041, 0x0041, 0x0021, 0x0042, 0x00A3, 0x0041, 0x0000, 0x0063, 0x1126,
  0x08A3, 0x0041, 0x0062, 0x0062, 0x0062, 0x0062, 0x0062, 0x0062, 0x0082, 0x0082, 0x0082, 0x0062,
  0x0020, 0x0083, 0x23B2, 0x6F7E, 0x13F4, 0x35F8, 0x1B2D, 0x0148, 0x0948, 0x0106, 0x00E6, 0x00C5,
  0x00E5, 0x0084, 0x00A4, 0x00A4, 0x00A4, 0x00A4, 0x00A4, 0x0084, 0x00A5, 0x0948, 0x1168, 0x0969,
  0x0948, 0x1169, 0x1189, 0x0948, 0x0948, 0x1189, 0x11A9, 0x11AA, 0x19CA, 0x0969, 0x0948, 0x0948,
  0x0948, 0x0948, 0x1169, 0x1189, 0x0948, 0x11AA, 0x0948, 0x0948, 0x0948, 0x0928, 0x1189, 0x11A9,
  0x0928, 0x0948, 0x0948, 0x1168, 0x0968, 0x0928, 0x1169, 0x1189, 0x0948, 0x0948, 0x11A9, 0x0948,
  0x0948, 0x0948, 0x0948, 0x1148, 0x1148, 0x0948, 0x0948, 0x0948, 0x0948, 0x0948, 0x0948, 0x0948,
  0x0948, 0x0948, 0x00E6, 0x1189, 0x0968, 0x0948, 0x0948, 0x0948, 0x0948, 0x0948, 0x0948, 0x0948,
  0x0948, 0x0948, 0x0948, 0x1189, 0x0948, 0x0928, 0x1169, 0x1189, 0x0968, 0x0948, 0x1149, 0x1148,
  0x1149, 0x1969, 0x1969, 0x1969, 0x2189, 0x2189, 0x1969, 0x2189, 0x2189, 0x1989, 0x1989, 0x19A9,
  0x21A9, 0x1989, 0x1989, 0x198A, 0x21AA, 0x21AB, 0x51CF, 0xA2F8, 0x4B36, 0x567C, 0x5D9B, 0x72B7,
  0x290B, 0x10C7, 0x10A6, 0x20A5, 0x696A, 0xCAF5, 0xC2D5, 0x918F, 0xCB14, 0x89AC, 0x6886, 0xE375,
  0xDB16, 0xBA74, 0x612E, 0x4869, 0xCAF5, 0x89B1, 0x2869, 0x28A8, 0x1086, 0x0884, 0x0083, 0x0082,
  0x0082, 0x0082, 0x0062, 0x0062, 0x0062, 0x0062, 0x0062, 0x0062, 0x0061, 0x0061, 0x0061, 0x0061,
  0x0061, 0x0061, 0x0041, 0x0061, 0x0041, 0x0041, 0x0061, 0x0061, 0x0061, 0x0041, 0x0041, 0x0041,
  0x0041, 0x0041, 0x0041, 0x0041, 0x0041, 0x0041, 0x0041, 0x0041, 0x0021, 0x0041, 0x0021, 0x0021,
  0x0021, 0x0021, 0x0021, 0x0021, 0x0021, 0x0021, 0x0021, 0x0021, 0x0021, 0x0021, 0x0021, 0x0001,
  0x0001, 0x0021, 0x0021, 0x0021, 0x0021, 0x0000, 0x0021, 0x0062, 0x0041, 0x0021, 0x0041, 0x0021,
  0x0021, 0x0041, 0x0021, 0x0041, 0x0041, 0x0021, 0x0041, 0x0041, 0x0041, 0x0041, 0x0041, 0x0041,
  0x0041, 0x0021, 0x0041, 0x0041, 0x0041, 0x0001, 0x0062, 0x00A3, 0x0041, 0x0000, 0x0083, 0x1126,
  0x0083, 0x0041, 0x0062, 0x0062, 0x0062, 0x0062, 0x0062, 0x0062, 0x0063, 0x0883, 0x0082, 0x0041,
  0x1168, 0x12F2, 0x1CF8, 0x56BA, 0x0B72, 0x3E59, 0x12EC, 0x0148, 0x0148, 0x0106, 0x00E6, 0x00E5,
  0x00E5, 0x00A4, 0x0084, 0x0084, 0x0063, 0x0064, 0x0084, 0x00A4, 0x00A5, 0x0928, 0x0969, 0x1169,
  0x0948, 0x1189, 0x1169, 0x0948, 0x0948, 0x11AA, 0x1189, 0x19CA, 0x19CA, 0x1169, 0x1168, 0x0948,
  0x0948, 0x0948, 0x1169, 0x1168, 0x0948, 0x11AA, 0x0948, 0x0948, 0x0948, 0x0948, 0x0948, 0x1148,
  0x0948, 0x0948, 0x0948, 0x0948, 0x0948, 0x0948, 0x1168, 0x0948, 0x0948, 0x0948, 0x1189, 0x0948,
  0x1168, 0x0948, 0x0948, 0x1168, 0x1148, 0x1169, 0x1169, 0x0948, 0x0968, 0x0948, 0x0948, 0x0948,
  0x0948, 0x0948, 0x00C6, 0x1148, 0x0948, 0x0948, 0x0948, 0x0948, 0x1169, 0x0968, 0x0928, 0x0948,
  0x0948, 0x0928, 0x0948, 0x1189, 0x0948, 0x0928, 0x1169, 0x1189, 0x1169, 0x1148, 0x1169, 0x1169,
  0x1969, 0x1969, 0x1989, 0x2189, 0x21AA, 0x21AA, 0x21A9, 0x21A9, 0x21A9, 0x21AA, 0x21A9, 0x21AA,
  0x21A9, 0x21AA, 0x21AA, 0x21AA, 0x21CB, 0x216B, 0x8AB6, 0x7A97, 0x4458, 0x5EFD, 0x3C17, 0x72B6,
  0x312B, 0x08C7, 0x10A6, 0x1885, 0x5909, 0xAA11, 0xAA12, 0xB252, 0x714B, 0x3886, 0x48A6, 0xAA2E,
  0xCAF3, 0xA9EF, 0xD357, 0x816E, 0xC2B4, 0x8190, 0x2087, 0x20A7, 0x1065, 0x18C5, 0x0863, 0x0062,
  0x0082, 0x0082, 0x0082, 0x0062, 0x0062, 0x0062, 0x0062, 0x0062, 0x0061, 0x0061, 0x0061, 0x0061,
  0x0061, 0x0061, 0x0061, 0x0041, 0x0061, 0x0061, 0x0041, 0x0041, 0x0061, 0x0061, 0x0041, 0x0041,
  0x0041, 0x0041, 0x0041, 0x0041, 0x0041, 0x0041, 0x0041, 0x0021, 0x0021, 0x0021, 0x0021, 0x0021,
  0x0021, 0x0021, 0x0021, 0x0021, 0x0021, 0x0021, 0x0021, 0x0021, 0x0021, 0x0021, 0x0021, 0x0021,
  0x0021, 0x0021, 0x0021, 0x0021, 0x0021, 0x0000, 0x0021, 0x0062, 0x0021, 0x0020, 0x0041, 0x0041,
  0x0021, 0x0021, 0x0021, 0x0041, 0x0041, 0x0041, 0x0041, 0x0041, 0x0041, 0x0041, 0x0041, 0x0041,
  0x0041, 0x0041, 0x0041, 0x0041, 0x0041, 0x0001, 0x0062, 0x00A3, 0x0041, 0x0000, 0x00A4, 0x1126,
  0x0082, 0x0041, 0x0062, 0x0062, 0x0062, 0x0062, 0x0082, 0x0082, 0x0082, 0x0062, 0x0022, 0x230E,
  0x567B, 0x2D79, 0x4EBB, 0x4E39, 0x0B52, 0x3E59, 0x12CB, 0x0148, 0x0147, 0x0106, 0x00E6, 0x00E6,
  0x00C5, 0x00A4, 0x00C5, 0x1187, 0x226A, 0x2208, 0x0063, 0x00C5, 0x08C5, 0x0928, 0x1169, 0x1169,
  0x0948, 0x1169, 0x0948, 0x0969, 0x0948, 0x19CA, 0x1189, 0x19CA, 0x1189, 0x1169, 0x0948, 0x0948,
  0x0948, 0x0948, 0x0948, 0x0948, 0x1169, 0x11AA, 0x0928, 0x0948, 0x0948, 0x0948, 0x0948, 0x0948,
  0x0948, 0x0948, 0x0948, 0x0948, 0x0948, 0x0948, 0x0948, 0x0948, 0x0948, 0x0948, 0x0968, 0x0948,
  0x1168, 0x0948, 0x1168, 0x1148, 0x1148, 0x1948, 0x1948, 0x1168, 0x0948, 0x0948, 0x0948, 0x0948,
  0x0948, 0x0948, 0x08E6, 0x1927, 0x0928, 0x1169, 0x0968, 0x0948, 0x1169, 0x0948, 0x0948, 0x0948,
  0x0948, 0x0948, 0x1148, 0x1189, 0x0948, 0x0948, 0x1189, 0x118A, 0x1169, 0x1149, 0x1169, 0x1169,
  0x1969, 0x1969, 0x2189, 0x2989, 0x31CA, 0x29CA, 0x29CA, 0x29CA, 0x29CA, 0x21CA, 0x21AA, 0x21AA,
  0x21AA, 0x21AA, 0x21AA, 0x21AA, 0x21AB, 0x418F, 0x9B19, 0x4AF6, 0x4D9A, 0x56BC, 0x5D5A, 0x72D7,
  0x312C, 0x08C7, 0x10A6, 0x18A5, 0x40E7, 0x9A30, 0xAA72, 0x89EF, 0x3087, 0x20C6, 0x28A5, 0x50C7,
  0x9A4E, 0x4886, 0xA20E, 0xC2B2, 0xBAB2, 0x79CE, 0x1866, 0x18A6, 0x0885, 0x0864, 0x0063, 0x0042,
  0x0063, 0x0083, 0x0082, 0x0062, 0x0062, 0x0062, 0x0062, 0x0062, 0x0062, 0x0062, 0x0062, 0x0061,
  0x0061, 0x0061, 0x0061, 0x0041, 0x0041, 0x0061, 0x0042, 0x0042, 0x0041, 0x0041, 0x0041, 0x0041,
  0x0041, 0x0041, 0x0041, 0x0041, 0x0041, 0x0041, 0x0041, 0x0041, 0x0041, 0x0041, 0x0021, 0x0021,
  0x0021, 0x0021, 0x0041, 0x0021, 0x0021, 0x0021, 0x0021, 0x0021, 0x0021, 0x0021, 0x0021, 0x0021,
  0x0021, 0x0021, 0x0021, 0x0021, 0x0021, 0x0000, 0x0021, 0x0082, 0x0041, 0x0020, 0x0041, 0x0021,
  0x0021, 0x0021, 0x0021, 0x0041, 0x0041, 0x0041, 0x0041, 0x0041, 0x0041, 0x0041, 0x0041, 0x0041,
  0x0041, 0x0041, 0x0041, 0x0061, 0x0041, 0x0021, 0x0062, 0x00A3, 0x0041, 0x0001, 0x00A4, 0x1126,
  0x0082, 0x0041, 0x0062, 0x0062, 0x0062, 0x0062, 0x0082, 0x0082, 0x0062, 0x08E5, 0x1A4D, 0x23D4,
  0x24B6, 0x4E5A, 0x3536, 0x1B72, 0x1393, 0x3E59, 0x128B, 0x0148, 0x0147, 0x0106, 0x00E6, 0x0106,
  0x00C5, 0x00A4, 0x00C4, 0x0946, 0x19C7, 0x19A7, 0x0063, 0x00C5, 0x00C5, 0x0928, 0x1169, 0x1169,
  0x0948, 0x1168, 0x0948, 0x1148, 0x0948, 0x19EA, 0x1169, 0x11A9, 0x0968, 0x1189, 0x0948, 0x0948,
  0x0948, 0x0948, 0x0948, 0x0948, 0x1169, 0x11A9, 0x0928, 0x0948, 0x0948, 0x0948, 0x0948, 0x0948,
  0x0948, 0x0948, 0x0948, 0x0948, 0x0948, 0x0948, 0x0948, 0x0948, 0x0948, 0x0948, 0x0968, 0x0948,
  0x0948, 0x0948, 0x0948, 0x0948, 0x0948, 0x3148, 0x720B, 0x1948, 0x1168, 0x1148, 0x1148, 0x0949,
  0x1169, 0x0928, 0x08C6, 0x08C6, 0x0948, 0x0969, 0x0948, 0x0948, 0x1169, 0x0948, 0x0948, 0x0948,
  0x0948, 0x0948, 0x1169, 0x1169, 0x0948, 0x0948, 0x118A, 0x118A, 0x1169, 0x1169, 0x1169, 0x1169,
  0x1989, 0x218A, 0x3189, 0x61C9, 0x61EA, 0x31A8, 0x39A9, 0x39C9, 0x31CA, 0x29AA, 0x29AA, 0x29AA,
  0x21AA, 0x29CA, 0x21AA, 0x29EB, 0x214C, 0x8295, 0x7B38, 0x55BB, 0x4E1B, 0x5EFC, 0x4D39, 0x72B7,
  0x394D, 0x08A6, 0x08A5, 0x10A5, 0x1884, 0x30C7, 0x30C7, 0x2885, 0x20A6, 0x18A5, 0x18A5, 0x20A5,
  0x2885, 0x30C6, 0x40E7, 0x50E7, 0x48E7, 0x38E7, 0x1885, 0x18A5, 0x0885, 0x0064, 0x0063, 0x0022,
  0x0083, 0x0063, 0x0062, 0x0082, 0x0062, 0x0062, 0x0062, 0x0062, 0x0062, 0x0062, 0x0062, 0x0061,
  0x0061, 0x0061, 0x0061, 0x0041, 0x0041, 0x0041, 0x0042, 0x0042, 0x0042, 0x0041, 0x0041, 0x0041,
  0x0061, 0x0041, 0x0041, 0x0041, 0x0041, 0x0041, 0x0041, 0x0041, 0x0041, 0x0041, 0x0021, 0x0021,
  0x0021, 0x0021, 0x0021, 0x0021, 0x0021, 0x0021, 0x0021, 0x0021, 0x0021, 0x0021, 0x0021, 0x0021,
  0x0021, 0x0021, 0x0021, 0x0021, 0x0021, 0x0000, 0x0041, 0x00A3, 0x0041, 0x0021, 0x0041, 0x0021,
  0x0041, 0x0041, 0x0021, 0x0041, 0x0041, 0x0041, 0x0041, 0x0041, 0x0041, 0x0041, 0x0041, 0x0041,
  0x0061, 0x0041, 0x0041, 0x0061, 0x0041, 0x0021, 0x0083, 0x00A3, 0x0041, 0x0001, 0x00A4, 0x1125,
  0x0062, 0x0041, 0x0062, 0x0082, 0x0062, 0x0082, 0x0082, 0x0041, 0x0147, 0x4516, 0x1B32, 0x0AD1,
  0x1BF5, 0x461A, 0x2475, 0x12B1, 0x13D4, 0x3E38, 0x0A4A, 0x0148, 0x0147, 0x0106, 0x00E5, 0x0106,
  0x00C5, 0x00A4, 0x00A4, 0x0063, 0x0023, 0x0043, 0x0084, 0x08C5, 0x08C6, 0x0927, 0x1169, 0x1169,
  0x0969, 0x0948, 0x0968, 0x1169, 0x0968, 0x19EB, 0x1168, 0x19CA, 0x0948, 0x1169, 0x0948, 0x0948,
  0x0948, 0x0948, 0x0948, 0x0948, 0x1189, 0x1189, 0x0928, 0x0948, 0x0948, 0x0948, 0x0948, 0x0948,
  0x0948, 0x0948, 0x0948, 0x0948, 0x0948, 0x0948, 0x0948, 0x0948, 0x0948, 0x0948, 0x0948, 0x0948,
  0x0968, 0x0949, 0x0948, 0x1148, 0x1169, 0x1948, 0x2127, 0x1148, 0x1168, 0x1148, 0x1148, 0x0949,
  0x0969, 0x0927, 0x00C5, 0x0907, 0x1169, 0x0969, 0x1168, 0x0948, 0x0969, 0x0948, 0x0948, 0x0948,
  0x0948, 0x0948, 0x1189, 0x1169, 0x0969, 0x1169, 0x11AA, 0x11AA, 0x118A, 0x118A, 0x198A, 0x198A,
  0x21AA, 0x29AA, 0x28E6, 0x9A6B, 0x8A4A, 0x2083, 0x71A8, 0x71EA, 0x31A9, 0x29AA, 0x29AA, 0x29AA,
  0x218A, 0x29CB, 0x29CB, 0x21AC, 0x49D0, 0xA319, 0x4B37, 0x565C, 0x3D99, 0x5EDC, 0x3CB8, 0x72B8,
  0x416D, 0x08A6, 0x08A5, 0x08A5, 0x0884, 0x1907, 0x10A5, 0x1085, 0x1085, 0x1084, 0x1084, 0x1085,
  0x10A5, 0x18A5, 0x18C5, 0x1884, 0x18A5, 0x18A5, 0x1084, 0x1085, 0x0885, 0x0063, 0x0063, 0x0042,
  0x0084, 0x0022, 0x0063, 0x0062, 0x0082, 0x0062, 0x0062, 0x0062, 0x0062, 0x0062, 0x0062, 0x0061,
  0x0062, 0x0061, 0x0041, 0x0041, 0x0041, 0x0041, 0x0061, 0x0041, 0x0041, 0x0061, 0x0061, 0x0061,
  0x0041, 0x0041, 0x0041, 0x0041, 0x0041, 0x0041, 0x0041, 0x0041, 0x0041, 0x0041, 0x0041, 0x0041,
  0x0021, 0x0021, 0x0021, 0x0021, 0x0021, 0x0021, 0x0041, 0x0021, 0x0021, 0x0021, 0x0021, 0x0021,
  0x0021, 0x0021, 0x0021, 0x0021, 0x0021, 0x0000, 0x0021, 0x00A3, 0x0061, 0x0021, 0x0041, 0x0041,
  0x0041, 0x0041, 0x0041, 0x0041, 0x0041, 0x0041, 0x0041, 0x0041, 0x0041, 0x0041, 0x0041, 0x0061,
  0x0041, 0x0041, 0x0041, 0x0041, 0x0041, 0x0021, 0x0083, 0x00A3, 0x0021, 0x0001, 0x08C4, 0x1105,
  0x0062, 0x0042, 0x0082, 0x0082, 0x0082, 0x0082, 0x0082, 0x0084, 0x1311, 0x45FA, 0x12F1, 0x2D18,
  0x3E3B, 0x4E9B, 0x4E7B, 0x2C75, 0x13B4, 0x3E38, 0x0A2A, 0x0168, 0x0948, 0x0106, 0x00E6, 0x0106,
  0x00C5, 0x0906, 0x00E6, 0x0106, 0x1187, 0x0925, 0x0063, 0x08C5, 0x08E6, 0x1148, 0x1169, 0x0969,
  0x0949, 0x0948, 0x1169, 0x1189, 0x0968, 0x19EA, 0x0948, 0x1169, 0x0968, 0x0948, 0x1169, 0x1169,
  0x0948, 0x0948, 0x0968, 0x0948, 0x11AA, 0x1189, 0x0948, 0x0948, 0x0948, 0x0948, 0x0948, 0x0948,
  0x0948, 0x0948, 0x0948, 0x0948, 0x0948, 0x0948, 0x0968, 0x0948, 0x0948, 0x0948, 0x0948, 0x0948,
  0x0948, 0x0968, 0x0948, 0x1148, 0x1169, 0x0948, 0x0907, 0x1169, 0x0948, 0x0948, 0x1148, 0x0949,
  0x0969, 0x0948, 0x00C5, 0x0907, 0x1169, 0x0969, 0x0948, 0x0968, 0x1169, 0x0948, 0x0948, 0x0949,
  0x0949, 0x0948, 0x1189, 0x1189, 0x0969, 0x118A, 0x11CB, 0x11CB, 0x11AB, 0x19AB, 0x19AB, 0x21CB,
  0x29CB, 0x1107, 0x18C5, 0x30E5, 0x30E5, 0x20E5, 0x30E5, 0x3926, 0x29CA, 0x298A, 0x29AA, 0x29CA,
  0x21AA, 0x29EB, 0x29EC, 0x218C, 0x8AB6, 0x82D8, 0x3316, 0x563B, 0x3D38, 0x45FA, 0x5DDA, 0x7B38,
  0x416E, 0x08A7, 0x08A5, 0x0884, 0x0884, 0x1106, 0x0884, 0x0884, 0x0884, 0x0864, 0x0884, 0x0864,
  0x0864, 0x10A5, 0x10A4, 0x0863, 0x1084, 0x10A5, 0x0864, 0x1084, 0x10A4, 0x0063, 0x0084, 0x0042,
  0x0063, 0x0042, 0x0063, 0x0021, 0x0082, 0x0082, 0x0082, 0x0062, 0x0062, 0x0062, 0x0062, 0x0062,
  0x0042, 0x0062, 0x0061, 0x0061, 0x0061, 0x0041, 0x0041, 0x0042, 0x0061, 0x0041, 0x0041, 0x0061,
  0x0041, 0x0041, 0x0041, 0x0061, 0x0041, 0x0041, 0x0041, 0x0041, 0x0041, 0x0041, 0x0041, 0x0041,
  0x0021, 0x0021, 0x0021, 0x0021, 0x0021, 0x0021, 0x0021, 0x0021, 0x0021, 0x0021, 0x0021, 0x0021,
  0x0021, 0x0021, 0x0021, 0x0021, 0x0021, 0x0000, 0x0021, 0x00A3, 0x0041, 0x0021, 0x0041, 0x0041,
  0x0041, 0x0041, 0x0041, 0x0041, 0x0041, 0x0041, 0x0041, 0x0041, 0x0041, 0x0041, 0x0041, 0x0042,
  0x0041, 0x0041, 0x0041, 0x0061, 0x0041, 0x0021, 0x0083, 0x00A3, 0x0021, 0x0021, 0x08C4, 0x0905,
  0x0062, 0x0062, 0x0082, 0x0082, 0x0082, 0x0062, 0x08E5, 0x0128, 0x1352, 0x45D9, 0x1332, 0x35D9,
  0x3E3A, 0x3DD9, 0x465A, 0x2C95, 0x13D4, 0x3DF7, 0x0A09, 0x0168, 0x0147, 0x0106, 0x0947, 0x00E6,
  0x00C5, 0x19A8, 0x0906, 0x1A09, 0x3B4C, 0x3269, 0x0063, 0x08C5, 0x0907, 0x1169, 0x1168, 0x1169,
  0x0949, 0x0948, 0x1189, 0x1169, 0x1189, 0x19CA, 0x0948, 0x0948, 0x0948, 0x0948, 0x19AA, 0x1189,
  0x0928, 0x0948, 0x0949, 0x0928, 0x11AA, 0x1189, 0x0948, 0x0948, 0x0948, 0x0948, 0x0968, 0x0948,
  0x0949, 0x0948, 0x0948, 0x0948, 0x0948, 0x0948, 0x0948, 0x0949, 0x0949, 0x0948, 0x0948, 0x0948,
  0x0948, 0x0948, 0x0948, 0x0968, 0x0969, 0x0948, 0x0927, 0x1169, 0x0968, 0x0949, 0x1149, 0x0948,
  0x0969, 0x0948, 0x00C6, 0x0907, 0x1169, 0x0968, 0x0948, 0x1169, 0x1169, 0x0948, 0x0969, 0x0969,
  0x0949, 0x0969, 0x1189, 0x0989, 0x118A, 0x11AB, 0x19EC, 0x11CC, 0x11ED, 0x19ED, 0x2A2E, 0x3A8E,
  0x2989, 0x10E6, 0x08E5, 0x1106, 0x1106, 0x1127, 0x1106, 0x1968, 0x29AA, 0x2189, 0x21AA, 0x29AA,
  0x21AA, 0x320C, 0x29CC, 0x51F0, 0x9B79, 0x5397, 0x3BF6, 0x66DD, 0x3CB7, 0x4558, 0x5D7A, 0x7AD7,
  0x498F, 0x08A7, 0x08A5, 0x0084, 0x0084, 0x10E5, 0x0063, 0x0063, 0x0064, 0x0084, 0x0063, 0x0863,
  0x0863, 0x08C5, 0x0884, 0x0063, 0x0884, 0x08C5, 0x0084, 0x0884, 0x0884, 0x08A4, 0x08E5, 0x0043,
  0x0063, 0x0063, 0x0063, 0x0021, 0x0063, 0x0083, 0x0062, 0x0062, 0x0062, 0x0062, 0x0061, 0x0062,
  0x0062, 0x0061, 0x0061, 0x0061, 0x0061, 0x0041, 0x0042, 0x0041, 0x0061, 0x0061, 0x0041, 0x0041,
  0x0041, 0x0041, 0x0041, 0x0041, 0x0041, 0x0041, 0x0041, 0x0041, 0x0041, 0x0041, 0x0041, 0x0041,
  0x0021, 0x0041, 0x0041, 0x0021, 0x0021, 0x0021, 0x0021, 0x0021, 0x0021, 0x0021, 0x0021, 0x0021,
  0x0021, 0x0021, 0x0021, 0x0021, 0x0021, 0x0000, 0x0042, 0x00A4, 0x0062, 0x0021, 0x0041, 0x0041,
  0x0041, 0x0041, 0x0041, 0x0041, 0x0041, 0x0041, 0x0041, 0x0041, 0x0041, 0x0041, 0x0041, 0x0042,
  0x0041, 0x0041, 0x0041, 0x0061, 0x0041, 0x0021, 0x0083, 0x08A3, 0x0021, 0x0021, 0x08E5, 0x08E5,
  0x0062, 0x0062, 0x0082, 0x0082, 0x0062, 0x08E5, 0x1168, 0x0128, 0x1392, 0x45B9, 0x1B72, 0x45F9,
  0x4EBB, 0x5F3B, 0x4E39, 0x2C55, 0x1C15, 0x35B6, 0x01C9, 0x0989, 0x0147, 0x00E6, 0x0106, 0x00E5,
  0x00A4, 0x00C5, 0x00C4, 0x00A4, 0x00A4, 0x00A4, 0x00A4, 0x00A4, 0x0907, 0x1169, 0x0968, 0x1168,
  0x0969, 0x0948, 0x11AA, 0x0968, 0x11A9, 0x11CA, 0x0948, 0x0968, 0x0968, 0x0948, 0x19CA, 0x1169,
  0x0948, 0x0948, 0x0968, 0x0948, 0x11A9, 0x1189, 0x0948, 0x0948, 0x0968, 0x0949, 0x0969, 0x0948,
  0x0948, 0x0948, 0x0948, 0x0948, 0x0948, 0x0948, 0x0969, 0x0969, 0x0969, 0x0969, 0x0968, 0x0968,
  0x0969, 0x0949, 0x0969, 0x1169, 0x0969, 0x0948, 0x0907, 0x0969, 0x0968, 0x1169, 0x0969, 0x0968,
  0x0969, 0x1168, 0x00C6, 0x08E6, 0x1169, 0x0968, 0x0968, 0x1169, 0x0969, 0x1169, 0x0969, 0x0969,
  0x0969, 0x0969, 0x1189, 0x118A, 0x118B, 0x19EC, 0x1A0D, 0x11ED, 0x1A0E, 0x222E, 0x3A4E, 0x6B0E,
  0x934D, 0x1906, 0x0907, 0x0906, 0x08E6, 0x08E6, 0x08E6, 0x2189, 0x21AA, 0x2189, 0x21AA, 0x21AA,
  0x29CA, 0x320C, 0x29AC, 0x8AF6, 0x7C3A, 0x5E1B, 0x4539, 0x4DDA, 0x3476, 0x5518, 0x4BB7, 0x7A76,
  0x59D0, 0x08A7, 0x08A6, 0x00A5, 0x08A5, 0x08E6, 0x0084, 0x0084, 0x0084, 0x0084, 0x0084, 0x0084,
  0x0064, 0x08E6, 0x0084, 0x0064, 0x08A4, 0x08C5, 0x0084, 0x0084, 0x0084, 0x0084, 0x0084, 0x0022,
  0x0042, 0x0063, 0x0042, 0x0022, 0x0083, 0x0042, 0x0063, 0x0062, 0x0062, 0x0062, 0x0062, 0x0062,
  0x0062, 0x0062, 0x0061, 0x0061, 0x0061, 0x0041, 0x0042, 0x0061, 0x0041, 0x0061, 0x0061, 0x0041,
  0x0041, 0x0041, 0x0041, 0x0041, 0x0041, 0x0041, 0x0041, 0x0041, 0x0041, 0x0041, 0x0041, 0x0041,
  0x0041, 0x0041, 0x0021, 0x0021, 0x0021, 0x0041, 0x0021, 0x0021, 0x0021, 0x0021, 0x0021, 0x0021,
  0x0021, 0x0021, 0x0021, 0x0041, 0x0021, 0x0000, 0x0042, 0x08E4, 0x0062, 0x0021, 0x0041, 0x0021,
  0x0041, 0x0041, 0x0021, 0x0041, 0x0041, 0x0041, 0x0041, 0x0041, 0x0041, 0x0041, 0x0041, 0x0041,
  0x0061, 0x0041, 0x0041, 0x0061, 0x0041, 0x0021, 0x00A3, 0x08A3, 0x0021, 0x0021, 0x08E5, 0x08E4,
  0x0062, 0x0082, 0x0082, 0x00A3, 0x1168, 0x0927, 0x0968, 0x0128, 0x13B3, 0x4599, 0x1AF1, 0x13F5,
  0x4E7B, 0x4DF8, 0x12AF, 0x1AF1, 0x1C35, 0x3555, 0x01A8, 0x0989, 0x0127, 0x00E6, 0x0906, 0x00C5,
  0x00A4, 0x0084, 0x00A4, 0x00A5, 0x0084, 0x0084, 0x00A4, 0x0084, 0x0907, 0x1169, 0x1168, 0x0969,
  0x0968, 0x0968, 0x11AA, 0x0948, 0x19CA, 0x11A9, 0x0948, 0x1168, 0x0968, 0x0968, 0x19EB, 0x1169,
  0x0948, 0x0948, 0x0968, 0x0948, 0x19AA, 0x1169, 0x0948, 0x0968, 0x0969, 0x0968, 0x0968, 0x0969,
  0x0969, 0x0969, 0x0969, 0x0969, 0x0948, 0x0948, 0x0949, 0x0969, 0x0969, 0x0949, 0x0949, 0x0969,
  0x0969, 0x0969, 0x0969, 0x1189, 0x0969, 0x0948, 0x0907, 0x1169, 0x1169, 0x1169, 0x0969, 0x0969,
  0x1169, 0x1169, 0x00C5, 0x00E6, 0x0968, 0x1169, 0x0969, 0x1169, 0x1169, 0x0969, 0x0969, 0x1169,
  0x0969, 0x1169, 0x118A, 0x118A, 0x11AB, 0x1A0D, 0x1A0E, 0x1A4F, 0x1A6F, 0x21ED, 0x2928, 0x830D,
  0x5A09, 0x08E6, 0x0907, 0x08E6, 0x08E6, 0x08C6, 0x1969, 0x21CA, 0x21A9, 0x21A9, 0x21CA, 0x21AA,
  0x29CB, 0x21CB, 0x5210, 0x9338, 0x4C58, 0x4E1A, 0x3D38, 0x3D38, 0x3CB7, 0x4C98, 0x3A53, 0x92D7,
  0x51CF, 0x08C6, 0x08C6, 0x00A6, 0x08C7, 0x08E7, 0x0086, 0x00A6, 0x08A6, 0x00A6, 0x00A6, 0x00A6,
  0x08A6, 0x1107, 0x00A6, 0x00A6, 0x08E6, 0x08C6, 0x0085, 0x00A5, 0x0064, 0x0085, 0x0084, 0x0023,
  0x0042, 0x0083, 0x0042, 0x0042, 0x0063, 0x0042, 0x08A4, 0x0883, 0x0062, 0x0062, 0x0062, 0x0062,
  0x0062, 0x0062, 0x0062, 0x0061, 0x0061, 0x0061, 0x0061, 0x0061, 0x0041, 0x0061, 0x0061, 0x0061,
  0x0061, 0x0041, 0x0041, 0x0041, 0x0061, 0x0041, 0x0041, 0x0041, 0x0041, 0x0041, 0x0041, 0x0041,
  0x0041, 0x0041, 0x0021, 0x0021, 0x0021, 0x0021, 0x0021, 0x0021, 0x0021, 0x0021, 0x0021, 0x0001,
  0x0021, 0x0021, 0x0021, 0x0041, 0x0041, 0x0000, 0x0042, 0x00C4, 0x0062, 0x0021, 0x0021, 0x0021,
  0x0041, 0x0041, 0x0041, 0x0041, 0x0041, 0x0041, 0x0041, 0x0041, 0x0041, 0x0041, 0x0041, 0x0041,
  0x0061, 0x0041, 0x0041, 0x0061, 0x0041, 0x0021, 0x00A3, 0x00A3, 0x0021, 0x0021, 0x08E4, 0x08E4,
  0x0062, 0x0082, 0x0062, 0x1189, 0x224C, 0x0927, 0x1189, 0x0149, 0x1BF3, 0x3D58, 0x12B0, 0x3D99,
  0x4E3A, 0x1B72, 0x2332, 0x1AD1, 0x1C55, 0x3534, 0x0188, 0x0989, 0x0148, 0x0106, 0x0126, 0x00A4,
  0x00C5, 0x21E9, 0x0926, 0x0127, 0x2ACC, 0x2229, 0x0063, 0x0084, 0x0907, 0x1189, 0x1169, 0x0968,
  0x0968, 0x1169, 0x118A, 0x0948, 0x19AA, 0x1189, 0x0948, 0x1169, 0x1169, 0x1168, 0x19AA, 0x1149,
  0x0948, 0x0948, 0x1168, 0x1169, 0x19AA, 0x0948, 0x0968, 0x0968, 0x0969, 0x0968, 0x0969, 0x0969,
  0x0969, 0x1169, 0x1169, 0x0969, 0x0969, 0x0969, 0x0969, 0x0969, 0x0969, 0x0969, 0x0969, 0x0969,
  0x0969, 0x0969, 0x1189, 0x11A9, 0x0968, 0x0948, 0x0927, 0x1189, 0x1169, 0x1169, 0x1169, 0x1169,
  0x1169, 0x1168, 0x00C5, 0x00E6, 0x1168, 0x1169, 0x0969, 0x1169, 0x0969, 0x0969, 0x0969, 0x0969,
  0x118A, 0x118A, 0x118A, 0x11AB, 0x11CC, 0x1A2E, 0x1A4F, 0x1A91, 0x1A70, 0x014A, 0x1948, 0x1907,
  0x08E6, 0x0907, 0x0907, 0x08E6, 0x08E7, 0x118A, 0x220C, 0x19AA, 0x1989, 0x1989, 0x21CA, 0x21CA,
  0x29CB, 0x29AC, 0x9317, 0x6B78, 0x4D7A, 0x671D, 0x3CF7, 0x4E3B, 0x44F8, 0x43B7, 0x6275, 0x92D5,
  0x1908, 0x08C5, 0x08A5, 0x198A, 0x19AA, 0x19AA, 0x198A, 0x118A, 0x1169, 0x1169, 0x1169, 0x1148,
  0x1148, 0x1169, 0x0928, 0x0928, 0x0948, 0x0908, 0x08C7, 0x0907, 0x08C6, 0x08E8, 0x08E8, 0x0085,
  0x0043, 0x0083, 0x0042, 0x0042, 0x0063, 0x0063, 0x00A4, 0x18C4, 0x3924, 0x0041, 0x0062, 0x0062,
  0x0062, 0x0062, 0x0062, 0x0062, 0x0061, 0x0061, 0x0062, 0x0061, 0x0061, 0x0061, 0x0041, 0x0041,
  0x0041, 0x0061, 0x0041, 0x0041, 0x0041, 0x0041, 0x0041, 0x0041, 0x0041, 0x0041, 0x0041, 0x0041,
  0x0021, 0x0041, 0x0021, 0x0021, 0x0041, 0x0021, 0x0021, 0x0021, 0x0021, 0x0021, 0x0021, 0x0021,
  0x0021, 0x0021, 0x0021, 0x0041, 0x0021, 0x0000, 0x0021, 0x00A3, 0x0062, 0x0021, 0x0041, 0x0041,
  0x0041, 0x0041, 0x0021, 0x0041, 0x0041, 0x0041, 0x0041, 0x0041, 0x0041, 0x0061, 0x0061, 0x0061,
  0x0061, 0x0041, 0x0041, 0x0061, 0x0041, 0x0021, 0x00A4, 0x08A3, 0x0021, 0x0021, 0x08C4, 0x08C4,
  0x0042, 0x0083, 0x00A4, 0x11AA, 0x1A2C, 0x0106, 0x1169, 0x0129, 0x2434, 0x3D17, 0x128F, 0x1353,
  0x1C97, 0x13D5, 0x1333, 0x12F2, 0x24B6, 0x3513, 0x0188, 0x0989, 0x1189, 0x0968, 0x0106, 0x00A5,
  0x00C5, 0x2A29, 0x0926, 0x0947, 0x3AEB, 0x2A28, 0x0063, 0x0084, 0x08E6, 0x1189, 0x0968, 0x1169,
  0x1169, 0x1189, 0x1189, 0x1168, 0x19A9, 0x1169, 0x1168, 0x1169, 0x1169, 0x1169, 0x1169, 0x1148,
  0x0968, 0x0968, 0x0968, 0x1189, 0x19AA, 0x1169, 0x0969, 0x0969, 0x0969, 0x0969, 0x0969, 0x0969,
  0x0969, 0x118A, 0x1189, 0x0969, 0x0969, 0x0969, 0x0969, 0x0969, 0x0969, 0x0969, 0x0969, 0x0969,
  0x0969, 0x0969, 0x1189, 0x1189, 0x0969, 0x0948, 0x0927, 0x1189, 0x1169, 0x1189, 0x1189, 0x1189,
  0x1189, 0x1989, 0x00C5, 0x00E6, 0x1169, 0x0969, 0x1189, 0x1189, 0x0969, 0x1189, 0x1189, 0x1189,
  0x118A, 0x118A, 0x11AA, 0x11AB, 0x11EC, 0x1A2F, 0x1A70, 0x2354, 0x33D6, 0x1A2E, 0x0908, 0x0928,
  0x0928, 0x0928, 0x0907, 0x0928, 0x11CC, 0x1A2D, 0x1A0C, 0x19CA, 0x198A, 0x1989, 0x21CA, 0x21CA,
  0x21CB, 0x420E, 0x8B17, 0x5CF9, 0x56BC, 0x5E9C, 0x3D18, 0x567B, 0x4498, 0x4A54, 0x92D7, 0x416C,
  0x0906, 0x08C5, 0x08C4, 0x1967, 0x19A8, 0x1988, 0x1988, 0x1988, 0x19A8, 0x19A8, 0x19A8, 0x19A8,
  0x19C9, 0x19C9, 0x19C9, 0x19CA, 0x21EA, 0x19C9, 0x1168, 0x21C9, 0x1988, 0x21EA, 0x19CA, 0x1107,
  0x0063, 0x0083, 0x0042, 0x0062, 0x0042, 0x0063, 0x00A4, 0x1083, 0x4945, 0x4964, 0x10A2, 0x0042,
  0x0062, 0x0062, 0x0062, 0x0061, 0x0061, 0x0061, 0x0061, 0x0061, 0x0061, 0x0061, 0x0041, 0x0041,
  0x0041, 0x0041, 0x0041, 0x0041, 0x0041, 0x0041, 0x0041, 0x0041, 0x0041, 0x0041, 0x0041, 0x0041,
  0x0041, 0x0041, 0x0021, 0x0021, 0x0021, 0x0021, 0x0021, 0x0021, 0x0021, 0x0021, 0x0021, 0x0001,
  0x0021, 0x0021, 0x0021, 0x0021, 0x0021, 0x0000, 0x0021, 0x00C4, 0x0062, 0x0021, 0x0041, 0x0021,
  0x0021, 0x0021, 0x0021, 0x0021, 0x0021, 0x0021, 0x0021, 0x0041, 0x0041, 0x0041, 0x0041, 0x0041,
  0x0041, 0x0021, 0x0021, 0x0041, 0x0021, 0x0021, 0x08A4, 0x0083, 0x0020, 0x0042, 0x08E5, 0x08C4,
  0x0062, 0x1106, 0x00A5, 0x11AA, 0x1A0B, 0x0107, 0x0989, 0x0149, 0x2496, 0x34D6, 0x1B31, 0x461A,
  0x577E, 0x465B, 0x4E5B, 0x23F4, 0x24D7, 0x2CD2, 0x0167, 0x0989, 0x0127, 0x0106, 0x0106, 0x00A4,
  0x00C5, 0x0063, 0x0084, 0x0084, 0x0063, 0x0084, 0x00A4, 0x0084, 0x08E6, 0x1189, 0x1169, 0x1169,
  0x1169, 0x19AA, 0x1189, 0x1168, 0x19AA, 0x1169, 0x1169, 0x1169, 0x1169, 0x1169, 0x19AA, 0x1168,
  0x1169, 0x1169, 0x1169, 0x1989, 0x19AA, 0x1169, 0x0969, 0x0969, 0x1169, 0x1189, 0x1189, 0x1169,
  0x0969, 0x19CA, 0x1189, 0x1189, 0x0969, 0x0969, 0x0969, 0x0969, 0x0969, 0x0969, 0x0969, 0x0969,
  0x0969, 0x0969, 0x11AA, 0x1189, 0x0969, 0x0948, 0x0927, 0x1189, 0x1189, 0x11AA, 0x11AA, 0x11AA,
  0x11AA, 0x19A9, 0x00A5, 0x0907, 0x1189, 0x1169, 0x1189, 0x1189, 0x1169, 0x1169, 0x1169, 0x1169,
  0x116A, 0x118A, 0x118A, 0x11AB, 0x11ED, 0x1A2F, 0x1271, 0x4C77, 0x6CF8, 0x096B, 0x096B, 0x0A0E,
  0x09EE, 0x094A, 0x094A, 0x1A2E, 0x1A6F, 0x120D, 0x220C, 0x19AA, 0x198A, 0x21AA, 0x29EB, 0x21CB,
  0x21EB, 0x41EE, 0x72D6, 0x5DBB, 0x4E3B, 0x45FA, 0x4D99, 0x5DDA, 0x4C18, 0x7276, 0x7A73, 0x08C6,
  0x0906, 0x00A5, 0x00A4, 0x0043, 0x0083, 0x0062, 0x0062, 0x0042, 0x0042, 0x0042, 0x0062, 0x0042,
  0x0083, 0x0083, 0x0042, 0x0063, 0x00A4, 0x0062, 0x0062, 0x0083, 0x0062, 0x1126, 0x0083, 0x0042,
  0x0083, 0x0063, 0x0022, 0x0042, 0x0022, 0x0083, 0x00A4, 0x1083, 0x4124, 0x8265, 0x4123, 0x0022,
  0x0042, 0x0042, 0x0021, 0x0041, 0x0041, 0x0041, 0x0041, 0x0041, 0x0021, 0x0021, 0x0021, 0x0021,
  0x0021, 0x0041, 0x0021, 0x0041, 0x0041, 0x0041, 0x0041, 0x0021, 0x0021, 0x0021, 0x0021, 0x0021,
  0x0021, 0x0021, 0x0021, 0x0001, 0x0001, 0x0001, 0x0001, 0x0001, 0x0000, 0x0000, 0x0001, 0x0000,
  0x0021, 0x0021, 0x0021, 0x0041, 0x0041, 0x0000, 0x0042, 0x00C4, 0x0062, 0x0021, 0x0041, 0x0021,
  0x0021, 0x0021, 0x0041, 0x0041, 0x0041, 0x0041, 0x0041, 0x0041, 0x0042, 0x0042, 0x0042, 0x0062,
  0x0042, 0x0042, 0x0042, 0x0041, 0x0021, 0x0042, 0x08C4, 0x0083, 0x0021, 0x0062, 0x08E5, 0x08E5,
  0x08E5, 0x1106, 0x00A5, 0x11AB, 0x1A0B, 0x0127, 0x0989, 0x014A, 0x2CD6, 0x3495, 0x23B2, 0x45B8,
  0x3D57, 0x4639, 0x677C, 0x1BB3, 0x2517, 0x2CB2, 0x0147, 0x0989, 0x0127, 0x0106, 0x00E6, 0x00C5,
  0x08E6, 0x00A4, 0x00A4, 0x00A4, 0x00A4, 0x00A4, 0x00A4, 0x00A5, 0x0907, 0x1189, 0x1189, 0x1189,
  0x1169, 0x19CA, 0x1189, 0x1169, 0x1189, 0x1169, 0x1169, 0x1189, 0x1169, 0x1189, 0x19CA, 0x1168,
  0x1169, 0x1189, 0x1189, 0x19A9, 0x19A9, 0x1169, 0x1189, 0x1189, 0x1189, 0x1189, 0x1189, 0x0969,
  0x1169, 0x19EB, 0x1189, 0x1169, 0x0969, 0x0969, 0x0969, 0x0969, 0x1169, 0x0969, 0x0969, 0x0969,
  0x0969, 0x1169, 0x19CA, 0x1189, 0x0969, 0x1148, 0x0927, 0x1189, 0x118A, 0x0989, 0x11AA, 0x11A9,
  0x11CA, 0x1168, 0x00C5, 0x0927, 0x1189, 0x1169, 0x1189, 0x1189, 0x1169, 0x1169, 0x0969, 0x1169,
  0x1189, 0x118A, 0x118A, 0x11AB, 0x11ED, 0x1A4F, 0x1291, 0x3BD6, 0x32F1, 0x010A, 0x0A71, 0x6DFD,
  0x3C16, 0x010A, 0x11CD, 0x1AB0, 0x1A4E, 0x1A0C, 0x1A0C, 0x19AA, 0x198A, 0x21AA, 0x29EB, 0x21CB,
  0x21EB, 0x39EE, 0x7B78, 0x555A, 0x3D58, 0x565B, 0x4D39, 0x4396, 0x6336, 0x9B37, 0x396B, 0x0906,
  0x08C5, 0x00A4, 0x00A4, 0x0063, 0x0063, 0x0063, 0x0083, 0x0063, 0x0063, 0x0063, 0x0083, 0x0062,
  0x00A4, 0x0083, 0x0042, 0x0063, 0x0084, 0x0063, 0x0042, 0x0063, 0x0042, 0x08E5, 0x0063, 0x0042,
  0x00A3, 0x0042, 0x0042, 0x0062, 0x0022, 0x0084, 0x00A4, 0x0863, 0x3925, 0x3103, 0x18C4, 0x10C4,
  0x0062, 0x0062, 0x0062, 0x0042, 0x0042, 0x0062, 0x0042, 0x0042, 0x0042, 0x0042, 0x0042, 0x0041,
  0x0041, 0x0041, 0x0042, 0x0041, 0x0041, 0x0041, 0x0041, 0x0041, 0x0021, 0x0041, 0x0041, 0x0021,
  0x0021, 0x0021, 0x0021, 0x0021, 0x0021, 0x0021, 0x0021, 0x0021, 0x0021, 0x0021, 0x0021, 0x0021,
  0x0062, 0x0062, 0x0062, 0x0062, 0x0061, 0x0021, 0x0042, 0x08E4, 0x0082, 0x0042, 0x0082, 0x0082,
  0x0083, 0x0083, 0x0083, 0x0083, 0x0083, 0x0082, 0x0082, 0x00A3, 0x00A3, 0x00A3, 0x00A3, 0x00A3,
  0x00A3, 0x00A3, 0x0083, 0x0082, 0x0041, 0x0042, 0x08C4, 0x0083, 0x0021, 0x0062, 0x0926, 0x1168,
  0x1127, 0x0906, 0x00A4, 0x11AB, 0x19EA, 0x0127, 0x0989, 0x016A, 0x3537, 0x3495, 0x128F, 0x12F1,
  0x1C97, 0x4EBB, 0x571B, 0x1393, 0x2D38, 0x2C91, 0x0147, 0x0988, 0x0127, 0x00E6, 0x00C5, 0x00C5,
  0x08E5, 0x0084, 0x00A4, 0x00A4, 0x00A4, 0x00A4, 0x00A4, 0x00C5, 0x00C6, 0x1169, 0x1189, 0x1189,
  0x1189, 0x19CA, 0x1169, 0x1189, 0x1189, 0x1189, 0x1189, 0x1189, 0x1169, 0x19AA, 0x19CA, 0x1189,
  0x1189, 0x1989, 0x1189, 0x19AA, 0x19AA, 0x1189, 0x1189, 0x1189, 0x1189, 0x1189, 0x11AA, 0x1169,
  0x1189, 0x1A0B, 0x1189, 0x1169, 0x0969, 0x0969, 0x0969, 0x0969, 0x0969, 0x0969, 0x0969, 0x0969,
  0x0969, 0x1169, 0x19CA, 0x1169, 0x1189, 0x0968, 0x0927, 0x1189, 0x1189, 0x31EA, 0x29EA, 0x11A9,
  0x11CA, 0x0927, 0x00C5, 0x0907, 0x1189, 0x1169, 0x1189, 0x1189, 0x1169, 0x1168, 0x1169, 0x1169,
  0x1189, 0x118A, 0x118A, 0x11AB, 0x11EC, 0x1A2E, 0x1A91, 0x1AD2, 0x1271, 0x1A91, 0x2395, 0x3CDA,
  0x1B33, 0x09EE, 0x1A90, 0x1A90, 0x1A2D, 0x1A0C, 0x1A0C, 0x19CA, 0x19AA, 0x21AA, 0x21EB, 0x21CB,
  0x21EB, 0x39EE, 0x7B57, 0x4499, 0x3DB9, 0x4DFA, 0x4CF9, 0x4A94, 0x9338, 0x7272, 0x1107, 0x08E6,
  0x00E5, 0x00A4, 0x0084, 0x0042, 0x0062, 0x0063, 0x0063, 0x0063, 0x0063, 0x0063, 0x0063, 0x0042,
  0x00A4, 0x0063, 0x0042, 0x0063, 0x00A4, 0x0063, 0x0042, 0x0042, 0x0042, 0x08C5, 0x0042, 0x0042,
  0x0083, 0x0022, 0x0042, 0x0042, 0x0022, 0x08A4, 0x0084, 0x0863, 0x3105, 0x0862, 0x18E5, 0x10C4,
  0x0083, 0x08C4, 0x08C4, 0x08C4, 0x08C3, 0x08C3, 0x08C3, 0x08A3, 0x08A3, 0x08A3, 0x00A3, 0x00A3,
  0x08A3, 0x08A3, 0x00A3, 0x00A3, 0x00A3, 0x00A3, 0x0083, 0x0083, 0x0083, 0x0082, 0x0082, 0x0082,
  0x0082, 0x0082, 0x0062, 0x0062, 0x0062, 0x0062, 0x0062, 0x0062, 0x0041, 0x0041, 0x0041, 0x0021,
  0x0083, 0x0083, 0x0083, 0x0082, 0x0082, 0x0021, 0x0062, 0x0905, 0x0083, 0x0062, 0x00A3, 0x00A3,
  0x00A3, 0x08A3, 0x00A3, 0x00A3, 0x08A3, 0x00C3, 0x00A3, 0x08C3, 0x08C4, 0x08C4, 0x08C4, 0x08C4,
  0x08C4, 0x08C4, 0x08C4, 0x00A3, 0x0041, 0x0042, 0x08C4, 0x00A3, 0x0021, 0x0084, 0x222C, 0x1169,
  0x0906, 0x0905, 0x0084, 0x11AA, 0x11CA, 0x0948, 0x0989, 0x016A, 0x3D78, 0x3474, 0x1A8F, 0x1B12,
  0x56BC, 0x3D56, 0x3473, 0x1B52, 0x2D58, 0x2C51, 0x0147, 0x0968, 0x0106, 0x00E6, 0x00C5, 0x00E5,
  0x08E5, 0x0084, 0x00A4, 0x00C5, 0x00A4, 0x00A4, 0x0084, 0x00C5, 0x00A5, 0x1168, 0x1189, 0x1189,
  0x11A9, 0x19CA, 0x1189, 0x19AA, 0x1189, 0x1189, 0x1189, 0x1189, 0x1189, 0x19CA, 0x19CA, 0x1989,
  0x1989, 0x1989, 0x1989, 0x19AA, 0x19CA, 0x1989, 0x1189, 0x1189, 0x1189, 0x1189, 0x11AA, 0x1169,
  0x11AA, 0x220B, 0x1189, 0x1189, 0x0969, 0x0969, 0x0969, 0x0969, 0x0969, 0x0969, 0x0969, 0x0969,
  0x0969, 0x1189, 0x19CA, 0x0969, 0x1189, 0x0948, 0x0907, 0x1189, 0x0927, 0x49EA, 0x420B, 0x11AA,
  0x11CA, 0x0907, 0x00C5, 0x0907, 0x1189, 0x1169, 0x1189, 0x1169, 0x1148, 0x0968, 0x1169, 0x1169,
  0x1189, 0x1189, 0x118A, 0x118A, 0x11CC, 0x120D, 0x124F, 0x1AB1, 0x22F3, 0x2313, 0x2313, 0x1B13,
  0x1B13, 0x22F2, 0x22D1, 0x1A6F, 0x1A2D, 0x1A0C, 0x1A0C, 0x19CA, 0x19AA, 0x19CA, 0x21EB, 0x21CB,
  0x21EC, 0x39EE, 0x72F6, 0x5DDC, 0x4E9B, 0x4578, 0x54F9, 0x6295, 0x9B37, 0x294A, 0x08E6, 0x08E6,
  0x00C5, 0x00A4, 0x0083, 0x0042, 0x0042, 0x0083, 0x0063, 0x0042, 0x0042, 0x0063, 0x0062, 0x0042,
  0x08A4, 0x0042, 0x0042, 0x0063, 0x00A4, 0x0063, 0x0022, 0x0042, 0x0063, 0x08C5, 0x0022, 0x0063,
  0x0084, 0x0042, 0x0042, 0x0042, 0x0022, 0x08A4, 0x0084, 0x0064, 0x20E5, 0x18A4, 0x18E5, 0x0083,
  0x0062, 0x10E5, 0x08E4, 0x08E4, 0x08E4, 0x08E4, 0x08E4, 0x08E4, 0x08E4, 0x08E4, 0x08E4, 0x08C4,
  0x08C4, 0x08C4, 0x08C4, 0x08C4, 0x08C4, 0x08C4, 0x08A4, 0x08A3, 0x08A3, 0x00A3, 0x00A3, 0x00A3,
  0x00A3, 0x00A3, 0x0083, 0x0083, 0x0083, 0x0083, 0x0083, 0x0082, 0x0062, 0x0041, 0x0041, 0x0021,
  0x0062, 0x0083, 0x0083, 0x00A2, 0x0082, 0x0021, 0x0063, 0x1146, 0x08A3, 0x0042, 0x00A3, 0x00A3,
  0x00A3, 0x08A3, 0x0082, 0x0082, 0x00A3, 0x08C4, 0x00C3, 0x00A3, 0x00A3, 0x08C4, 0x08E4, 0x08C4,
  0x00A3, 0x08C3, 0x08C4, 0x00A3, 0x0041, 0x0042, 0x08E4, 0x0082, 0x0063, 0x224D, 0x11CB, 0x0906,
  0x0906, 0x08E5, 0x0084, 0x11CB, 0x11A9, 0x0948, 0x0989, 0x016A, 0x3D98, 0x2413, 0x0A90, 0x12F2,
  0x1352, 0x12D0, 0x0A90, 0x0270, 0x2D58, 0x2410, 0x0127, 0x0168, 0x0106, 0x0106, 0x00C5, 0x08E6,
  0x08E5, 0x0084, 0x00A4, 0x00A4, 0x00A4, 0x00A4, 0x00A4, 0x00C5, 0x08E6, 0x11A9, 0x1189, 0x1189,
  0x19AA, 0x19AA, 0x1189, 0x19CA, 0x1989, 0x1989, 0x1989, 0x19A9, 0x1989, 0x21CA, 0x21AA, 0x1989,
  0x2189, 0x21A9, 0x19A9, 0x21CA, 0x21CA, 0x19AA, 0x19A9, 0x19AA, 0x11AA, 0x11AA, 0x11AA, 0x1189,
  0x11CA, 0x220B, 0x1189, 0x1189, 0x1169, 0x1169, 0x0969, 0x0969, 0x0969, 0x0969, 0x0969, 0x0969,
  0x0969, 0x1189, 0x19CA, 0x0969, 0x1189, 0x0948, 0x00E6, 0x0927, 0x00E6, 0x08C5, 0x1127, 0x11AA,
  0x19CA, 0x0927, 0x00C5, 0x0927, 0x19A9, 0x1189, 0x1189, 0x1169, 0x0968, 0x0968, 0x1169, 0x1169,
  0x1189, 0x1169, 0x118A, 0x118A, 0x11AB, 0x11EC, 0x120D, 0x1A4F, 0x1A70, 0x1A70, 0x1A90, 0x1A90,
  0x1A90, 0x1A90, 0x22D1, 0x1A6E, 0x120C, 0x1A0C, 0x19EB, 0x19CA, 0x19CA, 0x19EB, 0x21EB, 0x21EB,
  0x220C, 0x31EE, 0x7316, 0x4438, 0x4E1B, 0x4D59, 0x4B96, 0x9B38, 0x51EE, 0x1128, 0x08E6, 0x08E5,
  0x0084, 0x00A4, 0x0063, 0x0043, 0x0042, 0x0084, 0x0063, 0x0042, 0x0042, 0x0063, 0x0063, 0x0063,
  0x0084, 0x0042, 0x0042, 0x0063, 0x08A4, 0x0042, 0x0042, 0x0042, 0x0083, 0x00A4, 0x0022, 0x0883,
  0x00A4, 0x0042, 0x0042, 0x0042, 0x0042, 0x00C4, 0x0084, 0x0084, 0x20E5, 0x10A4, 0x08A4, 0x0063,
  0x0042, 0x08C5, 0x0084, 0x1105, 0x1105, 0x0905, 0x0905, 0x0904, 0x08E4, 0x08E4, 0x08E4, 0x08E4,
  0x08E4, 0x08E4, 0x08C4, 0x08E4, 0x08C4, 0x08C4, 0x08C4, 0x00C4, 0x08C4, 0x00A3, 0x00A3, 0x00A3,
  0x00A3, 0x00A3, 0x00A3, 0x00A3, 0x00A3, 0x00A3, 0x0083, 0x0083, 0x0062, 0x0041, 0x0041, 0x0041,
  0x0042, 0x0082, 0x00A3, 0x00A2, 0x0082, 0x0020, 0x0062, 0x1166, 0x08A3, 0x0041, 0x0083, 0x00A3,
  0x00A3, 0x08A3, 0x0082, 0x0062, 0x00A3, 0x00C3, 0x08C3, 0x0082, 0x0082, 0x08C4, 0x08E4, 0x08C4,
  0x0082, 0x0083, 0x08C4, 0x00A3, 0x0041, 0x0062, 0x08E4, 0x0083, 0x118A, 0x2AB0, 0x220D, 0x00E6,
  0x0906, 0x08E5, 0x0084, 0x19CA, 0x1189, 0x0127, 0x0968, 0x016A, 0x45F9, 0x4619, 0x3599, 0x3DB9,
  0x3558, 0x3558, 0x3558, 0x2D37, 0x469B, 0x236D, 0x0126, 0x0168, 0x0106, 0x00E6, 0x00C5, 0x00E5,
  0x00C5, 0x0084, 0x00A4, 0x0105, 0x00E5, 0x0084, 0x00A4, 0x00C5, 0x0927, 0x19AA, 0x11A9, 0x1189,
  0x19CA, 0x19AA, 0x1989, 0x19CA, 0x1989, 0x1989, 0x1989, 0x19AA, 0x1989, 0x21AA, 0x21AA, 0x21A9,
  0x21AA, 0x21AA, 0x21A9, 0x29EB, 0x21CA, 0x21AA, 0x21CA, 0x19A9, 0x11A9, 0x11AA, 0x11AA, 0x118A,
  0x19CA, 0x19EB, 0x1189, 0x11AA, 0x1189, 0x1189, 0x0969, 0x1169, 0x0969, 0x0969, 0x0969, 0x1169,
  0x0969, 0x11AA, 0x19CA, 0x0969, 0x1189, 0x1148, 0x00C6, 0x00E6, 0x00E6, 0x00E6, 0x08E6, 0x1106,
  0x0927, 0x0906, 0x00E6, 0x0906, 0x0927, 0x0928, 0x1168, 0x1148, 0x1168, 0x0969, 0x0969, 0x1169,
  0x1169, 0x0969, 0x0989, 0x118A, 0x11AB, 0x11CB, 0x11EC, 0x120D, 0x1A2E, 0x1A2E, 0x1A2E, 0x1A4E,
  0x122E, 0x1A4E, 0x22B0, 0x1A2D, 0x11EB, 0x1A0C, 0x19CB, 0x19CA, 0x19AA, 0x19CA, 0x21EB, 0x21EB,
  0x220C, 0x31ED, 0x7316, 0x4376, 0x5E3C, 0x4C97, 0x6AB6, 0x8AF5, 0x1108, 0x1148, 0x08E6, 0x08C5,
  0x0084, 0x08C5, 0x0063, 0x0043, 0x0042, 0x00C4, 0x0063, 0x0042, 0x0063, 0x0063, 0x0063, 0x0063,
  0x0063, 0x0042, 0x0042, 0x0084, 0x0084, 0x0042, 0x0042, 0x0042, 0x0084, 0x00A4, 0x0022, 0x08A4,
  0x0083, 0x0022, 0x0042, 0x0042, 0x0063, 0x00C4, 0x00A4, 0x0084, 0x18C5, 0x10A4, 0x0063, 0x20E3,
  0x3144, 0x08A4, 0x0063, 0x0063, 0x1105, 0x0905, 0x0904, 0x08E4, 0x08E4, 0x08E4, 0x08E4, 0x08E4,
  0x08E4, 0x08E4, 0x08C4, 0x08C4, 0x08C4, 0x08C4, 0x08C4, 0x00C4, 0x08C4, 0x00A3, 0x00A3, 0x00A3,
  0x00A3, 0x00A3, 0x00A3, 0x00A3, 0x0083, 0x0083, 0x0083, 0x0083, 0x0083, 0x0062, 0x0041, 0x0021,
  0x0082, 0x0083, 0x00A3, 0x00A2, 0x0082, 0x0020, 0x0062, 0x1145, 0x08A3, 0x0041, 0x0083, 0x00A3,
  0x00A3, 0x00A3, 0x00A2, 0x0083, 0x00A3, 0x00C3, 0x00C3, 0x08A3, 0x00A3, 0x08C4, 0x08E4, 0x08C4,
  0x00A3, 0x08C4, 0x08C4, 0x00A2, 0x0041, 0x0062, 0x00C4, 0x0906, 0x19AB, 0x21CC, 0x21ED, 0x1148,
  0x08E6, 0x08C5, 0x0063, 0x19A9, 0x1167, 0x00E5, 0x0927, 0x0127, 0x1B0D, 0x2C30, 0x2C50, 0x2C30,
  0x23EF, 0x23CE, 0x23EF, 0x240F, 0x2C0F, 0x126A, 0x0147, 0x0127, 0x00E6, 0x00E5, 0x00E5, 0x00E5,
  0x00A4, 0x0084, 0x00C5, 0x330B, 0x636B, 0x2146, 0x0084, 0x08E6, 0x1127, 0x19CA, 0x19A9, 0x19A9,
  0x19CA, 0x19A9, 0x19A9, 0x21CA, 0x1989, 0x2189, 0x21A9, 0x21A9, 0x21A9, 0x21CA, 0x29AA, 0x29AA,
  0x29AA, 0x29AA, 0x29AA, 0x31EB, 0x29AA, 0x21AA, 0x21AA, 0x19AA, 0x19AA, 0x19AA, 0x11AA, 0x1189,
  0x19CA, 0x19CA, 0x11AA, 0x11AA, 0x1189, 0x1169, 0x1169, 0x1169, 0x1189, 0x1189, 0x1169, 0x1169,
  0x0969, 0x11AA, 0x19AA, 0x1169, 0x1168, 0x0927, 0x00E6, 0x00E6, 0x08E6, 0x00E6, 0x08E6, 0x0906,
  0x00E6, 0x00E6, 0x00C6, 0x0906, 0x00E6, 0x0906, 0x00E6, 0x08E6, 0x1168, 0x1169, 0x1169, 0x1169,
  0x1169, 0x1169, 0x1189, 0x1189, 0x118A, 0x11AA, 0x11AB, 0x11CC, 0x11CC, 0x11EC, 0x11EC, 0x1A0C,
  0x11EC, 0x1A0D, 0x228F, 0x1A0C, 0x11CB, 0x19EB, 0x19CA, 0x19CA, 0x19CA, 0x19EB, 0x19EB, 0x19EB,
  0x220C, 0x320D, 0x72D5, 0x5C58, 0x5519, 0x4B35, 0x9B58, 0x39AC, 0x0906, 0x0906, 0x00C5, 0x0084,
  0x00C5, 0x00A4, 0x0063, 0x0043, 0x0063, 0x00A4, 0x0042, 0x0042, 0x0063, 0x0063, 0x0063, 0x0043,
  0x0063, 0x0043, 0x0043, 0x00A4, 0x0083, 0x0042, 0x0042, 0x0042, 0x0083, 0x00A4, 0x0043, 0x08A4,
  0x0044, 0x0045, 0x0043, 0x0042, 0x0063, 0x00A4, 0x00A4, 0x0084, 0x10A4, 0x0883, 0x0882, 0x6204,
  0x51C3, 0x08A4, 0x0084, 0x0022, 0x0083, 0x08E4, 0x08E4, 0x08E4, 0x08E4, 0x08E4, 0x08E4, 0x08E4,
  0x08E4, 0x08C4, 0x08C4, 0x08C3, 0x08C4, 0x08C3, 0x08C3, 0x08C3, 0x08A3, 0x08A3, 0x08A3, 0x08A3,
  0x08A3, 0x08A3, 0x08A3, 0x00A3, 0x0082, 0x0082, 0x0082, 0x00A2, 0x00A3, 0x00A3, 0x0062, 0x0021,
  0x00A3, 0x00A3, 0x00A3, 0x00A2, 0x0082, 0x0020, 0x0042, 0x08E4, 0x0082, 0x0062, 0x00A3, 0x00A3,
  0x00A3, 0x00A3, 0x00C4, 0x08C4, 0x00A3, 0x08C4, 0x08C4, 0x08C4, 0x08C4, 0x08E4, 0x08C4, 0x08E4,
  0x08E4, 0x08C4, 0x08C4, 0x00A2, 0x0041, 0x0063, 0x1148, 0x08A6, 0x1969, 0x196A, 0x21AC, 0x198A,
  0x0906, 0x08C5, 0x0063, 0x1968, 0x0927, 0x00A5, 0x00C5, 0x00C5, 0x0106, 0x0126, 0x0188, 0x0147,
  0x0126, 0x0126, 0x0147, 0x0167, 0x0147, 0x0167, 0x0127, 0x0106, 0x00E5, 0x00E6, 0x00E5, 0x00C5,
  0x00A4, 0x00A4, 0x00C5, 0x08E4, 0x10C4, 0x08A4, 0x00A4, 0x08C5, 0x1148, 0x19CA, 0x19A9, 0x19CA,
  0x19CA, 0x19A9, 0x21AA, 0x29CA, 0x2189, 0x21A9, 0x21A9, 0x29AA, 0x29A9, 0x29CA, 0x29AA, 0x31AA,
  0x39A9, 0x3989, 0x3989, 0x39EB, 0x31AA, 0x31AA, 0x29AA, 0x21AA, 0x198A, 0x198A, 0x11AA, 0x1189,
  0x19CA, 0x11AA, 0x19CA, 0x19CA, 0x1189, 0x1189, 0x1169, 0x1189, 0x1169, 0x1169, 0x0969, 0x1169,
  0x0969, 0x19AA, 0x1189, 0x2989, 0x3989, 0x00C6, 0x08E6, 0x00E6, 0x00E6, 0x0106, 0x00E6, 0x0107,
  0x0128, 0x0127, 0x0107, 0x0107, 0x0907, 0x0927, 0x0906, 0x00E6, 0x1148, 0x1148, 0x1168, 0x1169,
  0x1169, 0x1169, 0x1169, 0x1169, 0x1189, 0x118A, 0x11AA, 0x11AA, 0x11AA, 0x11CB, 0x19CB, 0x19CB,
  0x19CB, 0x19EC, 0x224D, 0x11EB, 0x11CA, 0x19EB, 0x19AA, 0x19AA, 0x19AA, 0x19EB, 0x19EB, 0x19CA,
  0x21EB, 0x29ED, 0x6AB4, 0x6CDA, 0x4BF7, 0x82D7, 0x7292, 0x08E6, 0x0906, 0x08E6, 0x0084, 0x00A4,
  0x00C5, 0x00A4, 0x0043, 0x0063, 0x0063, 0x0084, 0x0042, 0x0042, 0x0063, 0x0063, 0x0042, 0x0042,
  0x0043, 0x0042, 0x0042, 0x00A4, 0x0083, 0x0042, 0x0042, 0x0042, 0x0083, 0x0083, 0x0064, 0x08E8,
  0x192C, 0x196E, 0x0065, 0x0062, 0x0083, 0x00C4, 0x08C5, 0x00A4, 0x1084, 0x18A3, 0x51A3, 0x6A03,
  0x51C3, 0x08C4, 0x0084, 0x0042, 0x0021, 0x0062, 0x0082, 0x0082, 0x0062, 0x0062, 0x0082, 0x0062,
  0x0062, 0x0062, 0x0062, 0x0061, 0x0061, 0x0061, 0x0061, 0x0061, 0x0061, 0x0041, 0x0061, 0x0041,
  0x0041, 0x0062, 0x08A3, 0x0082, 0x0021, 0x0021, 0x0041, 0x0062, 0x08A3, 0x00A3, 0x0062, 0x0021,
  0x0082, 0x0083, 0x00A3, 0x00A3, 0x0082, 0x0021, 0x0021, 0x0082, 0x0041, 0x0062, 0x00A3, 0x00A3,
  0x08A3, 0x00A3, 0x08C4, 0x1105, 0x08C4, 0x08C3, 0x08C4, 0x08C4, 0x08C4, 0x08C4, 0x08E4, 0x08E4,
  0x08E4, 0x08E4, 0x08C4, 0x00A3, 0x0021, 0x08E6, 0x21CB, 0x08C6, 0x10E7, 0x196A, 0x216A, 0x218A,
  0x1107, 0x08C5, 0x0084, 0x1147, 0x0906, 0x00A5, 0x00C5, 0x00A4, 0x00C5, 0x0106, 0x0968, 0x0106,
  0x0106, 0x0106, 0x0127, 0x0968, 0x0126, 0x00E5, 0x0106, 0x00E5, 0x00C5, 0x00E6, 0x00E5, 0x00C5,
  0x00A4, 0x00A4, 0x00C5, 0x0084, 0x0084, 0x0084, 0x00A4, 0x00C5, 0x1168, 0x19CA, 0x19AA, 0x19CA,
  0x21CA, 0x21AA, 0x29CA, 0x29CA, 0x29A9, 0x29AA, 0x29AA, 0x29AA, 0x29CA, 0x31CA, 0x31CA, 0x41EA,
  0x49CA, 0x49AA, 0x49AA, 0x4A0B, 0x39AA, 0x3189, 0x31AA, 0x21AA, 0x19AA, 0x19AA, 0x11AA, 0x11AA,
  0x19CA, 0x118A, 0x19EB, 0x11CA, 0x1189, 0x1189, 0x1189, 0x1189, 0x1189, 0x1169, 0x1189, 0x1189,
  0x1169, 0x19AA, 0x1189, 0x1948, 0x1107, 0x08E6, 0x00E6, 0x00E6, 0x00E6, 0x0107, 0x0906, 0x0969,
  0x1A6D, 0x1A6E, 0x1A6D, 0x1A4D, 0x0948, 0x1148, 0x00E6, 0x00C5, 0x3188, 0x2189, 0x0948, 0x1169,
  0x1168, 0x1169, 0x1169, 0x1169, 0x1169, 0x1189, 0x118A, 0x11AA, 0x1189, 0x11AA, 0x11AA, 0x11AA,
  0x11CB, 0x19EC, 0x222D, 0x19CB, 0x19CA, 0x19EB, 0x19AA, 0x19AA, 0x11AA, 0x19CB, 0x19EB, 0x19CA,
  0x21EB, 0x29ED, 0x72B4, 0x6C7A, 0x6376, 0xA377, 0x294A, 0x0906, 0x0906, 0x00A5, 0x0084, 0x00C4,
  0x00A5, 0x08C5, 0x0063, 0x0083, 0x0083, 0x0084, 0x0042, 0x0042, 0x0884, 0x0063, 0x0043, 0x0043,
  0x0042, 0x0042, 0x0063, 0x00A4, 0x0063, 0x0042, 0x0063, 0x0063, 0x0084, 0x00A7, 0x112B, 0x218E,
  0x218F, 0x218E, 0x0086, 0x0083, 0x00A4, 0x00C4, 0x08C5, 0x0084, 0x1084, 0x28E3, 0x5A03, 0x5A22,
  0x5203, 0x08A4, 0x00A4, 0x0042, 0x0021, 0x0042, 0x0021, 0x0001, 0x0001, 0x0000, 0x0000, 0x0000,
  0x0020, 0x0020, 0x0020, 0x0000, 0x0000, 0x0000, 0x0000, 0x0000, 0x0000, 0x0000, 0x0000, 0x0000,
  0x0000, 0x0021, 0x0082, 0x0062, 0x0021, 0x0001, 0x0000, 0x0021, 0x0082, 0x00A3, 0x0062, 0x0021,
  0x0062, 0x0062, 0x0083, 0x08A3, 0x0082, 0x0021, 0x0021, 0x0041, 0x0021, 0x0062, 0x0083, 0x00A3,
  0x08A3, 0x0062, 0x0082, 0x1125, 0x0905, 0x00C4, 0x08C4, 0x08A3, 0x00A3, 0x08C4, 0x08E4, 0x08A3,
  0x0082, 0x00C3, 0x08E4, 0x0083, 0x0084, 0x1948, 0x1949, 0x1949, 0x08C6, 0x1929, 0x216A, 0x216A,
  0x1928, 0x08C5, 0x0084, 0x1106, 0x00A4, 0x0084, 0x00A5, 0x0084, 0x00A4, 0x00E5, 0x00E5, 0x00A4,
  0x00C4, 0x00A4, 0x0106, 0x0107, 0x00E6, 0x0084, 0x00E5, 0x00C5, 0x00C5, 0x08E6, 0x00C5, 0x00C5,
  0x00A4, 0x00A4, 0x00E5, 0x0084, 0x0084, 0x0084, 0x00A4, 0x00C5, 0x1148, 0x19CA, 0x19AA, 0x21CA,
  0x21CA, 0x21CA, 0x29CA, 0x31CA, 0x31AA, 0x39CA, 0x39CA, 0x39EA, 0x31EA, 0x31EA, 0x39A9, 0x4189,
  0x5969, 0x6969, 0x6169, 0x4989, 0x5AEE, 0x9516, 0x422C, 0x29AA, 0x21AA, 0x21AA, 0x19AA, 0x19AA,
  0x19CA, 0x11AA, 0x19EB, 0x11CA, 0x1189, 0x118A, 0x118A, 0x1189, 0x1189, 0x118A, 0x118A, 0x118A,
  0x1169, 0x19CA, 0x1189, 0x1148, 0x08E6, 0x0907, 0x00E6, 0x00E6, 0x00E6, 0x0106, 0x00E6, 0x0107,
  0x0928, 0x0948, 0x0948, 0x0927, 0x0927, 0x0927, 0x00E6, 0x00E6, 0x10E6, 0x1968, 0x1169, 0x1169,
  0x1168, 0x1169, 0x1169, 0x1169, 0x1169, 0x1169, 0x1189, 0x1189, 0x1189, 0x118A, 0x11AA, 0x11AA,
  0x11AA, 0x19CB, 0x222C, 0x19CA, 0x19CA, 0x19CA, 0x19AA, 0x19CA, 0x19CA, 0x19EB, 0x19CA, 0x19CA,
  0x21EB, 0x29CC, 0x72D4, 0x62D6, 0x9378, 0x6A50, 0x08C6, 0x0906, 0x08E6, 0x0084, 0x00A4, 0x00A4,
  0x00A4, 0x08C5, 0x0063, 0x0083, 0x0084, 0x0063, 0x0042, 0x0042, 0x0083, 0x0063, 0x0063, 0x0042,
  0x0042, 0x0042, 0x0063, 0x00A4, 0x0063, 0x0063, 0x0064, 0x0086, 0x110A, 0x216D, 0x216D, 0x194C,
  0x192B, 0x216D, 0x0085, 0x0083, 0x00A4, 0x08C5, 0x00A4, 0x0063, 0x1084, 0x2903, 0x6284, 0x6263,
  0x49E3, 0x08A4, 0x0884, 0x0043, 0x0022, 0x0042, 0x0042, 0x0021, 0x0000, 0x0000, 0x0021, 0x0020,
  0x0020, 0x0020, 0x0020, 0x0021, 0x0021, 0x0000, 0x0000, 0x0000, 0x0000, 0x0000, 0x0000, 0x0000,
  0x0000, 0x0000, 0x0082, 0x0083, 0x0062, 0x0062, 0x0021, 0x0000, 0x0061, 0x00A3, 0x0062, 0x0041,
  0x0083, 0x0083, 0x00A3, 0x00A3, 0x0062, 0x0020, 0x0021, 0x0021, 0x0000, 0x0042, 0x0082, 0x00A3,
  0x00A3, 0x0041, 0x0062, 0x1105, 0x1105, 0x08C4, 0x08C4, 0x00A3, 0x00A3, 0x08E4, 0x08E4, 0x08A3,
  0x0082, 0x08A3, 0x08C4, 0x00A3, 0x0907, 0x1128, 0x1929, 0x1969, 0x08C6, 0x10C6, 0x214A, 0x214A,
  0x2149, 0x18E6, 0x0084, 0x1106, 0x00A4, 0x00A4, 0x00A4, 0x0084, 0x00A4, 0x08E5, 0x00A4, 0x0083,
  0x00A4, 0x0084, 0x0106, 0x00E6, 0x00C5, 0x0063, 0x00C5, 0x00A5, 0x00C5, 0x00E5, 0x00C5, 0x00A5,
  0x0084, 0x00A4, 0x08E5, 0x0906, 0x08E6, 0x0084, 0x00A4, 0x00C5, 0x1168, 0x19CA, 0x19CA, 0x21CA,
  0x21CA, 0x29AA, 0x31EB, 0x39CA, 0x39CA, 0x49CA, 0x4189, 0x3127, 0x2126, 0x2106, 0x18A4, 0x3884,
  0x80A4, 0xA967, 0xA166, 0x5884, 0x4A09, 0x5B6F, 0x2989, 0x31CB, 0x29AA, 0x21AA, 0x21AA, 0x19AA,
  0x19CB, 0x19CA, 0x19EB, 0x11AA, 0x11AA, 0x11AA, 0x118A, 0x118A, 0x118A, 0x118A, 0x11AA, 0x11AA,
  0x1189, 0x19CA, 0x1189, 0x1148, 0x00E6, 0x0906, 0x08E6, 0x08E6, 0x00C5, 0x1988, 0x3A8B, 0x1126,
  0x00E6, 0x00E6, 0x00E6, 0x00E6, 0x08E6, 0x00E6, 0x00C5, 0x00C5, 0x00E6, 0x0948, 0x1189, 0x1169,
  0x1169, 0x1169, 0x1169, 0x1169, 0x1169, 0x1169, 0x1189, 0x1189, 0x1169, 0x1189, 0x118A, 0x11AA,
  0x11AA, 0x19EB, 0x1A0B, 0x19EB, 0x19CA, 0x19CA, 0x19CA, 0x19CA, 0x19CA, 0x19CB, 0x19CA, 0x19CA,
  0x29EC, 0x29CC, 0x6A53, 0x8297, 0x9315, 0x1908, 0x08E6, 0x08E6, 0x0084, 0x00A4, 0x00A4, 0x0084,
  0x00A4, 0x00C4, 0x0063, 0x0084, 0x0064, 0x0063, 0x0042, 0x0063, 0x0063, 0x0043, 0x0043, 0x0043,
  0x0043, 0x0043, 0x0084, 0x00A4, 0x0064, 0x00A6, 0x192B, 0x216D, 0x216C, 0x192B, 0x192A, 0x192A,
  0x216B, 0x216D, 0x0085, 0x0084, 0x00A4, 0x08C5, 0x0084, 0x0043, 0x1083, 0x3103, 0x5A44, 0x3962,
  0x2103, 0x08A4, 0x08A5, 0x0043, 0x0022, 0x0042, 0x0042, 0x0883, 0x0021, 0x0000, 0x0021, 0x0001,
  0x0000, 0x0000, 0x0000, 0x0021, 0x0001, 0x0000, 0x0000, 0x0000, 0x0000, 0x0000, 0x0000, 0x0000,
  0x0000, 0x0000, 0x0062, 0x0062, 0x0062, 0x0062, 0x0041, 0x0021, 0x0061, 0x08A3, 0x0062, 0x0041,
  0x00A3, 0x08A3, 0x00A3, 0x0082, 0x0041, 0x0000, 0x0021, 0x0021, 0x0000, 0x0042, 0x0062, 0x00A3,
  0x00A3, 0x0061, 0x0021, 0x0082, 0x08C4, 0x08C4, 0x08C4, 0x08E4, 0x08C4, 0x08E4, 0x08E4, 0x08E4,
  0x08C4, 0x08E4, 0x08C4, 0x0042, 0x08C5, 0x1949, 0x1949, 0x2149, 0x1928, 0x08C6, 0x1928, 0x2149,
  0x2149, 0x2128, 0x08A5, 0x1106, 0x00A4, 0x0084, 0x00A4, 0x0083, 0x00A4, 0x0906, 0x0084, 0x0084,
  0x00A4, 0x00A5, 0x0906, 0x00A5, 0x0084, 0x0084, 0x00A4, 0x0084, 0x00C5, 0x00C5, 0x08E5, 0x00A4,
  0x00A4, 0x00A4, 0x00E5, 0x220A, 0x2A2A, 0x08C5, 0x00A4, 0x08C5, 0x1168, 0x19CA, 0x19CA, 0x21CA,
  0x29CA, 0x29AA, 0x41EB, 0x41EB, 0x51CA, 0x6189, 0x4864, 0x2843, 0x1063, 0x10A4, 0x18A4, 0x58A4,
  0xEB4B, 0xFCEF, 0xFB8B, 0x8905, 0x30C5, 0x18A4, 0x1926, 0x29EA, 0x29AA, 0x29CB, 0x21AA, 0x21CB,
  0x19CB, 0x19CB, 0x19EB, 0x11AA, 0x11AA, 0x11AA, 0x11AA, 0x11AA, 0x118A, 0x11AA, 0x11CA, 0x11AA,
  0x1189, 0x11AA, 0x1189, 0x1148, 0x08E6, 0x0906, 0x00C6, 0x0927, 0x2A4A, 0x1147, 0x42CB, 0x4B2D,
  0x2A4A, 0x2A4B, 0x3ACC, 0x19A9, 0x324A, 0x21E8, 0x3ACC, 0x3AEC, 0x1188, 0x0948, 0x1189, 0x1169,
  0x1169, 0x1169, 0x1169, 0x1169, 0x1169, 0x1169, 0x1169, 0x1169, 0x1169, 0x19AA, 0x19AA, 0x11AA,
  0x11AA, 0x19EB, 0x1A0B, 0x19EB, 0x19CA, 0x19CA, 0x19EB, 0x19CA, 0x19AA, 0x19CA, 0x19CA, 0x19AA,
  0x29EC, 0x29AB, 0x7233, 0xB339, 0x396B, 0x00E6, 0x08E6, 0x08C5, 0x0084, 0x00C5, 0x0084, 0x0084,
  0x00A4, 0x08C5, 0x0084, 0x0083, 0x00A4, 0x0063, 0x0063, 0x0083, 0x0063, 0x0063, 0x0063, 0x0063,
  0x0063, 0x0063, 0x0085, 0x08E8, 0x194B, 0x218D, 0x216D, 0x192B, 0x1909, 0x1909, 0x1909, 0x1929,
  0x216B, 0x216C, 0x0086, 0x00A4, 0x00A4, 0x08C5, 0x0063, 0x0043, 0x0883, 0x18C3, 0x18E2, 0x0882,
  0x0042, 0x08A4, 0x08C5, 0x0043, 0x0022, 0x0042, 0x0884, 0x08A4, 0x1083, 0x0001, 0x0001, 0x0021,
  0x0021, 0x0021, 0x0001, 0x0021, 0x0000, 0x0000, 0x0000, 0x0000, 0x0000, 0x0000, 0x0000, 0x0000,
  0x0000, 0x0020, 0x0062, 0x0062, 0x0062, 0x0062, 0x0041, 0x0021, 0x0062, 0x00A3, 0x0062, 0x0041,
  0x0062, 0x0083, 0x00A3, 0x0082, 0x0041, 0x0000, 0x0021, 0x0062, 0x0021, 0x0042, 0x0062, 0x0083,
  0x00A3, 0x0041, 0x0000, 0x0021, 0x0083, 0x08C4, 0x08C4, 0x08E4, 0x08E4, 0x08E4, 0x08E4, 0x08C4,
  0x08C4, 0x08C4, 0x08C4, 0x0042, 0x0084, 0x1948, 0x216A, 0x2129, 0x1928, 0x1907, 0x10C7, 0x2949,
  0x2949, 0x2928, 0x08A5, 0x1106, 0x0084, 0x0084, 0x0083, 0x0063, 0x00A5, 0x0906, 0x0063, 0x00A4,
  0x00A4, 0x00C5, 0x0906, 0x00A4, 0x0063, 0x0084, 0x00A4, 0x0084, 0x00C5, 0x00C5, 0x08E5, 0x0084,
  0x0084, 0x00A4, 0x00C5, 0x0063, 0x0084, 0x0084, 0x00C5, 0x08C5, 0x1989, 0x19CA, 0x19CA, 0x21CA,
  0x29AA, 0x31AA, 0x41EB, 0x49CB, 0x6989, 0x9946, 0xB1A7, 0x68E5, 0x1884, 0x18A4, 0x18A5, 0x50C5,
  0xA9A6, 0xB9C6, 0xA105, 0x60A4, 0x28C5, 0x18C5, 0x10E5, 0x1189, 0x1148, 0x420B, 0x422C, 0x21CB,
  0x21EC, 0x19EC, 0x1A0C, 0x11CB, 0x11CB, 0x11CB, 0x11CB, 0x11AA, 0x11AA, 0x11CB, 0x11CB, 0x11AA,
  0x118A, 0x11AA, 0x1189, 0x0907, 0x08E6, 0x08E6, 0x00E6, 0x0906, 0x0927, 0x00E6, 0x00C6, 0x0926,
  0x0927, 0x0927, 0x0947, 0x0927, 0x1167, 0x0926, 0x1147, 0x1168, 0x0926, 0x0968, 0x1169, 0x1169,
  0x1149, 0x1169, 0x1169, 0x1169, 0x1169, 0x1169, 0x1169, 0x1169, 0x1169, 0x19AA, 0x198A, 0x19AA,
  0x11AA, 0x19EA, 0x19EB, 0x19EA, 0x19CA, 0x19CA, 0x19EB, 0x11AA, 0x19CA, 0x19CA, 0x19CA, 0x19AA,
  0x2A0C, 0x198A, 0x8A94, 0x8A94, 0x00A5, 0x0906, 0x08E6, 0x0084, 0x00C5, 0x00A4, 0x0084, 0x0084,
  0x00C5, 0x08E6, 0x00A4, 0x0083, 0x0084, 0x0063, 0x0063, 0x0063, 0x0063, 0x0063, 0x0083, 0x0063,
  0x0084, 0x08E7, 0x194B, 0x21AE, 0x216D, 0x192B, 0x1909, 0x1909, 0x1909, 0x1909, 0x1908, 0x1929,
  0x216B, 0x216D, 0x08C8, 0x08E5, 0x0084, 0x08C5, 0x0083, 0x0083, 0x0863, 0x0884, 0x0062, 0x0882,
  0x0863, 0x0884, 0x08A5, 0x0063, 0x0022, 0x10A4, 0x10A4, 0x0884, 0x3927, 0x3906, 0x0000, 0x0021,
  0x0021, 0x0021, 0x0021, 0x0001, 0x0001, 0x0000, 0x0000, 0x0000, 0x0000, 0x0000, 0x0000, 0x0000,
  0x0000, 0x0020, 0x0062, 0x0062, 0x0083, 0x0083, 0x0041, 0x0021, 0x0062, 0x00A3, 0x0062, 0x0041,
  0x0041, 0x0083, 0x00A3, 0x0082, 0x0020, 0x0000, 0x0042, 0x00A3, 0x0083, 0x00A3, 0x0062, 0x0083,
  0x0083, 0x0041, 0x0000, 0x0000, 0x0042, 0x00A3, 0x08C4, 0x08A3, 0x00A3, 0x08E4, 0x08E4, 0x08C3,
  0x0083, 0x0063, 0x0084, 0x0063, 0x0084, 0x1107, 0x2149, 0x2149, 0x1907, 0x1928, 0x18E7, 0x2949,
  0x314A, 0x2928, 0x18E6, 0x10E6, 0x0063, 0x0084, 0x0084, 0x0084, 0x08E5, 0x08E5, 0x0063, 0x00A4,
  0x0084, 0x08E6, 0x00C5, 0x0084, 0x0063, 0x0084, 0x00A5, 0x0084, 0x00C5, 0x00C5, 0x00C5, 0x0083,
  0x0084, 0x00C5, 0x00C5, 0x0084, 0x00A4, 0x0084, 0x00A5, 0x00C5, 0x0907, 0x19CA, 0x21CA, 0x21CA,
  0x29CA, 0x31CA, 0x420B, 0x49CB, 0x7188, 0xD2E9, 0xDAC9, 0x7926, 0x2063, 0x18A4, 0x18C4, 0x30C5,
  0x4063, 0x5043, 0x5084, 0x30A4, 0x18A4, 0x10A5, 0x08A4, 0x1147, 0x1148, 0x1107, 0x41EB, 0x4A6E,
  0x21ED, 0x220D, 0x1A0D, 0x19EC, 0x19EC, 0x19CC, 0x11CB, 0x11CB, 0x11CB, 0x19EB, 0x19EB, 0x11AA,
  0x1189, 0x118A, 0x1189, 0x0907, 0x00E6, 0x00E6, 0x00E6, 0x0906, 0x1188, 0x1147, 0x0927, 0x00C6,
  0x00C6, 0x0906, 0x0927, 0x00E6, 0x1147, 0x1147, 0x1167, 0x1147, 0x0927, 0x1168, 0x1189, 0x1169,
  0x1169, 0x1169, 0x1168, 0x1169, 0x1169, 0x1169, 0x1169, 0x1189, 0x1169, 0x19AA, 0x198A, 0x19AA,
  0x11CA, 0x19EB, 0x1A0B, 0x19EA, 0x19CA, 0x19CA, 0x19CA, 0x11CA, 0x19CA, 0x19CA, 0x19CA, 0x19CA,
  0x220B, 0x198A, 0x51EE, 0x2929, 0x00C5, 0x08E6, 0x00A4, 0x0084, 0x00C5, 0x0084, 0x00A4, 0x0063,
  0x08C5, 0x08E5, 0x00A4, 0x0063, 0x0083, 0x0063, 0x0063, 0x0063, 0x0063, 0x0063, 0x0085, 0x08E8,
  0x196B, 0x21AE, 0x218D, 0x194B, 0x192A, 0x1109, 0x1908, 0x1908, 0x1909, 0x1909, 0x1908, 0x1908,
  0x214A, 0x216D, 0x1109, 0x08E6, 0x0084, 0x00A4, 0x00A4, 0x00A4, 0x0063, 0x08A4, 0x0062, 0x10A3,
  0x0862, 0x0884, 0x08A4, 0x0883, 0x0883, 0x10C5, 0x0884, 0x30E6, 0x5968, 0x4926, 0x2083, 0x0020,
  0x0041, 0x0021, 0x0001, 0x0021, 0x0021, 0x0001, 0x0021, 0x0021, 0x0000, 0x0000, 0x0000, 0x0000,
  0x0000, 0x0021, 0x0062, 0x0062, 0x08A3, 0x08A4, 0x0042, 0x0021, 0x0062, 0x00A3, 0x0062, 0x0021,
  0x0083, 0x00A3, 0x00A3, 0x0062, 0x0021, 0x0001, 0x0083, 0x00A3, 0x00A3, 0x08E4, 0x0062, 0x0062,
  0x0082, 0x0021, 0x0000, 0x0020, 0x0062, 0x08A4, 0x08C4, 0x08A3, 0x0083, 0x08C4, 0x08E4, 0x08C3,
  0x08C4, 0x0063, 0x0084, 0x0063, 0x00A4, 0x1107, 0x2148, 0x2149, 0x2128, 0x2128, 0x2108, 0x2107,
  0x316A, 0x3128, 0x18C5, 0x10E6, 0x0063, 0x0084, 0x0083, 0x00A5, 0x00C6, 0x00A5, 0x0084, 0x00C5,
  0x0084, 0x08C5, 0x0084, 0x0084, 0x0084, 0x00A5, 0x1148, 0x00C5, 0x00C5, 0x00C5, 0x00A4, 0x0083,
  0x0084, 0x00C5, 0x00C4, 0x0084, 0x0063, 0x0084, 0x00A5, 0x00C5, 0x08E6, 0x19CA, 0x21CA, 0x21CA,
  0x29CA, 0x31CA, 0x420B, 0x41EB, 0x4968, 0x5083, 0x4843, 0x3063, 0x2084, 0x10A4, 0x1906, 0x2106,
  0x28E5, 0x30E5, 0x30E5, 0x28E5, 0x18C4, 0x08A4, 0x08C4, 0x1106, 0x2968, 0x1969, 0x198A, 0x5AB0,
  0x4AB0, 0x222E, 0x222E, 0x1A0D, 0x1A0E, 0x1A0D, 0x11ED, 0x11ED, 0x11CC, 0x19EC, 0x19EB, 0x11AA,
  0x118A, 0x118A, 0x11AA, 0x0907, 0x08E6, 0x00E6, 0x00E6, 0x0906, 0x21E9, 0x1167, 0x1147, 0x00E6,
  0x00E6, 0x0927, 0x19A8, 0x0906, 0x19A8, 0x19C8, 0x21E9, 0x21C9, 0x1188, 0x0948, 0x1189, 0x1169,
  0x1169, 0x1149, 0x1169, 0x1169, 0x1169, 0x1169, 0x1169, 0x1189, 0x1989, 0x19AA, 0x19A9, 0x19AA,
  0x19CA, 0x19EB, 0x1A0B, 0x19EA, 0x19CA, 0x19CA, 0x19CA, 0x19CA, 0x19CA, 0x19CB, 0x19CA, 0x19CB,
  0x21EB, 0x19AA, 0x0927, 0x00C5, 0x08E5, 0x00C5, 0x0063, 0x00A4, 0x00A4, 0x00A4, 0x00C5, 0x0084,
  0x00C5, 0x00C5, 0x0084, 0x0063, 0x0084, 0x0063, 0x0083, 0x0084, 0x0085, 0x08E8, 0x196C, 0x21AE,
  0x218D, 0x196B, 0x196B, 0x196B, 0x196B, 0x192A, 0x1909, 0x1908, 0x1909, 0x1909, 0x1908, 0x1928,
  0x216A, 0x214D, 0x112A, 0x08C5, 0x0084, 0x08C5, 0x00A4, 0x0084, 0x0043, 0x0884, 0x0062, 0x10A2,
  0x0862, 0x0884, 0x08A4, 0x0884, 0x10A5, 0x18A5, 0x3106, 0x5148, 0x4906, 0x4905, 0x5105, 0x1842,
  0x0021, 0x0041, 0x0021, 0x0041, 0x0042, 0x0021, 0x0021, 0x0041, 0x0021, 0x0021, 0x0021, 0x0021,
  0x0000, 0x0021, 0x0082, 0x0042, 0x0062, 0x0083, 0x0041, 0x0021, 0x0062, 0x00A3, 0x0062, 0x0021,
  0x00A3, 0x00A3, 0x00A3, 0x0062, 0x0020, 0x0021, 0x08A4, 0x0082, 0x0082, 0x08E4, 0x0082, 0x0082,
  0x0062, 0x0062, 0x0083, 0x0041, 0x0082, 0x08C4, 0x08C4, 0x08E4, 0x08C4, 0x08E4, 0x08E4, 0x08C4,
  0x00C5, 0x08C6, 0x08A5, 0x0063, 0x00A4, 0x08E7, 0x2149, 0x2949, 0x2128, 0x2928, 0x2928, 0x18C7,
  0x3149, 0x3148, 0x18C5, 0x10E5, 0x0063, 0x0084, 0x0063, 0x1129, 0x21AB, 0x1929, 0x2929, 0x2929,
  0x2129, 0x2129, 0x2108, 0x18E8, 0x18E8, 0x18E7, 0x1127, 0x00C5, 0x00C5, 0x00A5, 0x00A4, 0x0084,
  0x00A4, 0x00C5, 0x0084, 0x0967, 0x32AB, 0x00A4, 0x00A5, 0x08C6, 0x0907, 0x19CA, 0x21CA, 0x21CA,
  0x29CA, 0x31CA, 0x3A0B, 0x39CA, 0x39CA, 0x20A4, 0x20A4, 0x28C5, 0x20C5, 0x1906, 0x1988, 0x18E5,
  0x18C4, 0x20C4, 0x10A4, 0x10A4, 0x3126, 0x10A4, 0x08A4, 0x10E5, 0x3168, 0x29AA, 0x2AAF, 0x3AD1,
  0x6B53, 0x42D2, 0x1A4F, 0x1A4F, 0x1A4F, 0x1A2F, 0x1A2F, 0x1A0E, 0x1A0E, 0x1A0D, 0x19EC, 0x11AB,
  0x11AA, 0x11AB, 0x19AA, 0x0907, 0x08E6, 0x00E6, 0x00E6, 0x00E6, 0x00E6, 0x00E6, 0x00E6, 0x00E6,
  0x08E6, 0x00E6, 0x00C5, 0x0106, 0x0927, 0x00E6, 0x00E6, 0x00E6, 0x00E6, 0x1168, 0x1189, 0x1169,
  0x1169, 0x1169, 0x1189, 0x1169, 0x1169, 0x1169, 0x1169, 0x1189, 0x19A9, 0x19AA, 0x11A9, 0x19A9,
  0x19CA, 0x19EB, 0x1A0B, 0x19EA, 0x19CA, 0x19CA, 0x19CA, 0x19CA, 0x19EA, 0x21EB, 0x19CA, 0x21EB,
  0x21EB, 0x1189, 0x0948, 0x11A9, 0x08E6, 0x0063, 0x0084, 0x00A4, 0x0083, 0x00A5, 0x08C5, 0x0084,
  0x00C5, 0x08E5, 0x0084, 0x0084, 0x00A4, 0x0084, 0x00A5, 0x1129, 0x198D, 0x29CF, 0x218D, 0x196B,
  0x196B, 0x198B, 0x21AC, 0x198C, 0x11AD, 0x21AD, 0x194A, 0x1909, 0x1908, 0x1908, 0x1929, 0x194A,
  0x194A, 0x216D, 0x194B, 0x00C5, 0x0084, 0x08C5, 0x0084, 0x0063, 0x0063, 0x0884, 0x0863, 0x10A3,
  0x0862, 0x0864, 0x10C5, 0x10A5, 0x10A5, 0x3927, 0x5969, 0x5126, 0x5926, 0x6904, 0x6924, 0x6144,
  0x1061, 0x0041, 0x0021, 0x0041, 0x0041, 0x0021, 0x0021, 0x0041, 0x0021, 0x0021, 0x0041, 0x0021,
  0x0000, 0x0021, 0x0082, 0x0061, 0x0041, 0x0042, 0x0021, 0x0041, 0x0082, 0x00A3, 0x0062, 0x0021,
  0x0083, 0x00A3, 0x00A3, 0x0082, 0x0021, 0x0021, 0x00A3, 0x0883, 0x0062, 0x08C4, 0x0082, 0x0082,
  0x0061, 0x0062, 0x00A3, 0x0062, 0x0062, 0x00C4, 0x08C4, 0x08E4, 0x08E4, 0x08E4, 0x08E4, 0x08E5,
  0x0083, 0x08C6, 0x08E6, 0x0063, 0x00A5, 0x1107, 0x2107, 0x3149, 0x2929, 0x2928, 0x2948, 0x3969,
  0x3149, 0x2928, 0x10C5, 0x10E5, 0x0063, 0x0084, 0x0084, 0x1949, 0x316A, 0x3108, 0x5989, 0x92CB,
  0x5949, 0x416B, 0x394A, 0x312A, 0x3129, 0x2929, 0x08A5, 0x21E9, 0x4B0C, 0x4A2A, 0x10C5, 0x0084,
  0x00A4, 0x00C5, 0x0084, 0x0906, 0x3249, 0x08A4, 0x00A5, 0x0906, 0x1127, 0x19CA, 0x21CA, 0x21CA,
  0x21CA, 0x29EA, 0x320B, 0x31CA, 0x39EB, 0x2127, 0x1883, 0x20C5, 0x18A4, 0x10C5, 0x1106, 0x10A5,
  0x0884, 0x0863, 0x0884, 0x00A4, 0x18C4, 0x2906, 0x0884, 0x08C5, 0x2147, 0x41EA, 0x4393, 0x2BB5,
  0x3290, 0x3A8F, 0x2270, 0x2270, 0x1A50, 0x1A71, 0x1A70, 0x1A50, 0x1A4F, 0x1A2E, 0x1A0D, 0x11CB,
  0x11AB, 0x11CB, 0x11AA, 0x0107, 0x00E6, 0x08E6, 0x00E6, 0x0907, 0x0907, 0x00E6, 0x0906, 0x0906,
  0x08E6, 0x0906, 0x00E6, 0x0907, 0x0927, 0x1147, 0x0947, 0x0927, 0x0926, 0x1168, 0x1189, 0x1189,
  0x1189, 0x1189, 0x1989, 0x1189, 0x1189, 0x1169, 0x1189, 0x11A9, 0x19AA, 0x19CA, 0x19A9, 0x19CA,
  0x19EA, 0x19EB, 0x19EB, 0x19CA, 0x19CA, 0x19CA, 0x19CA, 0x19CA, 0x19EA, 0x19EB, 0x19CA, 0x21EB,
  0x220B, 0x1148, 0x1147, 0x19CA, 0x00C5, 0x0063, 0x00A4, 0x00A4, 0x0084, 0x08E6, 0x00A5, 0x0084,
  0x00A5, 0x08E5, 0x00A4, 0x0084, 0x00A6, 0x1129, 0x218D, 0x21AE, 0x218C, 0x196B, 0x196A, 0x19AB,
  0x21ED, 0x21EE, 0x222F, 0x5414, 0x64D7, 0x220F, 0x194B, 0x1929, 0x1909, 0x1908, 0x1929, 0x214A,
  0x1929, 0x216D, 0x196C, 0x00A4, 0x08A4, 0x08C4, 0x0083, 0x0063, 0x0063, 0x08A4, 0x0883, 0x0883,
  0x0063, 0x10C5, 0x1906, 0x1084, 0x28E6, 0x5169, 0x4927, 0x5946, 0x7123, 0xCCAB, 0xC48A, 0x9204,
  0x9BEA, 0x0000, 0x0021, 0x0021, 0x0021, 0x0021, 0x0021, 0x0021, 0x0021, 0x0021, 0x0021, 0x0021,
  0x0000, 0x0021, 0x0082, 0x0062, 0x0041, 0x0062, 0x0041, 0x0041, 0x08A3, 0x00A3, 0x0062, 0x0021,
  0x0042, 0x0083, 0x00A3, 0x0082, 0x0041, 0x0021, 0x0083, 0x00A3, 0x0082, 0x00A3, 0x0083, 0x0082,
  0x0041, 0x0041, 0x0083, 0x00A3, 0x00A3, 0x08C4, 0x08C4, 0x08A3, 0x08A3, 0x08E4, 0x08E5, 0x00C5,
  0x0083, 0x0043, 0x0084, 0x0063, 0x08A5, 0x1107, 0x20E7, 0x3128, 0x3128, 0x2928, 0x3128, 0x4189,
  0x3948, 0x20E7, 0x08A5, 0x10C5, 0x0064, 0x0084, 0x00A5, 0x1949, 0x3128, 0x40C7, 0x9249, 0xDC4D,
  0x70E6, 0x6108, 0x50E8, 0x48C7, 0x40E8, 0x3108, 0x0884, 0x08C4, 0x2146, 0x2926, 0x08A4, 0x0084,
  0x00A4, 0x00A4, 0x0084, 0x0063, 0x0043, 0x0084, 0x00C5, 0x08E6, 0x0906, 0x19CA, 0x21CA, 0x21EB,
  0x21CA, 0x29EB, 0x2A0B, 0x21CA, 0x2A0B, 0x29AA, 0x0063, 0x0884, 0x0083, 0x00A4, 0x00A4, 0x00A4,
  0x0084, 0x0063, 0x0084, 0x08C5, 0x0083, 0x2105, 0x2926, 0x08C5, 0x1947, 0x49E9, 0xAD56, 0x863B,
  0x2B94, 0x222E, 0x220D, 0x2290, 0x22F3, 0x2314, 0x2314, 0x1AD3, 0x1A91, 0x1A4F, 0x1A0D, 0x11EC,
  0x11CB, 0x11EB, 0x11CA, 0x0907, 0x00E6, 0x0906, 0x00E6, 0x0907, 0x0907, 0x00E6, 0x0906, 0x08E6,
  0x00E6, 0x08E6, 0x08E6, 0x0906, 0x0927, 0x0906, 0x0906, 0x0907, 0x0106, 0x1148, 0x1189, 0x1189,
  0x1189, 0x1189, 0x1189, 0x1189, 0x1189, 0x1189, 0x1189, 0x11A9, 0x19CA, 0x19CA, 0x19C9, 0x19CA,
  0x19CA, 0x21EB, 0x21EB, 0x19CA, 0x19CA, 0x19CA, 0x19CA, 0x19EA, 0x19EA, 0x21EB, 0x19EA, 0x220B,
  0x21EB, 0x1148, 0x1147, 0x19A9, 0x0063, 0x00A4, 0x0084, 0x0084, 0x0084, 0x1147, 0x0084, 0x00A4,
  0x00A4, 0x0906, 0x08E6, 0x112A, 0x21CF, 0x29EF, 0x216C, 0x192A, 0x1929, 0x194A, 0x198B, 0x220E,
  0x2270, 0x4C15, 0x5CF7, 0xD7BE, 0xBF7E, 0x2291, 0x198C, 0x1929, 0x1929, 0x1908, 0x1929, 0x1949,
  0x192A, 0x216D, 0x196D, 0x0084, 0x08C4, 0x08A4, 0x0083, 0x0063, 0x0083, 0x0083, 0x0883, 0x0864,
  0x08A4, 0x10C5, 0x18C5, 0x28E6, 0x4948, 0x4106, 0x5105, 0x7144, 0xCCCA, 0xFF50, 0xEE2D, 0xB346,
  0xEE0D, 0x62E7, 0x0000, 0x0041, 0x0021, 0x0021, 0x0021, 0x0000, 0x0000, 0x0001, 0x0001, 0x0000,
  0x0000, 0x0021, 0x0082, 0x0062, 0x0062, 0x0083, 0x0042, 0x0062, 0x08A3, 0x00A3, 0x0041, 0x0021,
  0x0083, 0x00A3, 0x00A3, 0x0082, 0x0041, 0x0062, 0x0083, 0x00A3, 0x0083, 0x00C3, 0x00A3, 0x0082,
  0x0041, 0x0063, 0x08E5, 0x08E5, 0x08C4, 0x08C4, 0x08C4, 0x08A3, 0x00A3, 0x1126, 0x1107, 0x00C5,
  0x0084, 0x0022, 0x0083, 0x0063, 0x08A5, 0x10E7, 0x18C5, 0x20C5, 0x3128, 0x3949, 0x3949, 0x498A,
  0x4149, 0x18A5, 0x10C5, 0x10C5, 0x0063, 0x00A4, 0x00C6, 0x2129, 0x3908, 0x58C6, 0xCC2C, 0xED2D,
  0xC3AB, 0xC3CB, 0xC3CB, 0xC40C, 0x9AEB, 0x38E7, 0x0884, 0x00A4, 0x00A4, 0x0084, 0x0084, 0x0084,
  0x00A4, 0x0084, 0x0084, 0x00A4, 0x00A4, 0x0084, 0x08E5, 0x00C5, 0x00C5, 0x19A9, 0x21EB, 0x19EA,
  0x19CA, 0x220B, 0x220B, 0x21EA, 0x220B, 0x21EB, 0x1128, 0x00C5, 0x0084, 0x08C5, 0x00A4, 0x00C5,
  0x00A4, 0x0084, 0x0084, 0x00A4, 0x00C5, 0x08A4, 0x2106, 0x08E5, 0x1147, 0x2988, 0x6A4A, 0xB4D4,
  0x9DFA, 0x4C35, 0x1A2D, 0x11AB, 0x11AC, 0x122F, 0x2336, 0x2377, 0x22F4, 0x1A91, 0x1A2E, 0x11EC,
  0x11EC, 0x11EC, 0x11CB, 0x0927, 0x00E6, 0x0907, 0x00E6, 0x0907, 0x08E6, 0x00E6, 0x00E6, 0x00E6,
  0x00E6, 0x00E6, 0x00E6, 0x0926, 0x0927, 0x00E6, 0x00E6, 0x00E6, 0x00E6, 0x1168, 0x1989, 0x198A,
  0x1989, 0x198A, 0x1989, 0x1989, 0x1989, 0x1189, 0x11A9, 0x11C9, 0x19EA, 0x19EA, 0x19CA, 0x21EB,
  0x21EB, 0x220B, 0x21EB, 0x21CA, 0x21CA, 0x21CA, 0x19CA, 0x21EA, 0x19EB, 0x21EB, 0x19EA, 0x220B,
  0x21CA, 0x1989, 0x1168, 0x0906, 0x0063, 0x00A4, 0x0063, 0x00A4, 0x00A4, 0x0906, 0x0084, 0x00A4,
  0x00A4, 0x0906, 0x21EF, 0x2A11, 0x21AE, 0x194B, 0x1129, 0x1108, 0x1949, 0x19AC, 0x1A2E, 0x22F1,
  0x7518, 0xDFBF, 0x9EBB, 0xD75D, 0xC75E, 0x2AD2, 0x21AD, 0x192A, 0x1929, 0x1928, 0x1949, 0x1909,
  0x192A, 0x218E, 0x196D, 0x0084, 0x08C4, 0x08A4, 0x0083, 0x0062, 0x0063, 0x0042, 0x0884, 0x10C5,
  0x10C5, 0x18C6, 0x3127, 0x5168, 0x4106, 0x4905, 0x60E4, 0xBC49, 0xFF50, 0xC3A6, 0xE4EA, 0xBBE8,
  0xD489, 0xD50B, 0x20A1, 0x0021, 0x0082, 0x0062, 0x0062, 0x0042, 0x0062, 0x0062, 0x0042, 0x0042,
  0x0042, 0x0062, 0x0082, 0x0062, 0x0063, 0x0083, 0x0042, 0x0062, 0x00A3, 0x0083, 0x0042, 0x0041,
  0x00A3, 0x00A3, 0x00A3, 0x0082, 0x0062, 0x0083, 0x00A3, 0x08A3, 0x00A3, 0x08C4, 0x08A3, 0x0062,
  0x0041, 0x0905, 0x19E9, 0x1987, 0x08E4, 0x08C4, 0x08E4, 0x08E4, 0x08C4, 0x1107, 0x1107, 0x00C5,
  0x00A4, 0x0043, 0x0084, 0x0063, 0x08A5, 0x1907, 0x10C5, 0x18A5, 0x3107, 0x496A, 0x518A, 0x598A,
  0x518A, 0x20C6, 0x10C5, 0x10C5, 0x0063, 0x00A4, 0x00A5, 0x2929, 0x38A7, 0x8A28, 0xF52E, 0xD3CB,
  0xD40B, 0xFDEF, 0xECAC, 0xCBEC, 0x9ACB, 0x38E7, 0x0884, 0x00C5, 0x00C5, 0x00A4, 0x00A4, 0x0084,
  0x00A4, 0x00A4, 0x0084, 0x00A4, 0x00A4, 0x0084, 0x08E5, 0x00C5, 0x00C5, 0x19A9, 0x19CA, 0x19CA,
  0x19CA, 0x220B, 0x19EB, 0x21EB, 0x21EB, 0x220B, 0x224D, 0x19AB, 0x0084, 0x00A4, 0x0084, 0x00C5,
  0x00A4, 0x00C5, 0x00C5, 0x00A4, 0x00C5, 0x00C5, 0x00A5, 0x08C5, 0x1127, 0x1947, 0x2968, 0x51A9,
  0x8B4F, 0xA556, 0x7495, 0x19AA, 0x00C6, 0x096B, 0x2B75, 0x347B, 0x2397, 0x22D3, 0x1A4F, 0x1A0D,
  0x19ED, 0x1A0D, 0x11CB, 0x0927, 0x00C6, 0x0907, 0x00E6, 0x0907, 0x00E6, 0x00E6, 0x00E6, 0x00E6,
  0x00E6, 0x00E6, 0x00E6, 0x0907, 0x0106, 0x00E6, 0x00E6, 0x00E6, 0x0906, 0x0947, 0x1989, 0x19AA,
  0x198A, 0x198A, 0x1989, 0x19AA, 0x19AA, 0x11A9, 0x19CA, 0x19EA, 0x19EB, 0x19EA, 0x19EA, 0x220B,
  0x2A0B, 0x2A0B, 0x29EB, 0x21EB, 0x21CA, 0x21CA, 0x21EA, 0x21EB, 0x220B, 0x21EB, 0x21EA, 0x21EB,
  0x19CA, 0x19AA, 0x1127, 0x00A4, 0x00C5, 0x0083, 0x0083, 0x08E5, 0x0084, 0x00A4, 0x00A4, 0x00A4,
  0x00A4, 0x08E6, 0x2A0F, 0x21D0, 0x196C, 0x196B, 0x1129, 0x1129, 0x196B, 0x1A2E, 0x85FA, 0x7E1A,
  0xA69B, 0xFFFF, 0x9E7A, 0xCF5D, 0xD79F, 0x3333, 0x21CE, 0x194A, 0x1929, 0x1108, 0x1949, 0x1929,
  0x216A, 0x216D, 0x196D, 0x00A5, 0x08C4, 0x00A4, 0x0083, 0x0062, 0x0063, 0x0884, 0x10C5, 0x10E6,
  0x18E6, 0x3948, 0x5189, 0x4927, 0x4925, 0x7185, 0x9A85, 0xF6AF, 0xBB47, 0xA9E4, 0xED6C, 0xA2C6,
  0x8943, 0xC387, 0xB4CB, 0x0882, 0x00A3, 0x00A3, 0x00A3, 0x0062, 0x0062, 0x0062, 0x0062, 0x0062,
  0x0063, 0x0063, 0x0083, 0x00A4, 0x00A4, 0x00C5, 0x08E5, 0x0906, 0x1147, 0x1167, 0x1168, 0x1988,
  0x00A3, 0x00A3, 0x00A3, 0x0083, 0x0083, 0x00A3, 0x00A3, 0x08A3, 0x08A3, 0x08C3, 0x08A3, 0x0061,
  0x0042, 0x1187, 0x32AC, 0x326B, 0x1166, 0x08C4, 0x08E4, 0x1104, 0x08C4, 0x10E7, 0x1107, 0x08C5,
  0x00A4, 0x0043, 0x08A4, 0x0043, 0x08C5, 0x1908, 0x18E6, 0x1084, 0x20C6, 0x4969, 0x59AA, 0x598A,
  0x518A, 0x18A5, 0x10A5, 0x10E6, 0x0084, 0x08C5, 0x08A6, 0x28E9, 0x71EA, 0xECEE, 0xAA48, 0x70C7,
  0x8106, 0xECAD, 0xA229, 0x58A7, 0x40E8, 0x3107, 0x0084, 0x00A4, 0x00C5, 0x00A4, 0x00A4, 0x0084,
  0x0084, 0x0084, 0x0084, 0x0084, 0x0084, 0x0084, 0x00C5, 0x00A4, 0x00C5, 0x1989, 0x00E6, 0x19CA,
  0x19EA, 0x224C, 0x220B, 0x220B, 0x220B, 0x1A0B, 0x1A0C, 0x224D, 0x0927, 0x00A4, 0x0083, 0x00C5,
  0x00C5, 0x0084, 0x00A4, 0x0906, 0x00E6, 0x00C5, 0x00A4, 0x08E5, 0x0906, 0x08E6, 0x1947, 0x1968,
  0x3168, 0x5A2A, 0x8BB0, 0x31EA, 0x0929, 0x122F, 0x6D5A, 0x8E9D, 0x23F9, 0x2314, 0x1A70, 0x1A2E,
  0x1A0D, 0x1A2E, 0x11CB, 0x0948, 0x00E6, 0x0907, 0x0106, 0x0927, 0x00E6, 0x0907, 0x00E6, 0x0907,
  0x0906, 0x00E6, 0x00E6, 0x0927, 0x0106, 0x00E6, 0x00E6, 0x00E6, 0x0927, 0x0106, 0x1189, 0x19AA,
  0x19AA, 0x19AA, 0x198A, 0x19AA, 0x19AA, 0x19CA, 0x19CA, 0x19EB, 0x1A0B, 0x19EB, 0x220B, 0x2A0B,
  0x320B, 0x3A0B, 0x31EB, 0x29EB, 0x21CA, 0x21CA, 0x21EB, 0x21EB, 0x2A0B, 0x21EB, 0x21EB, 0x21EB,
  0x19AA, 0x21CA, 0x08C5, 0x0084, 0x00C4, 0x0063, 0x0906, 0x0906, 0x0083, 0x00A4, 0x00C4, 0x00A4,
  0x00A4, 0x08E5, 0x21CE, 0x21CF, 0x196C, 0x196B, 0x1128, 0x1949, 0x198B, 0x2AB0, 0xD7DF, 0x969B,
  0x963A, 0xFFFF, 0x9EBB, 0xC73D, 0xDFDF, 0x3374, 0x21CE, 0x194A, 0x1929, 0x1928, 0x1929, 0x1909,
  0x218B, 0x216C, 0x196D, 0x00A5, 0x08C4, 0x00A4, 0x0063, 0x0063, 0x0063, 0x08A4, 0x1906, 0x10C5,
  0x3928, 0x59AA, 0x4947, 0x4946, 0x6124, 0xCC8B, 0xBBE8, 0xB3A9, 0x8124, 0xAA66, 0xEDCD, 0x9205,
  0x9185, 0xD48A, 0xBB88, 0x4123, 0x0082, 0x00A3, 0x0083, 0x08E4, 0x21A8, 0x21E9, 0x29EA, 0x2A0A,
  0x2A2A, 0x324B, 0x326B, 0x3A8C, 0x3AAD, 0x3ACD, 0x3ACD, 0x42ED, 0x430D, 0x430D, 0x432E, 0x432E,
  0x0082, 0x08A3, 0x00A3, 0x00A3, 0x0082, 0x0082, 0x00A3, 0x08C4, 0x08A3, 0x0082, 0x0882, 0x0041,
  0x0062, 0x19E9, 0x3AED, 0x3AED, 0x19A7, 0x08C4, 0x08E4, 0x08E4, 0x0084, 0x10E7, 0x08E7, 0x08C5,
  0x0084, 0x0043, 0x0084, 0x0042, 0x10C6, 0x2128, 0x3949, 0x20C5, 0x18A5, 0x4148, 0x61AB, 0x598A,
  0x598A, 0x18A5, 0x18C5, 0x1084, 0x0042, 0x0884, 0x0885, 0x28E9, 0x7A2B, 0xA28A, 0x60C7, 0x6109,
  0x89C8, 0xECEE, 0x8188, 0x492A, 0x392A, 0x2908, 0x0084, 0x00C4, 0x00C5, 0x0084, 0x00A4, 0x0084,
  0x0084, 0x0063, 0x0084, 0x0084, 0x0084, 0x0084, 0x00A4, 0x0084, 0x00A4, 0x1127, 0x08E6, 0x1147,
  0x0947, 0x1189, 0x1168, 0x19A9, 0x19CA, 0x220B, 0x220C, 0x220C, 0x222D, 0x1148, 0x0084, 0x00A5,
  0x0084, 0x0084, 0x00A5, 0x00C5, 0x00A5, 0x00C5, 0x00A5, 0x08E5, 0x0926, 0x00E6, 0x08E6, 0x0927,
  0x1148, 0x1948, 0x2948, 0x1127, 0x098B, 0x2B13, 0x3BD7, 0x8E3C, 0x3C9A, 0x2356, 0x1A91, 0x1A4F,
  0x1A4E, 0x1A2E, 0x19CB, 0x0948, 0x00E6, 0x0106, 0x0906, 0x0906, 0x00E6, 0x0906, 0x00E6, 0x0927,
  0x0106, 0x00E6, 0x00E6, 0x0927, 0x00E6, 0x00E6, 0x08E6, 0x00E6, 0x0907, 0x0906, 0x19A9, 0x19AA,
  0x19AA, 0x19AA, 0x19AA, 0x19CA, 0x19CA, 0x19EA, 0x19EB, 0x19EB, 0x1A0B, 0x220B, 0x2A0C, 0x422C,
  0x520C, 0x51CA, 0x49EB, 0x3A0B, 0x31EB, 0x29EB, 0x29EB, 0x29EB, 0x2A0B, 0x21EB, 0x21CB, 0x21CB,
  0x19AA, 0x1989, 0x00A5, 0x00A4, 0x0084, 0x0084, 0x1147, 0x00C5, 0x0063, 0x08C5, 0x00A4, 0x00A4,
  0x00A4, 0x08C5, 0x21CD, 0x21CE, 0x196B, 0x196A, 0x1128, 0x196A, 0x19AC, 0x2AD1, 0xCF7E, 0x9EDB,
  0x965A, 0xFFFF, 0xAEDC, 0xBF1C, 0xE7FF, 0x3BB4, 0x19EE, 0x194A, 0x1929, 0x1929, 0x1908, 0x1929,
  0x218C, 0x196C, 0x196D, 0x00C5, 0x08A4, 0x0063, 0x0063, 0x0083, 0x0063, 0x08A4, 0x10E6, 0x3948,
  0x5989, 0x4126, 0x4926, 0x7A48, 0x91C5, 0xDC8A, 0xB327, 0x7104, 0x6945, 0x89C5, 0xE56C, 0x9205,
  0xA225, 0xDD4D, 0x8984, 0x79A6, 0x18C3, 0x0042, 0x10E4, 0x3A8B, 0x538F, 0x53B0, 0x53B0, 0x53B0,
  0x53B0, 0x53B0, 0x53AF, 0x53B0, 0x53B0, 0x53AF, 0x538F, 0x538F, 0x538F, 0x4B8F, 0x4B6E, 0x4B6E,
  0x0062, 0x0083, 0x00A3, 0x08A3, 0x0062, 0x0041, 0x00A3, 0x08C4, 0x08A3, 0x0061, 0x0082, 0x0041,
  0x00A3, 0x21E9, 0x3ACC, 0x3ACC, 0x21A7, 0x08E4, 0x08E4, 0x0083, 0x0064, 0x1108, 0x08E7, 0x08E6,
  0x0083, 0x0063, 0x0083, 0x0042, 0x10C6, 0x1928, 0x51AA, 0x30E6, 0x1064, 0x30E6, 0x596A, 0x618A,
  0x598A, 0x1885, 0x20C5, 0x1063, 0x0043, 0x0063, 0x0064, 0x2909, 0x38C8, 0x50C8, 0x58E9, 0x7128,
  0xDC6D, 0xD3CC, 0x6108, 0x410A, 0x392A, 0x2907, 0x0063, 0x00A4, 0x08E5, 0x0084, 0x00A4, 0x00A4,
  0x0084, 0x0084, 0x0084, 0x0084, 0x0084, 0x0084, 0x00A4, 0x00A4, 0x00C5, 0x08E5, 0x00C5, 0x00C5,
  0x08E6, 0x0906, 0x00C5, 0x00E6, 0x00C6, 0x0927, 0x21EB, 0x19EB, 0x220C, 0x222D, 0x1A0C, 0x222D,
  0x19EB, 0x0907, 0x00C6, 0x00C6, 0x00A4, 0x00E6, 0x00E6, 0x0906, 0x00C5, 0x00E6, 0x0107, 0x0107,
  0x00E7, 0x0907, 0x0907, 0x00E7, 0x0949, 0x22B1, 0x3376, 0x7DFB, 0x349A, 0x2355, 0x1AB1, 0x1A6F,
  0x1A6F, 0x1A2D, 0x11CB, 0x0927, 0x00E6, 0x0106, 0x0907, 0x0106, 0x00E6, 0x0927, 0x00E6, 0x0927,
  0x00E6, 0x00E6, 0x00E6, 0x0927, 0x00E6, 0x00E6, 0x08E6, 0x0906, 0x0927, 0x0106, 0x19AA, 0x19AA,
  0x19AA, 0x19CA, 0x19CA, 0x19EB, 0x19EB, 0x1A0B, 0x1A0C, 0x1A0C, 0x222C, 0x2A4D, 0x3A6D, 0x39CA,
  0x6188, 0x99EA, 0x69A9, 0x39C9, 0x39C9, 0x39EA, 0x3A0B, 0x320B, 0x320C, 0x29CB, 0x29CB, 0x21CB,
  0x21AA, 0x1148, 0x00A4, 0x0084, 0x00A4, 0x00C5, 0x0926, 0x0084, 0x00A4, 0x08E5, 0x00C5, 0x00A4,
  0x00A4, 0x08E5, 0x21CD, 0x21AE, 0x194B, 0x1949, 0x1128, 0x196A, 0x21CC, 0x2AD1, 0xC75D, 0xAEFC,
  0x965A, 0xFFFF, 0xBF1C, 0xBEFC, 0xE7FF, 0x3BD5, 0x1A0F, 0x196B, 0x1929, 0x1929, 0x1929, 0x1929,
  0x218B, 0x194C, 0x196D, 0x00A6, 0x08C4, 0x0083, 0x0083, 0x0083, 0x0083, 0x18E6, 0x3949, 0x5169,
  0x4926, 0x5125, 0x60C3, 0xCCAC, 0xC388, 0xC388, 0xBB69, 0x68E4, 0x6945, 0x8164, 0xDCCB, 0x89A4,
  0xD4CC, 0xEDEE, 0x8164, 0x6926, 0x30C4, 0x0021, 0x1965, 0x4B2D, 0x53D0, 0x53AF, 0x53AF, 0x53AF,
  0x53AF, 0x4B8F, 0x4B8F, 0x4B8F, 0x4B8F, 0x4B6E, 0x4B6E, 0x4B6E, 0x4B6E, 0x4B6E, 0x4B6E, 0x4B4E,
  0x0082, 0x00A3, 0x00A3, 0x08A3, 0x00A3, 0x0083, 0x00A3, 0x08C4, 0x08C4, 0x0083, 0x0082, 0x0021,
  0x00A3, 0x21E9, 0x2A4A, 0x326A, 0x21A7, 0x08E4, 0x08E5, 0x08C5, 0x0044, 0x1108, 0x08E7, 0x08E6,
  0x0083, 0x0063, 0x0083, 0x0042, 0x10E6, 0x18E7, 0x59CB, 0x4128, 0x18A5, 0x28C6, 0x4928, 0x61AB,
  0x598A, 0x18A5, 0x20E6, 0x1083, 0x0063, 0x00A4, 0x0885, 0x2109, 0x30E9, 0x5129, 0x924A, 0xE4EF,
  0xEC8D, 0x8148, 0x5109, 0x392A, 0x312A, 0x2907, 0x0064, 0x0084, 0x08C5, 0x0084, 0x0084, 0x0084,
  0x0084, 0x0084, 0x0084, 0x0084, 0x0084, 0x00A4, 0x00A4, 0x00A4, 0x08E5, 0x0906, 0x00E6, 0x00E5,
  0x0927, 0x0926, 0x00C5, 0x08E5, 0x00C5, 0x00A5, 0x1128, 0x29EB, 0x220C, 0x222D, 0x224E, 0x226F,
  0x22D0, 0x22B0, 0x098A, 0x00C6, 0x0085, 0x00A4, 0x0084, 0x00E6, 0x00A5, 0x00C6, 0x096A, 0x0A2D,
  0x120E, 0x09AB, 0x00E7, 0x00E7, 0x0107, 0x09AC, 0x3B94, 0x7E1B, 0x2C39, 0x2335, 0x1AB1, 0x1A6F,
  0x1A6F, 0x1A2E, 0x11CB, 0x0107, 0x00E6, 0x0906, 0x0907, 0x00E6, 0x0906, 0x0906, 0x0106, 0x0927,
  0x0906, 0x00E6, 0x0906, 0x0947, 0x1147, 0x0106, 0x0106, 0x0927, 0x0927, 0x0106, 0x19CA, 0x19CA,
  0x19AA, 0x19CA, 0x19EB, 0x1A0B, 0x1A0C, 0x1A0C, 0x1A2D, 0x1A2D, 0x222D, 0x42CF, 0x3A6D, 0x1927,
  0x50E5, 0xB22B, 0x6147, 0x18C4, 0x5106, 0x7188, 0x49CA, 0x3A0B, 0x320C, 0x29CB, 0x29CB, 0x29AB,
  0x21AA, 0x1968, 0x0084, 0x0063, 0x08A4, 0x08C5, 0x00A5, 0x00A4, 0x00C5, 0x0906, 0x08E6, 0x00A4,
  0x00A4, 0x08C5, 0x19CD, 0x21AE, 0x194B, 0x1949, 0x1128, 0x196A, 0x21CD, 0x22D1, 0xC73D, 0xBF1C,
  0x963A, 0xFFFF, 0xBF1C, 0xB6DB, 0xDFFF, 0x43F5, 0x2230, 0x196B, 0x1949, 0x1929, 0x1908, 0x194A,
  0x216B, 0x194B, 0x218E, 0x00C6, 0x08C4, 0x0884, 0x0083, 0x0884, 0x0084, 0x316A, 0x59AB, 0x5126,
  0x5905, 0x81E5, 0xA286, 0xCC6A, 0xCC09, 0xBB47, 0xBBA9, 0xAB49, 0x89C5, 0xA266, 0xCCAB, 0x7944,
  0xB368, 0xC42A, 0x6105, 0x5106, 0x4106, 0x1882, 0x2165, 0x4B2D, 0x53AF, 0x4B8F, 0x4B8F, 0x4BAF,
  0x4B8F, 0x4B8F, 0x4B8F, 0x4B6F, 0x4B8F, 0x4B6F, 0x4B6F, 0x4B6F, 0x4B6F, 0x4B6F, 0x4B6F, 0x4B6E,
  0x00A3, 0x08A3, 0x00A3, 0x08A3, 0x08C4, 0x00C4, 0x08C4, 0x08C4, 0x08C4, 0x08C4, 0x0882, 0x0020,
  0x08A3, 0x21E9, 0x2A4A, 0x326B, 0x21E8, 0x0905, 0x00E6, 0x0927, 0x0064, 0x1107, 0x0907, 0x08E5,
  0x0083, 0x0084, 0x0063, 0x0043, 0x1107, 0x1907, 0x4189, 0x4989, 0x4107, 0x2084, 0x28C5, 0x61AA,
  0x598A, 0x1885, 0x20E6, 0x1063, 0x0064, 0x0084, 0x0085, 0x2109, 0x30E9, 0x50E8, 0xD44F, 0xDC4D,
  0x8948, 0x6109, 0x492A, 0x390A, 0x392A, 0x20E7, 0x0084, 0x0043, 0x0084, 0x00A4, 0x00A4, 0x00A4,
  0x0084, 0x0084, 0x0084, 0x0084, 0x0084, 0x00A4, 0x00A4, 0x00A4, 0x08E5, 0x08E6, 0x00E5, 0x00E6,
  0x1127, 0x0906, 0x00C5, 0x08C5, 0x00C5, 0x00C5, 0x08E6, 0x1969, 0x220C, 0x222C, 0x222D, 0x226E,
  0x228F, 0x228F, 0x2AF1, 0x1A6F, 0x0928, 0x0085, 0x0906, 0x0968, 0x11AB, 0x1A70, 0x33F6, 0x2C17,
  0x23D7, 0x2395, 0x1A91, 0x0149, 0x00C6, 0x00A7, 0x3332, 0x5D5B, 0x2377, 0x2314, 0x1A91, 0x1A4F,
  0x226F, 0x1A2D, 0x11AA, 0x00E6, 0x00E6, 0x0906, 0x0907, 0x00E6, 0x0907, 0x00E6, 0x0927, 0x0927,
  0x00E6, 0x00E6, 0x0906, 0x0947, 0x1147, 0x08E6, 0x0106, 0x1168, 0x0947, 0x0106, 0x19CA, 0x19CB,
  0x19CB, 0x19EB, 0x1A0C, 0x222D, 0x224E, 0x1A4E, 0x226F, 0x226F, 0x328F, 0x29EC, 0x1969, 0x08E6,
  0x20E5, 0x30C5, 0x28E6, 0x18E5, 0x5106, 0x7948, 0x49CA, 0x3A0B, 0x322C, 0x29EB, 0x29CB, 0x21AB,
  0x21AA, 0x1969, 0x0084, 0x0063, 0x08A5, 0x08C5, 0x00A4, 0x00C5, 0x08E6, 0x1189, 0x21CA, 0x00A4,
  0x00A4, 0x08C5, 0x19AC, 0x21AE, 0x194A, 0x1949, 0x1108, 0x196A, 0x21CC, 0x22B1, 0xC73D, 0xC73D,
  0x963A, 0xFFFF, 0xBF3D, 0xA69B, 0xF7FF, 0x64F8, 0x1A30, 0x196B, 0x194A, 0x1929, 0x1108, 0x216A,
  0x216B, 0x194B, 0x218E, 0x08C6, 0x08C4, 0x0083, 0x0883, 0x08A4, 0x0884, 0x41AB, 0x5989, 0x6925,
  0x8205, 0xEE4E, 0xE56B, 0xC429, 0xC42A, 0xBB07, 0xC3C8, 0xEDCE, 0x9A24, 0xCC29, 0xDDAE, 0x6904,
  0x6105, 0x5905, 0x48E5, 0x38E5, 0x38E5, 0x28C5, 0x29A7, 0x430C, 0x4B8F, 0x4B8F, 0x4B8F, 0x538F,
  0x538F, 0x538F, 0x538F, 0x4B6E, 0x4B4E, 0x4B4E, 0x4B2D, 0x430D, 0x430D, 0x42EC, 0x42EC, 0x3ACB,
  0x08C3, 0x08C3, 0x08A3, 0x08A3, 0x08A3, 0x00A3, 0x08A3, 0x08C4, 0x08C4, 0x08C3, 0x0082, 0x0020,
  0x0082, 0x1966, 0x21E8, 0x3A6A, 0x2A09, 0x0906, 0x0907, 0x0906, 0x08E6, 0x08E6, 0x08E6, 0x08E6,
  0x0083, 0x0084, 0x0062, 0x0063, 0x1107, 0x2928, 0x4989, 0x30E7, 0x5169, 0x1063, 0x20A5, 0x5969,
  0x618A, 0x1885, 0x20E6, 0x0864, 0x0064, 0x00A4, 0x0885, 0x2109, 0x38E9, 0x48E9, 0x6928, 0x7908,
  0x7129, 0x592A, 0x5129, 0x5108, 0x4929, 0x20C7, 0x0884, 0x0043, 0x0063, 0x00A4, 0x00C5, 0x00A4,
  0x00A4, 0x0084, 0x0084, 0x0084, 0x00A4, 0x00A4, 0x00A4, 0x00A4, 0x0906, 0x3167, 0x2126, 0x08E6,
  0x1147, 0x08E5, 0x00A5, 0x00C5, 0x00C5, 0x00C5, 0x00C6, 0x1148, 0x222C, 0x220C, 0x222C, 0x228E,
  0x228E, 0x1A6E, 0x2290, 0x22F2, 0x22B0, 0x0949, 0x00E7, 0x0949, 0x11AB, 0x1A6F, 0x2BD6, 0x2375,
  0x2354, 0x2334, 0x2375, 0x1AD2, 0x09ED, 0x11ED, 0x1A92, 0x2BB7, 0x2335, 0x22D2, 0x1A70, 0x1A4F,
  0x226F, 0x1A2D, 0x0989, 0x00E6, 0x00E6, 0x0906, 0x0927, 0x00E6, 0x0907, 0x0106, 0x0927, 0x0906,
  0x08E6, 0x00E6, 0x0926, 0x0927, 0x00E6, 0x00E6, 0x0106, 0x0927, 0x0927, 0x0106, 0x19CA, 0x19EB,
  0x19EB, 0x1A0C, 0x1A2D, 0x224E, 0x226F, 0x2270, 0x2291, 0x3B53, 0x328F, 0x21AB, 0x1169, 0x08E6,
  0x1127, 0x1927, 0x1907, 0x1107, 0x10E6, 0x1906, 0x3A0B, 0x3A2C, 0x2A2C, 0x21EB, 0x29EB, 0x21EB,
  0x19AA, 0x21CA, 0x00A5, 0x0064, 0x08A4, 0x08A5, 0x00A4, 0x00E5, 0x0927, 0x3AAF, 0x2A0C, 0x00A4,
  0x00A4, 0x08E5, 0x19AC, 0x21AE, 0x194A, 0x1929, 0x1128, 0x196A, 0x21AC, 0x22B0, 0xBEFD, 0xCF5D,
  0x8E3A, 0xFFFF, 0xC73D, 0x965A, 0xFFFF, 0x7579, 0x1A51, 0x198C, 0x194A, 0x1929, 0x1108, 0x216A,
  0x194A, 0x194B, 0x21AF, 0x08E7, 0x08C4, 0x0063, 0x0884, 0x08A4, 0x0884, 0x418A, 0x6969, 0x9226,
  0xEDEE, 0xF6AE, 0xD509, 0xCC49, 0xC42A, 0xB307, 0xD429, 0xBB47, 0xC429, 0xFECF, 0xB3C9, 0x5905,
  0x4906, 0x4906, 0x38E5, 0x30E5, 0x28E6, 0x20E6, 0x1905, 0x42EC, 0x538F, 0x538F, 0x4B4E, 0x42EC,
  0x3ACB, 0x42AB, 0x3A6A, 0x3249, 0x3229, 0x2A08, 0x29E7, 0x21C7, 0x2186, 0x1986, 0x1145, 0x0924,
  0x0083, 0x08A3, 0x08A3, 0x08A3, 0x0082, 0x0062, 0x08A3, 0x08C4, 0x08A3, 0x00A3, 0x0062, 0x0021,
  0x0020, 0x0041, 0x0041, 0x08A2, 0x0904, 0x0906, 0x0907, 0x00E6, 0x0907, 0x08A5, 0x08A5, 0x1106,
  0x0083, 0x0084, 0x0042, 0x0063, 0x1928, 0x2907, 0x7A0B, 0x38E6, 0x618A, 0x28A6, 0x1884, 0x40E6,
  0x4927, 0x20C5, 0x10A5, 0x0064, 0x0084, 0x0084, 0x0885, 0x28E9, 0x40E8, 0x6169, 0x7128, 0xAB0C,
  0xCC0E, 0x78C7, 0xB30C, 0xDC6E, 0x92AB, 0x2085, 0x08C5, 0x0064, 0x0043, 0x00A4, 0x00C5, 0x00A4,
  0x00A4, 0x00A4, 0x00A4, 0x0084, 0x00A4, 0x00A4, 0x0084, 0x00A4, 0x0906, 0x3147, 0x2127, 0x08E6,
  0x0906, 0x08E6, 0x00A5, 0x00C5, 0x00C5, 0x00C5, 0x00E6, 0x1169, 0x222C, 0x222C, 0x220C, 0x2A6D,
  0x226D, 0x1A4D, 0x226E, 0x228F, 0x22D1, 0x2B12, 0x11CC, 0x0129, 0x0949, 0x120D, 0x2B53, 0x2312,
  0x22D2, 0x1AD1, 0x1AD2, 0x2313, 0x2354, 0x2334, 0x2314, 0x2334, 0x22D2, 0x1A90, 0x1A4F, 0x1A4E,
  0x1A4E, 0x1A2D, 0x1169, 0x00E6, 0x00E6, 0x0907, 0x0906, 0x00E6, 0x0106, 0x00E6, 0x0927, 0x08E6,
  0x08E6, 0x00E6, 0x0927, 0x0906, 0x0907, 0x0906, 0x0927, 0x1A0A, 0x0967, 0x0106, 0x19CA, 0x19EB,
  0x19EC, 0x1A2D, 0x1A4E, 0x1A90, 0x22D1, 0x2312, 0x2B33, 0x3AF1, 0x21ED, 0x19AB, 0x0928, 0x0106,
  0x0907, 0x08E6, 0x0907, 0x0907, 0x08C6, 0x21AA, 0x322D, 0x320C, 0x2A0C, 0x19AA, 0x21CB, 0x21EC,
  0x21CB, 0x21EB, 0x08E6, 0x0063, 0x0084, 0x08A4, 0x00C4, 0x00C5, 0x2A2C, 0x5332, 0x31EC, 0x00A5,
  0x00C5, 0x0906, 0x19CC, 0x21CE, 0x194A, 0x1929, 0x1128, 0x196A, 0x21CC, 0x1AB0, 0xA69C, 0xDF9E,
  0x9639, 0xFFFF, 0xCF5D, 0x8DF9, 0xF7FF, 0x7579, 0x1A72, 0x19AD, 0x192A, 0x1929, 0x1108, 0x216A,
  0x1929, 0x196C, 0x21AF, 0x08E7, 0x08C4, 0x0883, 0x08A4, 0x08A4, 0x0863, 0x49AB, 0x81C9, 0xE5AE,
  0xE52B, 0xAA64, 0xD489, 0xC428, 0xC409, 0xAAA6, 0xD44A, 0xAA85, 0xFF10, 0xCC8A, 0x7145, 0x4906,
  0x38E5, 0x4106, 0x30E6, 0x20E6, 0x10A5, 0x0884, 0x0022, 0x3229, 0x538F, 0x538F, 0x328B, 0x1146,
  0x08C3, 0x08C3, 0x00A2, 0x0082, 0x0062, 0x0041, 0x0062, 0x0083, 0x00C4, 0x0906, 0x0947, 0x19A9,
  0x0062, 0x00A3, 0x08A4, 0x08A3, 0x08A3, 0x0083, 0x08C4, 0x08C4, 0x0083, 0x0082, 0x0062, 0x0021,
  0x0000, 0x0020, 0x0000, 0x0021, 0x0926, 0x0127, 0x0907, 0x00E6, 0x0907, 0x0906, 0x08C5, 0x08E6,
  0x00A4, 0x0084, 0x0063, 0x0084, 0x1908, 0x3928, 0xCC31, 0x5988, 0x822C, 0x596A, 0x30E7, 0x1883,
  0x28A4, 0x28C5, 0x18C6, 0x0064, 0x0085, 0x00A5, 0x08A6, 0x28E9, 0x5928, 0xD42D, 0xDC4D, 0xE4AD,
  0xED0E, 0xD3CC, 0xF5B1, 0xD3ED, 0x7148, 0x28A6, 0x08C5, 0x08A4, 0x0022, 0x0084, 0x08E5, 0x00A4,
  0x00A4, 0x00A4, 0x00A4, 0x0084, 0x00C4, 0x00C5, 0x0084, 0x00C5, 0x08E5, 0x00C5, 0x00C5, 0x08E6,
  0x0906, 0x00C5, 0x00A4, 0x00C5, 0x00C5, 0x00C5, 0x00C5, 0x1169, 0x222C, 0x220B, 0x220B, 0x224C,
  0x1A0C, 0x1A2C, 0x224D, 0x226E, 0x228F, 0x22F2, 0x2B33, 0x2B13, 0x22F2, 0x22F2, 0x22F2, 0x22D1,
  0x22B0, 0x1A90, 0x22B0, 0x22B0, 0x1AB1, 0x22D2, 0x22D1, 0x22D1, 0x1A6F, 0x226F, 0x1A4E, 0x1A4E,
  0x1A2D, 0x222D, 0x0948, 0x00E6, 0x00E6, 0x0907, 0x0106, 0x0927, 0x0968, 0x0927, 0x0906, 0x08E6,
  0x1106, 0x00E6, 0x0927, 0x0906, 0x0106, 0x00E6, 0x0968, 0x222A, 0x0947, 0x0106, 0x19CB, 0x220C,
  0x222D, 0x1A2D, 0x22B0, 0x1B13, 0x1AD1, 0x122E, 0x226F, 0x222E, 0x21CC, 0x1169, 0x00E7, 0x0107,
  0x0907, 0x00E6, 0x0927, 0x0106, 0x00C6, 0x29EB, 0x320C, 0x320C, 0x2A0C, 0x1969, 0x21CA, 0x2A0C,
  0x21CB, 0x21EB, 0x0906, 0x0063, 0x00A4, 0x08C5, 0x00A4, 0x1168, 0x42D0, 0x8315, 0x49CF, 0x08C5,
  0x00C5, 0x0926, 0x21CC, 0x21EF, 0x194A, 0x1949, 0x1128, 0x1949, 0x21CC, 0x1AB0, 0x961A, 0xEFFF,
  0x9E5A, 0xFFFF, 0xD79E, 0x85F9, 0xF7FF, 0xA69C, 0x22B2, 0x19AD, 0x194A, 0x1929, 0x1908, 0x216A,
  0x194A, 0x216C, 0x21AF, 0x0908, 0x00A4, 0x0083, 0x08A4, 0x10E5, 0x0863, 0x49AB, 0x920A, 0xC349,
  0xBAE7, 0xBB47, 0xD429, 0xCC28, 0xE5AC, 0xC428, 0xCC6A, 0x9AA6, 0xDD4C, 0x79A5, 0x5926, 0x4106,
  0x38E6, 0x3906, 0x2907, 0x10C5, 0x0063, 0x0883, 0x0021, 0x10C4, 0x538F, 0x538F, 0x326B, 0x1966,
  0x08E4, 0x0083, 0x0021, 0x0062, 0x10E5, 0x19A8, 0x2A4B, 0x3AEE, 0x4B71, 0x53F2, 0x5C54, 0x64B6,
  0x19A8, 0x00C4, 0x08A4, 0x08C4, 0x1125, 0x1105, 0x08E4, 0x1966, 0x08E4, 0x0882, 0x0062, 0x0000,
  0x0021, 0x0062, 0x0020, 0x0862, 0x1126, 0x00E5, 0x00E6, 0x08E5, 0x08E5, 0x0063, 0x1927, 0x10E5,
  0x0084, 0x0084, 0x0043, 0x0885, 0x1908, 0x4148, 0x9ACD, 0x38C6, 0x50E8, 0x79ED, 0x3908, 0x0843,
  0x1063, 0x1884, 0x3927, 0x0864, 0x0085, 0x08C6, 0x08A6, 0x28E8, 0x5908, 0x91C8, 0x9186, 0xCBCB,
  0xD42C, 0xA1A7, 0xBA89, 0x99E9, 0x6109, 0x28C6, 0x08C5, 0x08C5, 0x0043, 0x08A4, 0x08E5, 0x00A4,
  0x00A4, 0x00A4, 0x00A4, 0x00A4, 0x08E5, 0x00C5, 0x0084, 0x00C5, 0x08E5, 0x0906, 0x10E6, 0x1906,
  0x1906, 0x00C5, 0x00A4, 0x00C5, 0x00C5, 0x00E6, 0x00A5, 0x1989, 0x2A2C, 0x21EB, 0x220B, 0x220B,
  0x1A0B, 0x1A0C, 0x1A2C, 0x1A2D, 0x226E, 0x228F, 0x22B1, 0x2AF2, 0x22F2, 0x22B0, 0x228F, 0x1A6F,
  0x1A6F, 0x1A4E, 0x226F, 0x1A6F, 0x228F, 0x226F, 0x226F, 0x228F, 0x1A2E, 0x1A2E, 0x1A0E, 0x222E,
  0x224D, 0x1A0C, 0x0106, 0x00E6, 0x00E6, 0x0927, 0x00C6, 0x11E9, 0x32ED, 0x1A0A, 0x0927, 0x08E6,
  0x3A2A, 0x0906, 0x1188, 0x0947, 0x0906, 0x0106, 0x0907, 0x0107, 0x0907, 0x0107, 0x19EB, 0x222D,
  0x222D, 0x226F, 0x1B12, 0x3C78, 0x3BD4, 0x014A, 0x19CC, 0x19ED, 0x096A, 0x0107, 0x0907, 0x0948,
  0x00E6, 0x00E6, 0x00C6, 0x00C5, 0x1189, 0x2A2C, 0x29EC, 0x29EC, 0x2A0C, 0x1149, 0x21AA, 0x2A0C,
  0x21CB, 0x220B, 0x0906, 0x0084, 0x08C5, 0x08C5, 0x08E6, 0x326D, 0x72B3, 0xBB1A, 0x41CF, 0x08E6,
  0x00C5, 0x0906, 0x19AC, 0x21EF, 0x194B, 0x1949, 0x1128, 0x1949, 0x21CC, 0x1A90, 0x85D9, 0xF7FF,
  0x9E5A, 0xFFFF, 0xDF9E, 0x7DB8, 0xF7FF, 0xD79E, 0x3334, 0x19AE, 0x196A, 0x1929, 0x1929, 0x194A,
  0x1929, 0x216B, 0x21AF, 0x0929, 0x00A4, 0x0063, 0x08C4, 0x1106, 0x0863, 0x498A, 0x89EA, 0x8903,
  0xD48B, 0xFF93, 0xD48A, 0xAA64, 0xF62D, 0xFF90, 0xD52C, 0x6904, 0x6125, 0x5106, 0x4906, 0x38E6,
  0x2907, 0x2927, 0x10A4, 0x0063, 0x0042, 0x0863, 0x0042, 0x0021, 0x3A6B, 0x5BB0, 0x3A6B, 0x21C8,
  0x1987, 0x0925, 0x2A09, 0x432E, 0x5BF1, 0x6CB5, 0x7D16, 0x8578, 0x85B9, 0x8DD9, 0x8DF9, 0x8DFA,
  0x3ACC, 0x1125, 0x00A3, 0x00C4, 0x21C8, 0x1966, 0x00A3, 0x2A09, 0x21A7, 0x00A3, 0x0061, 0x0000,
  0x0083, 0x00C4, 0x0041, 0x0001, 0x0021, 0x0021, 0x0023, 0x1127, 0x0882, 0x0001, 0x2128, 0x3167,
  0x08C5, 0x0084, 0x0043, 0x08A5, 0x1908, 0x4128, 0xA32E, 0x5168, 0x934E, 0x5949, 0x4149, 0x0843,
  0x0043, 0x0863, 0x3107, 0x0863, 0x0063, 0x00A5, 0x08A7, 0x28C9, 0x71A9, 0xDC8F, 0xDC6D, 0xED2E,
  0xF54E, 0xDC6D, 0xE4EF, 0xCBEE, 0x614A, 0x28C7, 0x08E6, 0x0906, 0x0084, 0x0064, 0x08E5, 0x00A4,
  0x00C5, 0x00C5, 0x00C4, 0x00A4, 0x0926, 0x00C4, 0x00A4, 0x00C5, 0x00C5, 0x08C5, 0x10E6, 0x10E5,
  0x10E6, 0x00A4, 0x00A4, 0x00A5, 0x00E5, 0x08E6, 0x00A5, 0x1989, 0x222C, 0x21EB, 0x21EB, 0x19EB,
  0x19EB, 0x19EB, 0x1A0C, 0x1A2C, 0x224D, 0x226E, 0x226F, 0x2AAF, 0x226F, 0x226E, 0x226E, 0x1A2E,
  0x1A2D, 0x1A2D, 0x224D, 0x1A4E, 0x228F, 0x1A2D, 0x224E, 0x224E, 0x1A0D, 0x1A0D, 0x220D, 0x220D,
  0x224D, 0x19CA, 0x00C5, 0x00E6, 0x08E6, 0x0907, 0x00E6, 0x0106, 0x0906, 0x0906, 0x00E6, 0x00E6,
  0x00E6, 0x00E6, 0x0927, 0x0907, 0x0907, 0x08E6, 0x0106, 0x0947, 0x11C9, 0x0106, 0x19EB, 0x222D,
  0x224E, 0x2290, 0x1B54, 0x5D5A, 0x5C97, 0x016B, 0x098B, 0x0129, 0x0107, 0x0128, 0x0949, 0x0928,
  0x00E7, 0x00E6, 0x11AA, 0x1A0C, 0x224D, 0x222C, 0x2A0C, 0x220C, 0x2A0C, 0x1148, 0x198A, 0x2A2C,
  0x21EB, 0x2A2C, 0x1147, 0x00A4, 0x08E5, 0x08C5, 0x220C, 0x5AB1, 0xB2B7, 0x9AD8, 0x31EE, 0x0906,
  0x00C4, 0x08E5, 0x198B, 0x21F0, 0x196C, 0x1949, 0x1128, 0x1949, 0x21CC, 0x1A70, 0x7D58, 0xF7FF,
  0x9E7A, 0xF7FF, 0xDFBF, 0x7D98, 0xF7FF, 0xE7DF, 0x3BD5, 0x19EF, 0x218B, 0x1949, 0x1949, 0x1949,
  0x1929, 0x196B, 0x21AE, 0x1129, 0x00A4, 0x0063, 0x08C5, 0x1106, 0x0863, 0x498A, 0x7989, 0xC40A,
  0xFEB0, 0xEE2E, 0xDD0B, 0xA286, 0x9A05, 0xCC4A, 0xB3CA, 0x5905, 0x4106, 0x4106, 0x4107, 0x2907,
  0x1927, 0x10C5, 0x0863, 0x0042, 0x0042, 0x0042, 0x0863, 0x0863, 0x10E5, 0x534E, 0x328B, 0x21C8,
  0x19A7, 0x21E8, 0x5BAF, 0x6C72, 0x6CB3, 0x7515, 0x7D56, 0x85B7, 0x8DD8, 0x8DF8, 0x8E19, 0x9619,
  0x324A, 0x1125, 0x0082, 0x08A3, 0x324B, 0x21C8, 0x0042, 0x2209, 0x2A2A, 0x08E4, 0x0061, 0x0021,
  0x08E4, 0x1146, 0x0042, 0x0001, 0x0021, 0x0000, 0x0043, 0x19A8, 0x0062, 0x0002, 0x0907, 0x2147,
  0x3188, 0x0084, 0x0043, 0x08A5, 0x1907, 0x4148, 0xB36F, 0x6188, 0xAB8E, 0x40E7, 0x3928, 0x0864,
  0x0863, 0x0864, 0x3106, 0x0864, 0x0084, 0x08C6, 0x10C7, 0x3109, 0x5928, 0x9229, 0x9A49, 0xA249,
  0xA1E8, 0xBAE9, 0xFDB0, 0xAACB, 0x512A, 0x28E7, 0x0906, 0x1147, 0x1106, 0x08A4, 0x1106, 0x0906,
  0x0906, 0x1105, 0x0905, 0x0905, 0x1147, 0x08E5, 0x00C5, 0x00C5, 0x00A4, 0x0084, 0x00A4, 0x00C5,
  0x00A5, 0x00A5, 0x00A5, 0x00A5, 0x08E6, 0x00C5, 0x00A5, 0x1989, 0x220C, 0x21EB, 0x19EB, 0x19CA,
  0x19CB, 0x19EB, 0x19EB, 0x1A0C, 0x222D, 0x224D, 0x226E, 0x2A8E, 0x224D, 0x222D, 0x1A2D, 0x1A0D,
  0x1A0C, 0x1A0C, 0x1A0D, 0x1A2D, 0x226E, 0x1A0D, 0x222D, 0x1A2D, 0x1A0C, 0x19EC, 0x1A0C, 0x220D,
  0x224D, 0x19CA, 0x00C6, 0x08E6, 0x0906, 0x0907, 0x00E6, 0x0947, 0x0947, 0x0927, 0x0947, 0x0927,
  0x00E6, 0x0947, 0x11A9, 0x0927, 0x0947, 0x0906, 0x0968, 0x0967, 0x11A8, 0x0927, 0x19EB, 0x224D,
  0x224E, 0x22B0, 0x2374, 0x555A, 0x3393, 0x014B, 0x018B, 0x126F, 0x1ACF, 0x122D, 0x0149, 0x0128,
  0x0969, 0x228E, 0x2B10, 0x22AE, 0x226D, 0x222C, 0x220C, 0x220C, 0x220C, 0x1168, 0x1989, 0x2A4C,
  0x220B, 0x2A4C, 0x1147, 0x00A4, 0x08C5, 0x21CA, 0x4290, 0xA2D5, 0xAAB7, 0x4A53, 0x2A0E, 0x08E6,
  0x00A4, 0x0905, 0x198B, 0x21F0, 0x196C, 0x194A, 0x1128, 0x1149, 0x19AC, 0x1A90, 0x7D79, 0xF7FF,
  0x8E39, 0xEFFF, 0xE7DF, 0x7598, 0xE7DF, 0xFFFF, 0x6D39, 0x1A31, 0x21CD, 0x196A, 0x194A, 0x196A,
  0x1929, 0x194A, 0x21AF, 0x112A, 0x08C4, 0x0063, 0x08E5, 0x1105, 0x0063, 0x418A, 0x79EB, 0xBB49,
  0xD4AA, 0xBB87, 0xDD0B, 0xBBC9, 0x8125, 0x8986, 0x6905, 0x48E6, 0x38E6, 0x38E6, 0x3107, 0x1907,
  0x08C5, 0x0042, 0x0042, 0x0863, 0x0043, 0x0863, 0x0863, 0x0863, 0x0042, 0x29E9, 0x3AAB, 0x21C8,
  0x19A7, 0x29E8, 0x4B2D, 0x5BCF, 0x6431, 0x6CD3, 0x7535, 0x8597, 0x85D8, 0x8DF8, 0x8E19, 0x8E19,
  0x1925, 0x08E4, 0x08A3, 0x0082, 0x2A2A, 0x3A8C, 0x19C8, 0x2A6B, 0x324A, 0x0904, 0x0041, 0x0021,
  0x08E4, 0x1105, 0x0001, 0x0001, 0x0021, 0x0000, 0x0043, 0x19A8, 0x0042, 0x0023, 0x1148, 0x0927,
  0x2147, 0x1906, 0x0063, 0x08C5, 0x1907, 0x4148, 0xA30E, 0x5968, 0xAB8E, 0x38C7, 0x30E8, 0x0864,
  0x0863, 0x10A5, 0x3106, 0x0883, 0x0084, 0x08C6, 0x10C7, 0x3109, 0x4109, 0x50E9, 0x58C9, 0x70A8,
  0xA1E9, 0xECCE, 0xC32B, 0x60E8, 0x414A, 0x20E7, 0x08E6, 0x1168, 0x1967, 0x1126, 0x1947, 0x21A7,
  0x21A8, 0x21A8, 0x21C8, 0x21C8, 0x21A8, 0x1126, 0x08C5, 0x08C5, 0x00A4, 0x0084, 0x0084, 0x08C5,
  0x08E5, 0x00C5, 0x00A5, 0x00A5, 0x08E6, 0x00C5, 0x00C5, 0x1989, 0x220B, 0x21EB, 0x19EB, 0x19EB,
  0x19CA, 0x19CB, 0x19EB, 0x1A0C, 0x222C, 0x222D, 0x222D, 0x224D, 0x224D, 0x222C, 0x1A0C, 0x1A0C,
  0x1A0C, 0x19EC, 0x220C, 0x222D, 0x222D, 0x1A0C, 0x222D, 0x1A0C, 0x19EC, 0x19EC, 0x21EC, 0x220C,
  0x222D, 0x19CA, 0x00C5, 0x00E6, 0x0927, 0x0907, 0x00C5, 0x19C9, 0x1A2A, 0x0947, 0x19EA, 0x1188,
  0x00E6, 0x11C9, 0x2AAC, 0x11C9, 0x1A0A, 0x00E6, 0x19E9, 0x1A4A, 0x2A8B, 0x1168, 0x19CA, 0x224D,
  0x226E, 0x22B0, 0x2B94, 0x3C98, 0x1AF2, 0x01AC, 0x1B33, 0x3D3B, 0x5DFD, 0x22F1, 0x0128, 0x098A,
  0x3311, 0x3372, 0x22AF, 0x228E, 0x226D, 0x224C, 0x222C, 0x220C, 0x220C, 0x1969, 0x19A9, 0x2A4C,
  0x220B, 0x2A4C, 0x1147, 0x00A5, 0x1148, 0x3A8F, 0x7A72, 0xB2B6, 0x6253, 0x4273, 0x322F, 0x00C6,
  0x0084, 0x08E5, 0x116B, 0x21D0, 0x196C, 0x194A, 0x1129, 0x1949, 0x19AC, 0x1AB1, 0x965B, 0xEFFF,
  0x7DD8, 0xEFFF, 0xEFFF, 0x6517, 0xCF3D, 0xFFFF, 0xA65B, 0x1A93, 0x21EE, 0x196A, 0x194A, 0x1949,
  0x1929, 0x194A, 0x21AE, 0x114A, 0x08C4, 0x0063, 0x1126, 0x1127, 0x1106, 0x39AB, 0x79EC, 0x8104,
  0xD46B, 0xAB07, 0xD48B, 0xB3C9, 0x7126, 0x7988, 0x5906, 0x40E6, 0x30E6, 0x2927, 0x18E6, 0x08C5,
  0x08A4, 0x0021, 0x0042, 0x18E5, 0x0884, 0x0842, 0x0843, 0x0883, 0x0863, 0x08A4, 0x324A, 0x2209,
  0x19A7, 0x1966, 0x2A49, 0x3ACB, 0x4B4E, 0x5BF0, 0x6C93, 0x7D15, 0x8576, 0x8597, 0x85B8, 0x85B8,
  0x0062, 0x00A3, 0x08A3, 0x0021, 0x21A8, 0x430E, 0x430E, 0x432E, 0x2A29, 0x08C3, 0x0041, 0x0000,
  0x0021, 0x0021, 0x0001, 0x0022, 0x0001, 0x0000, 0x0064, 0x19A8, 0x0042, 0x0023, 0x1148, 0x0927,
  0x0906, 0x1926, 0x08A4, 0x08A5, 0x10E7, 0x5189, 0xA2CD, 0x6188, 0xA34E, 0x30A6, 0x20C6, 0x0863,
  0x0864, 0x18C6, 0x3107, 0x0884, 0x00A4, 0x00C6, 0x10C7, 0x3109, 0x4109, 0x616A, 0x89EA, 0xC36C,
  0xFD4F, 0xC32B, 0x6908, 0x410A, 0x394A, 0x20E7, 0x08C5, 0x1989, 0x19A9, 0x1947, 0x1105, 0x1146,
  0x1167, 0x1987, 0x19A7, 0x19A7, 0x1126, 0x1126, 0x08E5, 0x08C5, 0x00A4, 0x00A4, 0x0084, 0x08E6,
  0x08E5, 0x08C5, 0x00A4, 0x00C5, 0x0906, 0x00C5, 0x08E5, 0x1988, 0x21EB, 0x19CA, 0x19EA, 0x19CA,
  0x19CA, 0x19EB, 0x19CA, 0x19EB, 0x1A0B, 0x1A0C, 0x222C, 0x222C, 0x220C, 0x1A0C, 0x19EB, 0x19EB,
  0x19EB, 0x19EB, 0x19EB, 0x1A0C, 0x222C, 0x1A0C, 0x220C, 0x21EC, 0x19EB, 0x21EC, 0x21EC, 0x21EC,
  0x222C, 0x19CA, 0x00C5, 0x0106, 0x1147, 0x0906, 0x08E6, 0x0906, 0x0907, 0x0106, 0x00E6, 0x00E6,
  0x08E6, 0x0907, 0x0907, 0x0906, 0x0906, 0x08E6, 0x0906, 0x0907, 0x0106, 0x0927, 0x19EB, 0x224D,
  0x224D, 0x22AF, 0x2332, 0x2BD6, 0x3417, 0x3417, 0x3457, 0x23D5, 0x4478, 0x1AB0, 0x11CB, 0x3331,
  0x3393, 0x2B31, 0x22AF, 0x228E, 0x226D, 0x224C, 0x222C, 0x222C, 0x2A4C, 0x1989, 0x1148, 0x2A4C,
  0x220B, 0x224C, 0x1147, 0x08E6, 0x324E, 0x7AD3, 0xBAD6, 0x8294, 0x5A95, 0x52B5, 0x2A0F, 0x08E6,
  0x00A4, 0x08C5, 0x114A, 0x21D0, 0x196C, 0x196A, 0x1149, 0x196A, 0x21CD, 0x22F2, 0xA6BC, 0xEFFF,
  0x75B8, 0xE7DF, 0xF7FF, 0x6537, 0xB6BC, 0xFFFF, 0xD77E, 0x3BF6, 0x2230, 0x21AC, 0x216B, 0x194A,
  0x1929, 0x194A, 0x21AE, 0x114B, 0x08E5, 0x0083, 0x10E6, 0x08E6, 0x1128, 0x318B, 0x61AB, 0x91E7,
  0xEDEF, 0x9226, 0x9A88, 0x8A48, 0x5927, 0x5927, 0x48E6, 0x3907, 0x2128, 0x1906, 0x0863, 0x08A3,
  0x08A4, 0x0021, 0x1083, 0x18E6, 0x0864, 0x0042, 0x0863, 0x0883, 0x0863, 0x0022, 0x1946, 0x2A29,
  0x19A7, 0x0925, 0x19A7, 0x2208, 0x2A6A, 0x3AEC, 0x4B6F, 0x5C11, 0x74B3, 0x7D35, 0x7D56, 0x7D57,
  0x0042, 0x08A4, 0x08C3, 0x0020, 0x10E4, 0x328C, 0x432E, 0x430D, 0x19A7, 0x0082, 0x0062, 0x0021,
  0x0021, 0x0001, 0x0001, 0x0862, 0x0000, 0x0000, 0x0064, 0x19A8, 0x0022, 0x0044, 0x1149, 0x1148,
  0x1148, 0x08E6, 0x08A5, 0x10C6, 0x10C6, 0x620A, 0xBBD0, 0x69C9, 0xAB8E, 0x38C7, 0x20C6, 0x0843,
  0x0884, 0x18C6, 0x28E6, 0x0022, 0x0042, 0x0043, 0x10A7, 0x312A, 0x38C8, 0x926B, 0xFDB2, 0xE46E,
  0xAA4A, 0x7109, 0x490A, 0x392A, 0x394A, 0x20C6, 0x08C4, 0x1167, 0x0968, 0x220A, 0x3ACC, 0x6C31,
  0x53CF, 0x5C10, 0x6C72, 0x7492, 0x4B0C, 0x1947, 0x1126, 0x08E5, 0x00A4, 0x00A4, 0x00A4, 0x08E6,
  0x00C5, 0x00C5, 0x00A4, 0x00C5, 0x00E5, 0x00C5, 0x00A4, 0x1989, 0x21EB, 0x21CA, 0x19EA, 0x19CA,
  0x19CB, 0x19EB, 0x19EB, 0x19EB, 0x19EB, 0x19EB, 0x222C, 0x222C, 0x220B, 0x220B, 0x19EB, 0x19EB,
  0x19CB, 0x19CB, 0x19EB, 0x19EB, 0x19CA, 0x19EB, 0x19EB, 0x19EB, 0x19EB, 0x21EB, 0x21EB, 0x220C,
  0x222C, 0x19CA, 0x00C5, 0x0906, 0x1127, 0x0906, 0x08E6, 0x0907, 0x0907, 0x0906, 0x0907, 0x08E6,
  0x08E6, 0x0907, 0x0907, 0x0906, 0x0906, 0x08E6, 0x0906, 0x0907, 0x0927, 0x0927, 0x19EB, 0x224D,
  0x224D, 0x228E, 0x2B11, 0x2B52, 0x2353, 0x2373, 0x2373, 0x2332, 0x2332, 0x2B52, 0x2310, 0x22F0,
  0x2B31, 0x2B10, 0x22AE, 0x228D, 0x224C, 0x222C, 0x222C, 0x19AA, 0x21EB, 0x1127, 0x0906, 0x2A4C,
  0x220B, 0x224C, 0x1148, 0x1128, 0x6A93, 0xC318, 0xA2F7, 0x8319, 0x7B3A, 0x5AB6, 0x3231, 0x08E6,
  0x08A4, 0x08E5, 0x1129, 0x21D0, 0x196D, 0x196A, 0x1149, 0x198A, 0x19ED, 0x2B53, 0xC75E, 0xEFFF,
  0x6517, 0xDF9E, 0xFFFF, 0x6D58, 0x961A, 0xFFFF, 0xFFFF, 0x861B, 0x1A71, 0x21ED, 0x198B, 0x196A,
  0x1949, 0x196A, 0x21AE, 0x196C, 0x08E5, 0x00A4, 0x19A9, 0x21CB, 0x2A2D, 0x320D, 0x59AC, 0x9AA8,
  0xE5AE, 0x79A6, 0x6127, 0x5107, 0x4927, 0x4107, 0x3907, 0x2928, 0x10C6, 0x0063, 0x0021, 0x0063,
  0x08C4, 0x0022, 0x18A4, 0x18E6, 0x0064, 0x0842, 0x0863, 0x0863, 0x0863, 0x0863, 0x0863, 0x21C8,
  0x1987, 0x0905, 0x1986, 0x19C7, 0x2208, 0x2A4A, 0x328B, 0x430D, 0x4B6F, 0x5BD0, 0x6431, 0x6452,
  0x0062, 0x00A3, 0x08C4, 0x0061, 0x0041, 0x21A8, 0x3ACC, 0x326B, 0x1125, 0x00A3, 0x0083, 0x0082,
  0x0041, 0x0001, 0x0001, 0x0883, 0x0000, 0x0000, 0x0084, 0x19A8, 0x0021, 0x0064, 0x1169, 0x0927,
  0x0907, 0x0927, 0x1927, 0x18E6, 0x18E7, 0x4148, 0x618A, 0x5169, 0x69EB, 0x3908, 0x28C6, 0x0843,
  0x10A5, 0x20E6, 0x28E6, 0x0022, 0x0042, 0x0022, 0x10A7, 0x312A, 0x38E9, 0x696A, 0xA24B, 0x7908,
  0x610A, 0x510A, 0x40E9, 0x3109, 0x394A, 0x20E6, 0x00A4, 0x432D, 0xADF7, 0xD73C, 0xF7DE, 0xFFFF,
  0xFFFF, 0xFFFF, 0xFFFF, 0xFFFF, 0xF79C, 0x5B2C, 0x0926, 0x0906, 0x00C4, 0x00A4, 0x00A4, 0x0906,
  0x00E5, 0x00C5, 0x00A4, 0x00C5, 0x00C5, 0x00A5, 0x0084, 0x1989, 0x21EB, 0x21CA, 0x19CA, 0x19EA,
  0x21EB, 0x1A0B, 0x19EB, 0x1A0B, 0x19EB, 0x19EB, 0x222C, 0x220B, 0x1A0B, 0x21EB, 0x19EB, 0x19EB,
  0x19CA, 0x19CA, 0x19EB, 0x220B, 0x19AA, 0x21EB, 0x220B, 0x21EB, 0x21EB, 0x21EB, 0x220B, 0x220B,
  0x222C, 0x19CA, 0x00C5, 0x0927, 0x0927, 0x00E6, 0x0906, 0x0927, 0x08E6, 0x0906, 0x00E6, 0x08E6,
  0x0907, 0x1168, 0x0906, 0x0927, 0x0906, 0x0906, 0x0907, 0x0907, 0x0927, 0x0927, 0x19EB, 0x224D,
  0x222C, 0x226E, 0x22CF, 0x22F0, 0x2310, 0x22F0, 0x2310, 0x22CF, 0x22CF, 0x2B31, 0x2311, 0x2AF0,
  0x3310, 0x22CF, 0x228E, 0x226D, 0x224C, 0x220B, 0x19A9, 0x1189, 0x19EB, 0x0907, 0x08E6, 0x222C,
  0x220B, 0x222B, 0x1127, 0x10E7, 0xA2D7, 0xBB19, 0x72B7, 0x82FA, 0x9B5C, 0x6297, 0x3A32, 0x1108,
  0x08C4, 0x08E5, 0x0908, 0x21CF, 0x218D, 0x196A, 0x196A, 0x198B, 0x1A0E, 0x43F5, 0xE7DF, 0xE7DF,
  0x54F6, 0xD77E, 0xFFFF, 0x7579, 0x6D18, 0xFFFF, 0xFFFF, 0xD7BF, 0x3BF5, 0x19EF, 0x21CD, 0x218B,
  0x198B, 0x198B, 0x21AE, 0x19AD, 0x00E5, 0x08C4, 0x328E, 0x2A6D, 0x326E, 0x324E, 0x59ED, 0xD52E,
  0xCCAC, 0x58E6, 0x5127, 0x40E6, 0x3907, 0x3128, 0x2927, 0x0884, 0x0083, 0x0062, 0x0021, 0x08A3,
  0x08E5, 0x0883, 0x18A4, 0x18E6, 0x0884, 0x0042, 0x0063, 0x0883, 0x0883, 0x0863, 0x0884, 0x1966,
  0x1987, 0x0905, 0x1986, 0x19A7, 0x19C8, 0x21E8, 0x2A29, 0x2A4A, 0x328B, 0x3AAC, 0x3ACC, 0x3AED,
  0x08C4, 0x00A3, 0x08C4, 0x0062, 0x0021, 0x0905, 0x2A4A, 0x1987, 0x08C4, 0x08E4, 0x00C4, 0x08A3,
  0x0000, 0x0001, 0x0001, 0x0862, 0x0000, 0x0000, 0x0085, 0x19A8, 0x0021, 0x0065, 0x1169, 0x1148,
  0x0907, 0x0907, 0x1969, 0x10E6, 0x0885, 0x59CA, 0xA2EE, 0x596A, 0x59AC, 0x3908, 0x30E7, 0x0843,
  0x10A5, 0x2906, 0x3927, 0x0064, 0x00A5, 0x08C5, 0x10C6, 0x312A, 0x410A, 0x590A, 0x922D, 0x8A0D,
  0x612A, 0x79EB, 0x822C, 0x514A, 0x394A, 0x2107, 0x0084, 0x328A, 0x84D2, 0xB5F5, 0xDEB8, 0xF7BC,
  0xF7BC, 0xF7DC, 0xF7BC, 0xF7DC, 0xC635, 0x31E7, 0x1167, 0x08C5, 0x00A5, 0x00C5, 0x00A4, 0x1126,
  0x08E6, 0x00C5, 0x00A5, 0x00E5, 0x00C4, 0x00A4, 0x0084, 0x1989, 0x21EB, 0x21CA, 0x19CA, 0x19EA,
  0x220B, 0x1A0B, 0x19EA, 0x19EB, 0x19EB, 0x19EB, 0x19EB, 0x1A0B, 0x220B, 0x220B, 0x19EB, 0x19EB,
  0x19EB, 0x2A0B, 0x19CA, 0x1189, 0x0948, 0x19CA, 0x21EB, 0x21EB, 0x2A2C, 0x220C, 0x1A0B, 0x220B,
  0x222C, 0x19CA, 0x00C5, 0x0927, 0x0907, 0x00E6, 0x0927, 0x0927, 0x0906, 0x0906, 0x0106, 0x08E6,
  0x0927, 0x1168, 0x0907, 0x0907, 0x0906, 0x0906, 0x0907, 0x0907, 0x0947, 0x0927, 0x19CB, 0x222D,
  0x222C, 0x224D, 0x228E, 0x22AF, 0x22AF, 0x1AAF, 0x22CF, 0x1A6E, 0x226E, 0x228E, 0x1A6E, 0x1A6D,
  0x2AAF, 0x228E, 0x228D, 0x2A6D, 0x2A6D, 0x220B, 0x19A9, 0x1989, 0x19EB, 0x08E6, 0x1127, 0x2A6D,
  0x222B, 0x224B, 0x0926, 0x1908, 0x92F8, 0x8AF8, 0x8B3A, 0x8299, 0xAB5B, 0xA39C, 0x4234, 0x1108,
  0x08C5, 0x08C5, 0x0908, 0x21CF, 0x198D, 0x196B, 0x196A, 0x19AB, 0x1A2F, 0x5497, 0xFFFF, 0xCF7E,
  0x3C55, 0xD77E, 0xFFFF, 0x7DDA, 0x4415, 0xE7BE, 0xFFFF, 0xF7FF, 0xAEFD, 0x3395, 0x1A10, 0x29EE,
  0x29ED, 0x21AC, 0x21CF, 0x19AD, 0x00E5, 0x00A3, 0x1168, 0x19A9, 0x00C5, 0x21AA, 0x626F, 0xAB8C,
  0x9289, 0x5107, 0x4107, 0x30E6, 0x2969, 0x2127, 0x0863, 0x0022, 0x0883, 0x0062, 0x0042, 0x1106,
  0x08E5, 0x0884, 0x20E5, 0x1906, 0x0884, 0x0042, 0x0863, 0x0062, 0x0884, 0x1106, 0x1947, 0x08C5,
  0x1966, 0x1125, 0x1987, 0x19A7, 0x19A7, 0x21C8, 0x21E8, 0x2209, 0x2A29, 0x2A4A, 0x326B, 0x328B,
  0x1966, 0x00A3, 0x08C4, 0x0082, 0x0021, 0x08E5, 0x222A, 0x1146, 0x08C4, 0x08E4, 0x08E4, 0x0062,
  0x0000, 0x0000, 0x0021, 0x0042, 0x0000, 0x0001, 0x00A5, 0x19A8, 0x0001, 0x0085, 0x198A, 0x1148,
  0x1107, 0x0927, 0x1128, 0x1107, 0x08A5, 0x4189, 0x720B, 0x598A, 0x69CC, 0x4109, 0x28C6, 0x0863,
  0x10A5, 0x28E6, 0x3927, 0x0043, 0x00A5, 0x0085, 0x10C7, 0x312A, 0x40C9, 0x5888, 0xCBD1, 0xBAEE,
  0x7088, 0xCB8F, 0xCB8F, 0x6129, 0x414A, 0x20E6, 0x08E5, 0x1126, 0x1A09, 0x4B4D, 0x5B6D, 0x7450,
  0x7C50, 0x84B1, 0x84B1, 0x7C4F, 0x52EB, 0x21A8, 0x1988, 0x1148, 0x1989, 0x1169, 0x0948, 0x0926,
  0x08E6, 0x00C5, 0x08C5, 0x08E5, 0x00A4, 0x0084, 0x08E5, 0x21CA, 0x21CA, 0x19CA, 0x19CA, 0x19EA,
  0x220B, 0x21EA, 0x19EA, 0x19EA, 0x19CA, 0x21EB, 0x19CA, 0x19CA, 0x222C, 0x220B, 0x19EB, 0x21EB,
  0x19AA, 0x29AA, 0x1127, 0x00E6, 0x00E6, 0x0907, 0x0927, 0x0927, 0x1168, 0x0948, 0x19EA, 0x222B,
  0x222C, 0x19CA, 0x00C5, 0x0927, 0x00E6, 0x0106, 0x0947, 0x0927, 0x0106, 0x0906, 0x0906, 0x0106,
  0x0927, 0x0927, 0x0927, 0x0907, 0x0906, 0x0906, 0x0907, 0x0927, 0x0947, 0x0907, 0x19CB, 0x222C,
  0x222C, 0x224D, 0x226E, 0x226E, 0x226E, 0x226D, 0x226D, 0x226D, 0x11CA, 0x0969, 0x0948, 0x0948,
  0x1A0B, 0x2A8E, 0x222C, 0x19A9, 0x19A9, 0x1189, 0x1168, 0x1148, 0x222B, 0x08E6, 0x08E6, 0x21EA,
  0x2A4C, 0x2A6C, 0x1147, 0x1127, 0x52F4, 0x837A, 0xD43D, 0x92D9, 0x931A, 0xE5BF, 0x5A97, 0x112A,
  0x08C5, 0x00C4, 0x1128, 0x21CF, 0x218D, 0x196B, 0x196A, 0x19CC, 0x1A70, 0x7DBA, 0xFFFF, 0xBF1D,
  0x3415, 0xD77E, 0xFFFF, 0x8E1B, 0x2312, 0xAE7B, 0xFFFF, 0xF7DE, 0xF7FF, 0xBF5E, 0x5CB8, 0x2B14,
  0x2251, 0x21EE, 0x21CF, 0x19AD, 0x00C5, 0x0083, 0x00A4, 0x1168, 0x0063, 0x21AA, 0x5AD1, 0x48C8,
  0x5128, 0x4128, 0x3128, 0x2169, 0x1927, 0x0043, 0x0042, 0x0022, 0x0062, 0x0884, 0x0884, 0x08C5,
  0x08A5, 0x0863, 0x2105, 0x2127, 0x08A5, 0x0063, 0x0042, 0x08A4, 0x1148, 0x1147, 0x08E5, 0x0063,
  0x10E5, 0x1125, 0x1987, 0x19A7, 0x19A7, 0x19A7, 0x21C8, 0x21E8, 0x2209, 0x2229, 0x2A2A, 0x2A4A,
  0x1105, 0x00A3, 0x08C4, 0x00A3, 0x0021, 0x0906, 0x2A4B, 0x1966, 0x08C4, 0x08E4, 0x08C4, 0x0001,
  0x0000, 0x0001, 0x0022, 0x0042, 0x0000, 0x0001, 0x08C5, 0x19A8, 0x0001, 0x0085, 0x198A, 0x0928,
  0x0907, 0x1128, 0x1148, 0x1128, 0x10E7, 0x18C6, 0x18C6, 0x69EC, 0x69AB, 0x514A, 0x28C6, 0x1084,
  0x10A5, 0x28E6, 0x3106, 0x0043, 0x00A5, 0x0084, 0x18C7, 0x4109, 0xAB4E, 0xCBCE, 0xE4D0, 0xE4B0,
  0xD3EE, 0xD3CD, 0xCBAD, 0xAB2D, 0x5969, 0x18C5, 0x21C9, 0x1105, 0x29E9, 0x32AC, 0x3AED, 0x42EC,
  0x42AB, 0x4ACC, 0x42CC, 0x3A8B, 0x322A, 0x1987, 0x1167, 0x21A9, 0x722C, 0x7A2C, 0x1968, 0x08E5,
  0x08E6, 0x08A5, 0x20E6, 0x08C5, 0x00A4, 0x0084, 0x0906, 0x21EB, 0x19CA, 0x19CA, 0x19EA, 0x220B,
  0x222B, 0x21EA, 0x21EA, 0x19EB, 0x21EA, 0x21EB, 0x19CA, 0x19EA, 0x222B, 0x220B, 0x220B, 0x19EA,
  0x0106, 0x00E6, 0x0106, 0x0906, 0x0907, 0x0907, 0x0927, 0x0927, 0x0106, 0x0106, 0x11CA, 0x1A0B,
  0x222C, 0x19CA, 0x00E5, 0x0927, 0x0106, 0x0106, 0x1148, 0x0106, 0x0106, 0x0927, 0x0106, 0x0906,
  0x0947, 0x0906, 0x0927, 0x0907, 0x08E6, 0x0906, 0x0927, 0x0927, 0x0927, 0x0907, 0x1148, 0x21EB,
  0x222C, 0x2A2D, 0x2A4D, 0x222D, 0x222D, 0x222D, 0x224D, 0x1A2C, 0x0948, 0x0948, 0x0948, 0x1168,
  0x2A4C, 0x2A8E, 0x0927, 0x00A4, 0x00A4, 0x00C6, 0x00A4, 0x41E9, 0x1947, 0x0084, 0x0084, 0x0084,
  0x1147, 0x21CA, 0x1147, 0x1128, 0x5BD8, 0xA45C, 0xECDD, 0x6A35, 0x6A99, 0xCD7D, 0x6B58, 0x196C,
  0x08E5, 0x08E5, 0x1128, 0x21CE, 0x21AD, 0x196B, 0x198A, 0x220E, 0x1AB2, 0xA69C, 0xFFFF, 0xAEBC,
  0x33F5, 0xDF9E, 0xFFFF, 0x963B, 0x1AD2, 0x5C75, 0xEFFF, 0xFFDE, 0xF7DE, 0xFFFF, 0xEFFF, 0xB6FD,
  0x85BA, 0x2AD1, 0x21EF, 0x21AD, 0x00C5, 0x0083, 0x0926, 0x19EA, 0x0084, 0x19AA, 0x5AD2, 0x496A,
  0x4169, 0x296A, 0x29AA, 0x08E6, 0x08A4, 0x0042, 0x0042, 0x0043, 0x08A5, 0x08C5, 0x0063, 0x08C5,
  0x0884, 0x0863, 0x2105, 0x1906, 0x08A5, 0x0063, 0x0042, 0x1126, 0x1127, 0x08C5, 0x08A5, 0x10C5,
  0x08E5, 0x0905, 0x1987, 0x1987, 0x1987, 0x1987, 0x21A8, 0x21C8, 0x21E8, 0x21E9, 0x2209, 0x2A29,
  0x0062, 0x00A3, 0x08C4, 0x00A3, 0x0041, 0x0905, 0x2A4B, 0x1967, 0x08E4, 0x0904, 0x08C4, 0x0021,
  0x0000, 0x0001, 0x0043, 0x0022, 0x0001, 0x0001, 0x08E6, 0x19A8, 0x0001, 0x0085, 0x1169, 0x1148,
  0x0907, 0x1148, 0x1169, 0x1128, 0x1907, 0x18C6, 0x2907, 0x720C, 0x598A, 0x618B, 0x4107, 0x0863,
  0x0884, 0x3127, 0x3906, 0x0042, 0x00A5, 0x0064, 0x18C7, 0x4909, 0xAAAC, 0xCB0C, 0xECD0, 0xE44F,
  0xECB0, 0xF530, 0xECD0, 0xBB0D, 0x6169, 0x18A4, 0x220A, 0x1106, 0x1126, 0x326C, 0x326C, 0x328B,
  0x324A, 0x3A6A, 0x3229, 0x2A09, 0x21A8, 0x1147, 0x1147, 0x2189, 0x91EB, 0x81CA, 0x1968, 0x00A4,
  0x08E5, 0x00A4, 0x08A4, 0x00A4, 0x00A4, 0x0084, 0x1126, 0x21EA, 0x19CA, 0x19CA, 0x19EA, 0x1A0A,
  0x222B, 0x19EA, 0x21EA, 0x19EA, 0x19CA, 0x220B, 0x19C9, 0x19EA, 0x222B, 0x1A0B, 0x220B, 0x21EA,
  0x0106, 0x00E6, 0x0907, 0x0907, 0x0907, 0x0927, 0x0927, 0x0906, 0x1927, 0x0907, 0x19EA, 0x220B,
  0x222B, 0x19CA, 0x08E6, 0x0927, 0x00E6, 0x0907, 0x1148, 0x0106, 0x0106, 0x0927, 0x0126, 0x0906,
  0x0927, 0x0906, 0x0906, 0x0906, 0x0907, 0x0907, 0x0927, 0x0907, 0x0906, 0x0106, 0x00E6, 0x19EB,
  0x2A4D, 0x222C, 0x222D, 0x222D, 0x222D, 0x222C, 0x224D, 0x1189, 0x0948, 0x0927, 0x0948, 0x0927,
  0x1A0C, 0x2A6D, 0x0907, 0x00C5, 0x00C5, 0x08E6, 0x1905, 0x834C, 0x0862, 0x0063, 0x0084, 0x0084,
  0x0084, 0x00C5, 0x1968, 0x116A, 0x6439, 0xD57E, 0xCC3B, 0x4171, 0x5A16, 0xBC7C, 0x7378, 0x196C,
  0x08C5, 0x08E5, 0x1148, 0x21AE, 0x21AE, 0x196B, 0x198B, 0x220F, 0x22F2, 0xC71D, 0xFFFF, 0x8DFA,
  0x2B94, 0xDF9E, 0xFFFF, 0x965B, 0x22F2, 0x2290, 0xA63A, 0xFFFF, 0xF7DE, 0xFFFF, 0xFFFF, 0xFFFF,
  0xDFFF, 0x3B73, 0x19CF, 0x21AE, 0x00C5, 0x0083, 0x1147, 0x220B, 0x0063, 0x19AA, 0x52F2, 0x3929,
  0x39EC, 0x29EC, 0x10E6, 0x0083, 0x08A4, 0x0021, 0x0063, 0x1106, 0x0085, 0x0084, 0x0084, 0x10E5,
  0x0084, 0x0863, 0x2926, 0x10E6, 0x08C5, 0x0084, 0x08A4, 0x0906, 0x08C5, 0x08E6, 0x08E6, 0x10E6,
  0x51A9, 0x51C9, 0x1166, 0x19A7, 0x1987, 0x19A7, 0x19A8, 0x21C8, 0x21C8, 0x21E8, 0x21E9, 0x2209,
  0x0082, 0x00A4, 0x08C4, 0x08A3, 0x0041, 0x0905, 0x2A4B, 0x1967, 0x08E4, 0x08E4, 0x0083, 0x0021,
  0x0001, 0x0022, 0x0063, 0x0021, 0x0000, 0x0000, 0x0906, 0x1987, 0x0001, 0x00A6, 0x1148, 0x1148,
  0x0927, 0x1148, 0x1169, 0x1128, 0x1907, 0x2907, 0x1084, 0x518A, 0x598B, 0x618B, 0x38E7, 0x0863,
  0x0064, 0x3927, 0x3106, 0x0042, 0x08C5, 0x0064, 0x20E7, 0x410A, 0x814A, 0xC26D, 0xEC11, 0xB1EB,
  0xC2CD, 0xC34D, 0xDC11, 0x898A, 0x5129, 0x18A4, 0x19A9, 0x1126, 0x08A4, 0x21CA, 0x220B, 0x21E9,
  0x2209, 0x2A09, 0x19A8, 0x1967, 0x1147, 0x1127, 0x1127, 0x19A9, 0x51A8, 0x4167, 0x1988, 0x00A4,
  0x08C5, 0x0084, 0x00A4, 0x00A4, 0x00A4, 0x0083, 0x1126, 0x21EA, 0x19EA, 0x19EA, 0x19EA, 0x220A,
  0x222B, 0x19EA, 0x19EA, 0x19EA, 0x19CA, 0x19EA, 0x19C9, 0x19EA, 0x1A0B, 0x1A0B, 0x220B, 0x220B,
  0x0106, 0x00E6, 0x0927, 0x0927, 0x0927, 0x0927, 0x0126, 0x0906, 0x0906, 0x0927, 0x0948, 0x1168,
  0x220B, 0x19AA, 0x00E6, 0x0907, 0x00E6, 0x0907, 0x0947, 0x00E6, 0x19C9, 0x1A0A, 0x332E, 0x11A8,
  0x21C9, 0x2A09, 0x2A29, 0x42EC, 0x11A8, 0x19EA, 0x1A0A, 0x1167, 0x1167, 0x0927, 0x0948, 0x220C,
  0x222C, 0x222C, 0x222C, 0x2A2D, 0x220D, 0x222C, 0x11A9, 0x2168, 0x1968, 0x1968, 0x1148, 0x0127,
  0x19EA, 0x2A6D, 0x0927, 0x00C5, 0x00C5, 0x08E6, 0x18E5, 0x51E7, 0x0863, 0x0083, 0x0084, 0x00A4,
  0x00A4, 0x08C6, 0x1148, 0x19AB, 0x95DB, 0xF65F, 0x92D7, 0x312F, 0x6216, 0xA31C, 0x7AB9, 0x218D,
  0x00C5, 0x08E5, 0x1148, 0x21AE, 0x21AE, 0x198B, 0x19AC, 0x1A4F, 0x43F5, 0xEFDF, 0xFFFF, 0x6D17,
  0x2373, 0xD77E, 0xFFFF, 0xA67C, 0x22D2, 0x19EE, 0x3B31, 0xB6FC, 0xFFFF, 0xFFFF, 0xFFDF, 0xFFDF,
  0xDFBE, 0x3B93, 0x19CF, 0x21AD, 0x00C6, 0x0083, 0x1147, 0x220B, 0x0084, 0x1989, 0x4333, 0x3A70,
  0x2A0D, 0x08C6, 0x0063, 0x0884, 0x0084, 0x0884, 0x1106, 0x0907, 0x0084, 0x0084, 0x00A4, 0x1105,
  0x0063, 0x0863, 0x2106, 0x10E6, 0x08C6, 0x0907, 0x0907, 0x0907, 0x10E6, 0x10E7, 0x2907, 0x7A2B,
  0xAB2F, 0x5A0B, 0x1146, 0x1987, 0x1987, 0x1987, 0x19A8, 0x21A8, 0x19C8, 0x21C8, 0x21C8, 0x21E8,
  0x21C8, 0x00C4, 0x00C4, 0x00A3, 0x0041, 0x0905, 0x2A4B, 0x1987, 0x0904, 0x08A4, 0x0063, 0x0001,
  0x0001, 0x0043, 0x00A5, 0x08E5, 0x0042, 0x0021, 0x0062, 0x08A3, 0x0043, 0x08C6, 0x08A4, 0x1107,
  0x0927, 0x1148, 0x1169, 0x1128, 0x1107, 0x2928, 0x28E6, 0x3107, 0x59AB, 0x69AB, 0x40E7, 0x1063,
  0x0043, 0x3927, 0x30E5, 0x0042, 0x08A4, 0x0064, 0x2108, 0x40E9, 0xC372, 0xDB0F, 0xE371, 0xBA2D,
  0xDBD0, 0xD3EE, 0xECD2, 0xC330, 0x5109, 0x18C5, 0x0927, 0x1968, 0x10A4, 0x1927, 0x21CA, 0x19C9,
  0x1987, 0x19C8, 0x1167, 0x1126, 0x1146, 0x0906, 0x08E6, 0x19A9, 0x62AA, 0x732C, 0x1188, 0x00C5,
  0x00A4, 0x2A49, 0x1987, 0x0083, 0x00C5, 0x0083, 0x1147, 0x220A, 0x19EA, 0x220A, 0x220A, 0x220B,
  0x222B, 0x19EA, 0x19EA, 0x19EA, 0x19EA, 0x19EA, 0x1188, 0x19EA, 0x19EA, 0x222B, 0x220B, 0x220A,
  0x0106, 0x08E6, 0x0927, 0x0107, 0x0127, 0x0947, 0x0927, 0x0926, 0x0927, 0x0947, 0x0107, 0x0107,
  0x220B, 0x19CA, 0x0907, 0x0907, 0x0906, 0x0927, 0x0927, 0x0906, 0x0927, 0x0947, 0x0947, 0x0927,
  0x0927, 0x0926, 0x0926, 0x1147, 0x0947, 0x1148, 0x19A9, 0x0906, 0x0927, 0x0927, 0x0948, 0x220C,
  0x220C, 0x220C, 0x220C, 0x222D, 0x222C, 0x222C, 0x0927, 0x1147, 0x1127, 0x1106, 0x1127, 0x0927,
  0x19CA, 0x326C, 0x1127, 0x00E6, 0x00E6, 0x0907, 0x10E5, 0x2105, 0x0063, 0x0083, 0x0083, 0x00A4,
  0x00A4, 0x08E6, 0x1107, 0x19AB, 0xBEBD, 0xD4FD, 0x5973, 0x314E, 0xACDA, 0x8ADA, 0x7A5A, 0x298E,
  0x00C5, 0x0906, 0x0928, 0x19AE, 0x29EF, 0x21AC, 0x19ED, 0x1A91, 0x8E3A, 0xFFFF, 0xEFFF, 0x43F4,
  0x2313, 0xCF5E, 0xFFFF, 0xA69C, 0x22B1, 0x21ED, 0x220E, 0x3351, 0xA63A, 0xF7FF, 0xFFFF, 0xFFFF,
  0xEFFF, 0x4BD4, 0x19CF, 0x21AE, 0x00E6, 0x00A4, 0x1147, 0x220C, 0x0084, 0x0927, 0x43D6, 0x2A90,
  0x00C6, 0x0084, 0x0062, 0x0083, 0x1107, 0x1106, 0x00A4, 0x08E6, 0x0084, 0x08A4, 0x0084, 0x08A4,
  0x0063, 0x0884, 0x2188, 0x1127, 0x08C6, 0x0907, 0x1107, 0x1107, 0x2107, 0x59A9, 0x9AAD, 0x8A8E,
  0x39ED, 0x1A0E, 0x1169, 0x1986, 0x1987, 0x19A7, 0x19A8, 0x19A8, 0x19C8, 0x19C8, 0x21E8, 0x21E8,
  0x3A8B, 0x08E4, 0x08A4, 0x00A3, 0x0021, 0x08E5, 0x2A2B, 0x1987, 0x08E4, 0x0063, 0x0042, 0x0000,
  0x0021, 0x0023, 0x00A5, 0x1147, 0x0883, 0x0021, 0x0021, 0x0001, 0x0084, 0x1148, 0x08E5, 0x0884,
  0x1127, 0x1148, 0x1969, 0x1948, 0x1928, 0x2907, 0x4969, 0x28E6, 0x3928, 0x71CC, 0x40E7, 0x1064,
  0x0043, 0x3927, 0x28E5, 0x0063, 0x08C5, 0x0064, 0x2909, 0x40E9, 0xA22E, 0xE351, 0xDB31, 0xA9CC,
  0xE390, 0xEC50, 0xEC30, 0xCB50, 0x5128, 0x18E6, 0x0906, 0x1168, 0x10C5, 0x10C6, 0x1969, 0x19AA,
  0x1168, 0x1187, 0x0906, 0x0906, 0x1106, 0x08E5, 0x00E6, 0x21EA, 0x628A, 0x5A8A, 0x1188, 0x08C5,
  0x00A4, 0x1986, 0x0905, 0x0084, 0x00A4, 0x0083, 0x1126, 0x21EA, 0x21EA, 0x220A, 0x19EA, 0x220A,
  0x220A, 0x19EA, 0x19EA, 0x19EA, 0x19EA, 0x19EA, 0x1168, 0x19EA, 0x19EA, 0x220B, 0x220B, 0x11A9,
  0x00E6, 0x00E6, 0x1147, 0x1168, 0x0947, 0x0947, 0x00E6, 0x0106, 0x0106, 0x0927, 0x0927, 0x0927,
  0x222C, 0x19CA, 0x0927, 0x0906, 0x0906, 0x0927, 0x0906, 0x00E6, 0x19A8, 0x1988, 0x0907, 0x0907,
  0x00E6, 0x00E6, 0x0106, 0x0907, 0x0907, 0x0906, 0x0907, 0x00E6, 0x0906, 0x0927, 0x0927, 0x222C,
  0x222C, 0x222C, 0x220C, 0x222C, 0x222C, 0x220C, 0x0948, 0x0927, 0x08E6, 0x7B0E, 0x5A4C, 0x00E6,
  0x21EB, 0x1989, 0x0084, 0x00A4, 0x00A5, 0x08E5, 0x00C5, 0x0063, 0x0083, 0x0084, 0x0063, 0x0084,
  0x0084, 0x1106, 0x2948, 0x198B, 0x9D1B, 0xB3BC, 0x4952, 0x41CE, 0xDEDD, 0xB37B, 0x925B, 0x294D,
  0x00A4, 0x0906, 0x0948, 0x21CF, 0x2A11, 0x21EE, 0x1A2F, 0x4415, 0xDFBF, 0xFFFF, 0xCF7E, 0x2AD0,
  0x1AD1, 0xBEFD, 0xFFFF, 0xAEBC, 0x2291, 0x198C, 0x19CC, 0x19ED, 0x2AAF, 0x5C75, 0x961A, 0xBEFC,
  0x961A, 0x3312, 0x21CF, 0x21CF, 0x0908, 0x00C5, 0x0906, 0x19EB, 0x00A5, 0x0906, 0x224D, 0x0085,
  0x0084, 0x0043, 0x08A4, 0x1147, 0x1128, 0x1127, 0x08C5, 0x0906, 0x0084, 0x0884, 0x0083, 0x0084,
  0x08A4, 0x1127, 0x220B, 0x0927, 0x08C5, 0x1128, 0x1928, 0x2908, 0x826C, 0xB30F, 0x620C, 0x21CD,
  0x1A50, 0x1B74, 0x23B1, 0x1166, 0x1987, 0x19A7, 0x19A7, 0x19A7, 0x19A7, 0x19C8, 0x19C8, 0x19C8,
  0x324A, 0x10E4, 0x00A3, 0x0083, 0x0021, 0x08E5, 0x2A09, 0x1966, 0x08A3, 0x0063, 0x0042, 0x0000,
  0x0021, 0x0022, 0x00A6, 0x1127, 0x10A4, 0x0842, 0x0021, 0x0042, 0x0022, 0x0907, 0x1968, 0x08C5,
  0x0084, 0x1169, 0x1128, 0x1948, 0x2149, 0x20E7, 0x4189, 0x4169, 0x28C6, 0x71CB, 0x4907, 0x0863,
  0x0023, 0x4148, 0x28C5, 0x0043, 0x08A5, 0x0085, 0x292A, 0x48EA, 0xAA6F, 0xD2AF, 0xDB11, 0xB1ED,
  0xE3D2, 0xBA0B, 0xCAAE, 0xD351, 0x50E8, 0x18C6, 0x08E6, 0x1169, 0x1927, 0x0864, 0x1928, 0x198A,
  0x1988, 0x0926, 0x08E5, 0x08E5, 0x0905, 0x08E5, 0x00E6, 0x19C9, 0x5208, 0x4A69, 0x1187, 0x00A5,
  0x00C5, 0x0084, 0x0083, 0x00A4, 0x00A4, 0x0084, 0x0084, 0x1988, 0x220A, 0x21EA, 0x19EA, 0x222B,
  0x220A, 0x19EA, 0x19EA, 0x21EA, 0x19CA, 0x21CA, 0x1168, 0x19CA, 0x19A9, 0x1A0B, 0x1A0A, 0x0947,
  0x00E5, 0x0906, 0x0927, 0x0927, 0x0106, 0x19A8, 0x42AB, 0x21E8, 0x21E9, 0x1167, 0x0947, 0x0927,
  0x224C, 0x19EA, 0x0907, 0x0906, 0x0906, 0x1127, 0x0906, 0x00E6, 0x326B, 0x1988, 0x0106, 0x0106,
  0x0927, 0x0947, 0x0927, 0x00C6, 0x00E5, 0x0906, 0x0927, 0x0106, 0x0927, 0x0947, 0x00E6, 0x11A9,
  0x224C, 0x222C, 0x222C, 0x19CB, 0x222C, 0x0948, 0x0969, 0x1189, 0x08E6, 0x5A2B, 0x41C9, 0x00E6,
  0x21EA, 0x1947, 0x0042, 0x0083, 0x0084, 0x0083, 0x0084, 0x00A4, 0x0084, 0x0063, 0x0084, 0x0064,
  0x00A4, 0x10E6, 0x2127, 0x196B, 0x7318, 0x929A, 0x3971, 0x4A70, 0xEE7D, 0xE41D, 0xAA7B, 0x312D,
  0x0084, 0x1106, 0x1148, 0x21CF, 0x2A52, 0x2A71, 0x22B1, 0xA67B, 0xFFFF, 0xF7FF, 0x8DFA, 0x11EE,
  0x1AB0, 0xAEDC, 0xFFFF, 0xAEDD, 0x22D2, 0x19AC, 0x116A, 0x198B, 0x19CD, 0x19ED, 0x226F, 0x2AD1,
  0x1A2F, 0x220F, 0x29EF, 0x21F0, 0x0929, 0x00C5, 0x0906, 0x2A4D, 0x08E6, 0x0063, 0x0083, 0x0083,
  0x0063, 0x0906, 0x21CB, 0x08E6, 0x08E6, 0x1128, 0x1107, 0x0907, 0x0084, 0x0084, 0x0084, 0x08E6,
  0x1948, 0x1127, 0x1148, 0x0907, 0x1107, 0x2107, 0x51A9, 0xAB0F, 0xA30F, 0x49ED, 0x21EE, 0x120F,
  0x1B93, 0x3E7B, 0x4E9B, 0x11E9, 0x1166, 0x1187, 0x1987, 0x19A7, 0x19A7, 0x19C7, 0x19C8, 0x19C8,
  0x2187, 0x08E4, 0x00C4, 0x0082, 0x0021, 0x18A3, 0x3166, 0x2125, 0x0062, 0x0062, 0x0021, 0x0000,
  0x0042, 0x0022, 0x00A6, 0x0907, 0x0063, 0x1083, 0x0862, 0x0042, 0x0021, 0x0063, 0x1106, 0x1948,
  0x08C5, 0x08E6, 0x1169, 0x1148, 0x2169, 0x1907, 0x3149, 0x496A, 0x28C6, 0x4128, 0x5149, 0x1043,
  0x0043, 0x4148, 0x28C5, 0x0043, 0x08C5, 0x0085, 0x2909, 0x512A, 0xE455, 0xDB31, 0xDB11, 0xA1AC,
  0xEC53, 0xE411, 0xEC32, 0xCB30, 0x48E8, 0x10C5, 0x08E6, 0x1148, 0x1948, 0x08A5, 0x10E6, 0x1949,
  0x1968, 0x08E5, 0x08C5, 0x08E5, 0x08E5, 0x08C5, 0x00E6, 0x19A8, 0x5A48, 0x4A49, 0x0926, 0x08E5,
  0x00A5, 0x4A0A, 0x2947, 0x0083, 0x00A4, 0x0084, 0x0084, 0x1988, 0x220A, 0x19CA, 0x19EA, 0x222B,
  0x21EA, 0x19EA, 0x19CA, 0x19EA, 0x21CA, 0x19CA, 0x1168, 0x19CA, 0x1989, 0x220B, 0x220B, 0x0927,
  0x00C5, 0x0906, 0x0906, 0x00E6, 0x0106, 0x19A8, 0x2A29, 0x19A8, 0x19A8, 0x1147, 0x0947, 0x0927,
  0x2A6D, 0x19EB, 0x0927, 0x0906, 0x0907, 0x0927, 0x08E6, 0x0927, 0x0926, 0x00C5, 0x1147, 0x19E9,
  0x1147, 0x4ACC, 0x21C9, 0x532D, 0x328B, 0x19C9, 0x1168, 0x11A8, 0x1188, 0x0927, 0x00E6, 0x1168,
  0x2A4C, 0x222C, 0x222C, 0x19CB, 0x19EB, 0x2168, 0x3A8D, 0x11CA, 0x0907, 0x1906, 0x1927, 0x0907,
  0x1148, 0x08C4, 0x0042, 0x0083, 0x0083, 0x00A4, 0x00A4, 0x00A4, 0x0084, 0x0084, 0x00C5, 0x0063,
  0x00A5, 0x08C5, 0x00A5, 0x1149, 0x5234, 0x7A58, 0x4A14, 0x6354, 0xE5DC, 0xF55D, 0xB33B, 0x390D,
  0x0084, 0x0906, 0x1128, 0x21CE, 0x2A73, 0x22D3, 0x7D99, 0xFFFF, 0xFFFE, 0xDFDF, 0x4415, 0x11CD,
  0x1A70, 0xA6BC, 0xFFFF, 0xB6FD, 0x22D2, 0x198B, 0x116A, 0x198B, 0x19AC, 0x19CD, 0x21ED, 0x19EE,
  0x3B52, 0x32D1, 0x21CF, 0x2A10, 0x0929, 0x00C5, 0x1147, 0x2A8E, 0x0907, 0x0063, 0x0083, 0x0063,
  0x1989, 0x220C, 0x1149, 0x00A5, 0x08C5, 0x1128, 0x0907, 0x08E6, 0x0083, 0x0063, 0x1147, 0x1989,
  0x08C5, 0x08A5, 0x1948, 0x1107, 0x20E7, 0x71EA, 0xB32F, 0x828E, 0x31CD, 0x2230, 0x1B12, 0x2CB6,
  0x3E3A, 0x4F5E, 0x2477, 0x122D, 0x1166, 0x1187, 0x1987, 0x19A7, 0x19A7, 0x19A7, 0x19C8, 0x19C8,
  0x10E4, 0x08C4, 0x08C4, 0x0062, 0x0821, 0x3062, 0x48C3, 0x28A3, 0x0863, 0x0042, 0x0021, 0x0001,
  0x0042, 0x0002, 0x08C7, 0x1147, 0x0063, 0x0863, 0x0883, 0x0042, 0x0042, 0x0042, 0x0042, 0x1127,
  0x1127, 0x0084, 0x1107, 0x1148, 0x2189, 0x2149, 0x398A, 0x4149, 0x3908, 0x30E6, 0x4128, 0x28C6,
  0x0023, 0x4168, 0x20A5, 0x0063, 0x08C5, 0x0064, 0x2108, 0x492A, 0x79AB, 0x818B, 0x814A, 0x78E9,
  0x814A, 0x816A, 0x796A, 0x694A, 0x3908, 0x10C5, 0x08E6, 0x0928, 0x1949, 0x10C6, 0x10C6, 0x1949,
  0x1948, 0x0905, 0x08C5, 0x08E5, 0x08C5, 0x00A4, 0x00E6, 0x21E9, 0x6268, 0x4A49, 0x0906, 0x00C5,
  0x00A5, 0x1906, 0x10C5, 0x00A4, 0x00A4, 0x0083, 0x0084, 0x1988, 0x21EA, 0x19EA, 0x19E9, 0x21EA,
  0x19EA, 0x19EA, 0x19EA, 0x21EA, 0x21EA, 0x21CA, 0x1188, 0x19C9, 0x1168, 0x222B, 0x222B, 0x0926,
  0x00C5, 0x0906, 0x08E6, 0x00E6, 0x0927, 0x0947, 0x0927, 0x0906, 0x0106, 0x0947, 0x0927, 0x0927,
  0x226C, 0x19EA, 0x0927, 0x0106, 0x0927, 0x0907, 0x08E6, 0x0906, 0x0906, 0x00C6, 0x0906, 0x1168,
  0x1127, 0x29C9, 0x1968, 0x4A8B, 0x21C9, 0x1188, 0x1168, 0x1168, 0x1167, 0x0907, 0x00E6, 0x1168,
  0x2A4C, 0x224C, 0x224C, 0x19CA, 0x0948, 0x2969, 0x29EB, 0x0969, 0x08E6, 0x3168, 0x4188, 0x0907,
  0x00A5, 0x0042, 0x0062, 0x0063, 0x0084, 0x0083, 0x0084, 0x00A4, 0x0063, 0x0084, 0x00C5, 0x0063,
  0x00A4, 0x00A4, 0x08A5, 0x08E7, 0x41D2, 0x935A, 0x4AB4, 0x957A, 0xD5FB, 0xF63D, 0xCC1C, 0x414F,
  0x0083, 0x08E5, 0x1127, 0x21EE, 0x2273, 0x5C97, 0xEFDF, 0xFFDF, 0xFFFF, 0xA67B, 0x22B1, 0x19EE,
  0x122F, 0x963B, 0xFFFF, 0xB71D, 0x22D1, 0x198C, 0x19AC, 0x19AD, 0x11EE, 0x1A2F, 0x1A2F, 0x3B11,
  0xD7DF, 0x64B7, 0x19F0, 0x2A31, 0x0929, 0x00C5, 0x1168, 0x2A6E, 0x0907, 0x0042, 0x0063, 0x19A9,
  0x19CA, 0x0949, 0x198A, 0x1128, 0x00A5, 0x0907, 0x0907, 0x08E6, 0x0084, 0x1127, 0x1968, 0x08C6,
  0x08A5, 0x1107, 0x2128, 0x4128, 0xA2AE, 0x9ACE, 0x41EC, 0x19EE, 0x1A91, 0x2415, 0x571D, 0x5F9E,
  0x35D9, 0x4EFD, 0x1BB6, 0x1AF2, 0x1187, 0x1986, 0x1987, 0x1987, 0x19A7, 0x19A7, 0x19A7, 0x19A7,
  0x0083, 0x08C4, 0x08C4, 0x0062, 0x0820, 0x3862, 0x4882, 0x28C4, 0x08A4, 0x0042, 0x0001, 0x0001,
  0x0021, 0x0002, 0x08E7, 0x1168, 0x0062, 0x0042, 0x10A4, 0x1084, 0x0063, 0x0062, 0x0021, 0x0083,
  0x1927, 0x1127, 0x08A4, 0x1107, 0x1148, 0x1948, 0x41CB, 0x3928, 0x4128, 0x4929, 0x4108, 0x28C6,
  0x0023, 0x4968, 0x20A4, 0x0064, 0x00A4, 0x0043, 0x2108, 0x3109, 0x38E9, 0x40E9, 0x60E9, 0xC34F,
  0x7149, 0x48C8, 0x40C8, 0x3909, 0x28E7, 0x10C5, 0x00E6, 0x1148, 0x1949, 0x08C6, 0x10C6, 0x1949,
  0x1128, 0x1106, 0x08C5, 0x08C5, 0x08E5, 0x0084, 0x00E6, 0x19EA, 0x3965, 0x4A49, 0x08E5, 0x00A4,
  0x00A4, 0x0063, 0x0084, 0x00A4, 0x00A4, 0x0083, 0x0083, 0x1988, 0x21E9, 0x19C9, 0x19EA, 0x21EA,
  0x19C9, 0x21CA, 0x19EA, 0x21EA, 0x220A, 0x21EA, 0x1988, 0x19C9, 0x1147, 0x220B, 0x222B, 0x0947,
  0x00A4, 0x08E5, 0x0906, 0x00E6, 0x0927, 0x0968, 0x1188, 0x0947, 0x1148, 0x0947, 0x0927, 0x0927,
  0x224C, 0x19EA, 0x0927, 0x0106, 0x0927, 0x0907, 0x00E6, 0x0106, 0x19E9, 0x1167, 0x00E6, 0x00E6,
  0x0927, 0x0906, 0x0907, 0x00E6, 0x00E6, 0x0906, 0x0907, 0x0906, 0x0907, 0x0906, 0x00E6, 0x1168,
  0x2A4C, 0x224C, 0x222C, 0x0968, 0x1168, 0x1168, 0x1189, 0x1169, 0x00E6, 0x5A0B, 0x622B, 0x08E6,
  0x0063, 0x0042, 0x0063, 0x0063, 0x0063, 0x0063, 0x0063, 0x0064, 0x0063, 0x0083, 0x0084, 0x0084,
  0x08C5, 0x0084, 0x08A4, 0x08C6, 0x4191, 0xC4BD, 0x52D3, 0xBE7C, 0xD6BC, 0xEE7D, 0xD4FE, 0x5232,
  0x0063, 0x1106, 0x0927, 0x21EE, 0x3B34, 0xCF5D, 0xFFFF, 0xFFDF, 0xEFFF, 0x4C15, 0x1A2F, 0x19AC,
  0x11CD, 0x7558, 0xB6DC, 0x5456, 0x2270, 0x19AC, 0x19EE, 0x3332, 0x6CF7, 0x9E3B, 0x4C36, 0x43B4,
  0xEFFF, 0x7538, 0x1A11, 0x3252, 0x092A, 0x08E5, 0x11A8, 0x2A6D, 0x00A5, 0x08C5, 0x2A2C, 0x1189,
  0x08E6, 0x19AB, 0x1149, 0x08E6, 0x0884, 0x1127, 0x0928, 0x1189, 0x1969, 0x08E6, 0x08C6, 0x08E6,
  0x10E7, 0x2107, 0x69EB, 0xBB50, 0x828E, 0x29ED, 0x122F, 0x1B53, 0x2CD7, 0x5F7D, 0x573D, 0x2496,
  0x2CF8, 0x571D, 0x13B5, 0x3559, 0x1AEC, 0x1145, 0x1987, 0x1987, 0x19A7, 0x19A7, 0x19A7, 0x19A7,
  0x0082, 0x08C4, 0x00A3, 0x0061, 0x0820, 0x3082, 0x40A3, 0x1906, 0x00C4, 0x0021, 0x0001, 0x0021,
  0x0021, 0x0002, 0x0908, 0x1168, 0x0063, 0x0063, 0x0083, 0x0884, 0x10A4, 0x0042, 0x0021, 0x0021,
  0x08C5, 0x1968, 0x10E6, 0x08A5, 0x1148, 0x1128, 0x318A, 0x3928, 0x3908, 0x5149, 0x596A, 0x3107,
  0x0043, 0x4148, 0x18A5, 0x0064, 0x0084, 0x0043, 0x2908, 0x3909, 0x5109, 0x5908, 0x8168, 0xEC6F,
  0x8988, 0x6928, 0x6129, 0x40E8, 0x28C6, 0x10A5, 0x08C6, 0x1128, 0x1949, 0x1107, 0x10C7, 0x18E8,
  0x1107, 0x1127, 0x08E5, 0x08E5, 0x08E5, 0x0084, 0x0906, 0x220A, 0x2945, 0x2966, 0x00C4, 0x00A4,
  0x08A4, 0x41E9, 0x10C5, 0x00A4, 0x00A4, 0x0083, 0x0083, 0x1968, 0x21C9, 0x19C9, 0x19C9, 0x21E9,
  0x19C9, 0x19CA, 0x19CA, 0x19EA, 0x220A, 0x21EA, 0x1147, 0x1147, 0x1147, 0x220B, 0x222B, 0x0947,
  0x00C4, 0x08E5, 0x08E5, 0x0106, 0x0927, 0x0927, 0x0927, 0x0947, 0x1168, 0x0927, 0x0906, 0x0927,
  0x224C, 0x19EB, 0x0948, 0x0106, 0x0947, 0x0906, 0x0906, 0x0106, 0x330D, 0x222A, 0x00E6, 0x0907,
  0x0927, 0x0907, 0x0907, 0x1168, 0x0927, 0x0927, 0x0907, 0x0907, 0x0907, 0x0907, 0x00E6, 0x1168,
  0x2A4C, 0x224C, 0x19EB, 0x0107, 0x19A9, 0x1189, 0x222B, 0x1189, 0x0907, 0x08E7, 0x1127, 0x08E6,
  0x0043, 0x0042, 0x0062, 0x0063, 0x0083, 0x00A4, 0x0084, 0x0084, 0x0084, 0x0084, 0x0084, 0x00A4,
  0x08C5, 0x0084, 0x08A4, 0x08C6, 0x51B2, 0xDC9D, 0x5272, 0xA5D9, 0xD71D, 0xDE7D, 0xCDDE, 0x5B54,
  0x0064, 0x0906, 0x0907, 0x19CE, 0x4395, 0xDF9E, 0xFFFF, 0xFFFF, 0x8DFA, 0x22B1, 0x19EE, 0x19CC,
  0x19ED, 0x22B1, 0x2312, 0x1AB2, 0x2250, 0x11CD, 0x4BD4, 0xD79E, 0xFFFF, 0xFFFF, 0xBF1D, 0x43F4,
  0xE7FF, 0x7D79, 0x1A11, 0x2A52, 0x092A, 0x08C5, 0x1187, 0x32AE, 0x00A4, 0x1127, 0x2A6E, 0x1169,
  0x0906, 0x19EC, 0x118A, 0x08E6, 0x0063, 0x0907, 0x1169, 0x19AA, 0x08E7, 0x08C6, 0x1107, 0x1107,
  0x3928, 0x9AAE, 0xB330, 0x5A2D, 0x19EE, 0x1270, 0x1C34, 0x3E5B, 0x35F9, 0x4EFC, 0x1BF4, 0x0A92,
  0x2CB7, 0x575D, 0x46BB, 0x4F9E, 0x1C11, 0x1145, 0x1987, 0x1987, 0x1987, 0x1987, 0x19A7, 0x19A7,
  0x08C4, 0x08C4, 0x00A3, 0x0061, 0x0820, 0x3061, 0x30A3, 0x1127, 0x08C5, 0x0021, 0x0001, 0x0021,
  0x0001, 0x0023, 0x0928, 0x1168, 0x0063, 0x0083, 0x0042, 0x0022, 0x10C5, 0x10A3, 0x0021, 0x0041,
  0x0884, 0x1927, 0x1947, 0x10C5, 0x08C6, 0x0907, 0x3169, 0x4149, 0x4108, 0x4928, 0x4949, 0x4949,
  0x28E6, 0x3107, 0x18A4, 0x0064, 0x0064, 0x0043, 0x20E8, 0x5128, 0xCBD0, 0xE470, 0xE48F, 0xF52F,
  0xEC6E, 0xE42E, 0xE3F0, 0xA22D, 0x38A6, 0x10A5, 0x08C6, 0x1128, 0x1128, 0x1108, 0x1908, 0x10A6,
  0x10E7, 0x1949, 0x1948, 0x08E5, 0x08E5, 0x0084, 0x00E5, 0x322A, 0x49C7, 0x29A7, 0x08E5, 0x0084,
  0x0084, 0x2946, 0x08C4, 0x00A4, 0x0083, 0x0063, 0x0063, 0x1967, 0x19C9, 0x19C8, 0x19C9, 0x19C9,
  0x19C9, 0x19C9, 0x19C9, 0x21EA, 0x21EA, 0x21EA, 0x1127, 0x1126, 0x1127, 0x220B, 0x222B, 0x0926,
  0x00A5, 0x08E6, 0x0906, 0x0906, 0x0947, 0x0927, 0x0907, 0x0926, 0x0927, 0x1147, 0x0906, 0x0948,
  0x2A4C, 0x222C, 0x1168, 0x0106, 0x0927, 0x0906, 0x00E6, 0x1167, 0x19A8, 0x00E6, 0x1968, 0x21C9,
  0x2A09, 0x1147, 0x1168, 0x1147, 0x1147, 0x0927, 0x0927, 0x0907, 0x0907, 0x0906, 0x08E6, 0x1169,
  0x2A2C, 0x222C, 0x19EB, 0x0907, 0x19A9, 0x1148, 0x1169, 0x0948, 0x0907, 0x0907, 0x0927, 0x00E6,
  0x0043, 0x0062, 0x0063, 0x0063, 0x0083, 0x00A4, 0x00A4, 0x00A4, 0x0084, 0x0063, 0x0043, 0x0083,
  0x00A5, 0x0084, 0x00A4, 0x08A6, 0x7214, 0xFCDF, 0x82F6, 0x7C97, 0xAE3C, 0xCE3C, 0xC69F, 0x5C36,
  0x0084, 0x1126, 0x1127, 0x19EE, 0x43D6, 0xDF9E, 0xFFFF, 0x965B, 0x2AF2, 0x1A0F, 0x19EE, 0x19EE,
  0x120F, 0x122F, 0x43B4, 0x85FA, 0x3332, 0x120F, 0x95D9, 0xF7FF, 0x9E5B, 0xD77E, 0xEFDF, 0x6517,
  0xE7DF, 0x8DDA, 0x1A31, 0x2A31, 0x0909, 0x00A4, 0x0926, 0x32EF, 0x00A4, 0x08C5, 0x2A6F, 0x220C,
  0x08E6, 0x220D, 0x19CC, 0x1128, 0x0084, 0x19AA, 0x198A, 0x08E7, 0x08C6, 0x08E7, 0x1907, 0x61EA,
  0xB32F, 0x92CE, 0x39CC, 0x1A0F, 0x1AF2, 0x3538, 0x579E, 0x3E5A, 0x2D78, 0x3E3A, 0x02D1, 0x1312,
  0x2476, 0x579E, 0x46FC, 0x1CD7, 0x2CD6, 0x1A29, 0x1946, 0x1987, 0x1987, 0x1987, 0x1987, 0x1987,
  0x00A3, 0x08C4, 0x00A3, 0x0061, 0x0020, 0x2821, 0x20C4, 0x0948, 0x08E5, 0x0021, 0x0001, 0x0021,
  0x0001, 0x0023, 0x0949, 0x1168, 0x0022, 0x0043, 0x0083, 0x0042, 0x08A4, 0x10C4, 0x1083, 0x0021,
  0x0863, 0x1084, 0x1907, 0x1927, 0x08C5, 0x08E7, 0x2149, 0x518A, 0x69AA, 0x3907, 0x3908, 0x514A,
  0x516A, 0x3927, 0x18A4, 0x0063, 0x0084, 0x0043, 0x20E7, 0x40E7, 0x9A2B, 0xB22B, 0xD36D, 0xF4F0,
  0xB22A, 0xA1A9, 0xC20C, 0xEAF2, 0x50C7, 0x0863, 0x08C5, 0x1107, 0x1108, 0x1108, 0x214A, 0x10C7,
  0x10E8, 0x214A, 0x2149, 0x10E6, 0x08C5, 0x0084, 0x00C6, 0x3A4B, 0x7A69, 0x39C8, 0x00A4, 0x0084,
  0x0083, 0x39A7, 0x08A4, 0x00A4, 0x0083, 0x0063, 0x0063, 0x1947, 0x19A8, 0x19A8, 0x19C8, 0x19A8,
  0x19A8, 0x19A8, 0x19C9, 0x21CA, 0x21EA, 0x21C9, 0x1127, 0x1127, 0x1127, 0x222B, 0x222B, 0x0906,
  0x00A4, 0x08E6, 0x0906, 0x00E6, 0x0927, 0x00E6, 0x11C9, 0x11A9, 0x0926, 0x1127, 0x0927, 0x0927,
  0x1189, 0x21EB, 0x0948, 0x0907, 0x0907, 0x00E6, 0x0106, 0x0926, 0x0947, 0x0906, 0x1127, 0x1127,
  0x1968, 0x1147, 0x0927, 0x0927, 0x0927, 0x0927, 0x0927, 0x0907, 0x0907, 0x0907, 0x00E6, 0x1989,
  0x2A4D, 0x2A2C, 0x21EB, 0x0107, 0x0948, 0x0948, 0x1148, 0x0948, 0x0907, 0x2928, 0x2128, 0x00C5,
  0x0042, 0x10C4, 0x0063, 0x0063, 0x0063, 0x0063, 0x0084, 0x00A5, 0x0084, 0x1884, 0x38E7, 0x10A5,
  0x08E6, 0x08A5, 0x10E6, 0x08C6, 0x71F3, 0xFD1F, 0xA379, 0x4AF5, 0x747A, 0xD63D, 0xC75F, 0x64D6,
  0x0084, 0x0906, 0x0906, 0x19CD, 0x3B55, 0xBF3E, 0x8E1B, 0x2B33, 0x2271, 0x1A50, 0x22B1, 0x3BB4,
  0x6CF8, 0x4415, 0x7D78, 0xFFFF, 0x5CD7, 0x0A30, 0x8D99, 0xD79E, 0x2374, 0x7D59, 0xF7FF, 0x64D6,
  0xDF9E, 0x9E5B, 0x1A31, 0x2A31, 0x0909, 0x00A4, 0x1126, 0x32CF, 0x0084, 0x0906, 0x2AAF, 0x19EB,
  0x08E5, 0x21CB, 0x1129, 0x1149, 0x21CB, 0x1169, 0x1128, 0x08E6, 0x08E7, 0x3148, 0x8A6C, 0xB330,
  0x6A4E, 0x29EE, 0x2250, 0x23B3, 0x4EFC, 0x57DE, 0x3E3A, 0x1393, 0x24D7, 0x363A, 0x35B8, 0x56DC,
  0x3558, 0x575D, 0x13F5, 0x02B2, 0x45BA, 0x238E, 0x1105, 0x19A7, 0x1987, 0x1987, 0x1987, 0x1187,
  0x0083, 0x08C4, 0x00A3, 0x0061, 0x0020, 0x1000, 0x10E6, 0x0968, 0x08E5, 0x0021, 0x0021, 0x0021,
  0x0001, 0x0044, 0x116A, 0x1168, 0x0022, 0x0063, 0x0063, 0x0063, 0x08E6, 0x0863, 0x10A4, 0x0863,
  0x0843, 0x0863, 0x10C5, 0x2148, 0x1927, 0x08A5, 0x2169, 0x3928, 0x5129, 0x5149, 0x5169, 0x594A,
  0x698B, 0x38E7, 0x0883, 0x0063, 0x08C5, 0x0043, 0x20E7, 0x30E7, 0x48C8, 0x6887, 0xE3EF, 0xC2CC,
  0x70A7, 0x6887, 0xC20D, 0xCA6F, 0x40A5, 0x0842, 0x08A5, 0x0907, 0x08E7, 0x1909, 0x294B, 0x10E8,
  0x210A, 0x498F, 0x516F, 0x390A, 0x08C6, 0x0064, 0x00E6, 0x21E9, 0x3945, 0x2166, 0x00C4, 0x0083,
  0x0083, 0x18E4, 0x0083, 0x0083, 0x0063, 0x0063, 0x0063, 0x1147, 0x1988, 0x1187, 0x1187, 0x1187,
  0x1187, 0x1988, 0x19A9, 0x19C9, 0x21EA, 0x1988, 0x00C5, 0x00A5, 0x1148, 0x224C, 0x222B, 0x08E6,
  0x00A4, 0x08E6, 0x08E6, 0x0906, 0x0927, 0x1147, 0x3A6B, 0x326A, 0x1167, 0x0906, 0x0927, 0x0927,
  0x0927, 0x21EA, 0x0948, 0x0927, 0x0927, 0x0906, 0x0906, 0x0947, 0x0968, 0x0947, 0x0927, 0x0106,
  0x0907, 0x0927, 0x0907, 0x0106, 0x0907, 0x0927, 0x0927, 0x0927, 0x0907, 0x0927, 0x0107, 0x1168,
  0x2A2C, 0x2A4C, 0x220B, 0x0107, 0x0948, 0x0928, 0x0948, 0x0948, 0x00C6, 0x51EB, 0x41AA, 0x00A5,
  0x08A4, 0x1905, 0x0063, 0x0083, 0x0063, 0x0063, 0x0063, 0x00A4, 0x00A4, 0x1084, 0x28A5, 0x10C6,
  0x1107, 0x10A6, 0x18E7, 0x08C8, 0x7233, 0xFD7F, 0x8B37, 0x21F2, 0x94FB, 0xC61C, 0xAF9F, 0x5D37,
  0x0084, 0x00C5, 0x00E6, 0x19CD, 0x2A92, 0x3B73, 0x1AB1, 0x11CE, 0x2270, 0x5435, 0xA65B, 0xE7BF,
  0xFFFF, 0x963A, 0xA69B, 0xFFFF, 0x85FB, 0x0A30, 0x8578, 0xDFBF, 0x2B75, 0x7538, 0xEFFF, 0x4C55,
  0xDF7E, 0xAE9C, 0x1A72, 0x2A52, 0x092A, 0x00A4, 0x1967, 0x19A9, 0x0083, 0x08E6, 0x226E, 0x1A0C,
  0x00A4, 0x0907, 0x1148, 0x19AA, 0x198A, 0x08E7, 0x0907, 0x00C6, 0x2127, 0xA330, 0x9AEF, 0x422E,
  0x2290, 0x1B12, 0x12B1, 0x2C96, 0x573D, 0x3E3A, 0x2CF6, 0x12F2, 0x1C55, 0x4F3C, 0x6FFF, 0x463A,
  0x2496, 0x5F7E, 0x2415, 0x0A92, 0x3D99, 0x3D15, 0x0926, 0x19A7, 0x1987, 0x1987, 0x19A7, 0x1987,
  0x08A4, 0x08E4, 0x08C3, 0x0062, 0x0021, 0x0042, 0x0928, 0x0968, 0x08E4, 0x0001, 0x0001, 0x0021,
  0x0001, 0x0044, 0x116A, 0x1148, 0x0043, 0x0063, 0x0043, 0x0064, 0x1127, 0x0062, 0x0022, 0x10A4,
  0x10A4, 0x0042, 0x0863, 0x18E6, 0x2968, 0x08A5, 0x1907, 0x3128, 0x518A, 0x3928, 0x3908, 0x69CB,
  0x71AB, 0x38E7, 0x0022, 0x0063, 0x08C6, 0x0063, 0x2908, 0x38E8, 0x58A8, 0xC32D, 0xEC2F, 0x8108,
  0x60A8, 0x998B, 0xF392, 0x7108, 0x20A5, 0x0042, 0x08A4, 0x0907, 0x08E7, 0x1909, 0x294B, 0x10E9,
  0x516F, 0xAA37, 0xB257, 0x692E, 0x0885, 0x0063, 0x00E5, 0x29E9, 0x5207, 0x31E7, 0x00A4, 0x0083,
  0x0063, 0x0042, 0x0063, 0x0083, 0x0063, 0x0062, 0x0063, 0x1126, 0x1967, 0x1146, 0x1167, 0x1167,
  0x1967, 0x1167, 0x1988, 0x19A8, 0x19C9, 0x1167, 0x0084, 0x0084, 0x0927, 0x222B, 0x222C, 0x08E6,
  0x00A4, 0x08E5, 0x08E6, 0x0926, 0x0906, 0x0906, 0x1967, 0x1967, 0x0926, 0x0927, 0x0927, 0x0927,
  0x0947, 0x21EB, 0x0927, 0x0907, 0x0906, 0x0906, 0x0906, 0x0968, 0x1188, 0x1188, 0x0947, 0x0927,
  0x0927, 0x0927, 0x0906, 0x0927, 0x0927, 0x0927, 0x0906, 0x0927, 0x0927, 0x0927, 0x0906, 0x0907,
  0x2A2C, 0x2A4C, 0x220B, 0x00E6, 0x0907, 0x0928, 0x0948, 0x0907, 0x00E6, 0x08C6, 0x00C6, 0x00C5,
  0x0084, 0x0063, 0x0083, 0x0063, 0x0063, 0x0063, 0x0063, 0x0084, 0x0063, 0x0083, 0x0042, 0x08C5,
  0x08C5, 0x0064, 0x08A6, 0x08C8, 0x62B5, 0xF5BF, 0x6B16, 0x2212, 0xA5BD, 0xB69C, 0x979E, 0x54F6,
  0x00A5, 0x08E5, 0x0907, 0x118C, 0x2A30, 0x1A10, 0x4393, 0x7517, 0x2AF1, 0xCF7E, 0xFFFF, 0xFFFF,
  0xC6FC, 0x5476, 0xBEDC, 0xFFFF, 0xAEDD, 0x12D2, 0x7D58, 0xDFFF, 0x3C16, 0xB6DD, 0xD77E, 0x2B53,
  0xDF7E, 0xB6DC, 0x2272, 0x2A52, 0x092A, 0x00C4, 0x1147, 0x0926, 0x0083, 0x08C5, 0x2A8E, 0x19EC,
  0x08E6, 0x198A, 0x198A, 0x1128, 0x1128, 0x0907, 0x1127, 0x00E6, 0x2928, 0xA310, 0x39ED, 0x1A50,
  0x3CD6, 0x677D, 0x4DF9, 0x1B52, 0x1333, 0x1BD4, 0x3DB8, 0x0B12, 0x3558, 0x5F9E, 0x24B6, 0x1313,
  0x1BF5, 0x5F7E, 0x2436, 0x1272, 0x2BF6, 0x2C15, 0x1188, 0x1987, 0x1987, 0x1987, 0x1987, 0x1187,
  0x00A3, 0x08E4, 0x08C4, 0x08A3, 0x0062, 0x00A5, 0x0948, 0x0968, 0x08A4, 0x0001, 0x0021, 0x0021,
  0x0001, 0x0065, 0x0949, 0x1948, 0x2128, 0x10C5, 0x0022, 0x0064, 0x1126, 0x0062, 0x0042, 0x0064,
  0x10E5, 0x0022, 0x1083, 0x1063, 0x2106, 0x1927, 0x10C5, 0x2107, 0x4169, 0x3149, 0x3128, 0x618A,
  0x696A, 0x71CB, 0x30E6, 0x0063, 0x08A5, 0x0063, 0x2908, 0x48C8, 0xB2AC, 0xF44F, 0x8948, 0x60A8,
  0x896A, 0xEB51, 0xB1EC, 0x40C6, 0x18E6, 0x0062, 0x0884, 0x08E6, 0x08C7, 0x212A, 0x296C, 0x190B,
  0x69B2, 0x9975, 0x9933, 0x610E, 0x0865, 0x0063, 0x00E5, 0x29E9, 0x6228, 0x39E8, 0x00C4, 0x0063,
  0x0863, 0x2905, 0x0883, 0x0083, 0x0062, 0x0042, 0x0062, 0x1105, 0x1147, 0x1126, 0x1126, 0x1146,
  0x1146, 0x1147, 0x1167, 0x1987, 0x19A8, 0x1167, 0x0083, 0x00A4, 0x0084, 0x1189, 0x2A6D, 0x08E6,
  0x00A5, 0x08E5, 0x08E5, 0x0926, 0x0906, 0x00E5, 0x08E5, 0x0905, 0x0906, 0x0927, 0x0947, 0x0947,
  0x0927, 0x21EA, 0x0948, 0x0907, 0x0906, 0x0907, 0x00E6, 0x224A, 0x222A, 0x1168, 0x0948, 0x0927,
  0x0907, 0x19A8, 0x21C9, 0x0906, 0x0927, 0x0927, 0x1147, 0x1168, 0x0947, 0x0927, 0x0907, 0x1147,
  0x2A4C, 0x2A4C, 0x220B, 0x00E6, 0x1148, 0x0927, 0x00A4, 0x08C4, 0x0906, 0x00C6, 0x00C5, 0x00A5,
  0x0084, 0x18E5, 0x0063, 0x0063, 0x0063, 0x0063, 0x0083, 0x0084, 0x08A4, 0x08C4, 0x0063, 0x08A5,
  0x00A5, 0x08A5, 0x1107, 0x08E8, 0x4B55, 0xCDFF, 0x73B8, 0x11D1, 0x853A, 0xAF7E, 0x875E, 0x54D7,
  0x00C6, 0x08C5, 0x00E6, 0x118B, 0x2A51, 0x1A10, 0x8DDA, 0xFFFF, 0x5476, 0x85DA, 0xB6DB, 0xEFFF,
  0x54B7, 0x2B74, 0xC73D, 0xCF3C, 0xD7BF, 0x2B94, 0x6D17, 0xD7BF, 0x963A, 0xEFDF, 0x7D79, 0x22D2,
  0xD73D, 0xBF1D, 0x2292, 0x2A51, 0x114A, 0x00C5, 0x0906, 0x00C5, 0x0063, 0x00A4, 0x220C, 0x224E,
  0x2A8E, 0x19AA, 0x0907, 0x0907, 0x0907, 0x0907, 0x1148, 0x0907, 0x2128, 0x82AF, 0x322E, 0x34B6,
  0x6FDE, 0x573C, 0x5F3D, 0x2415, 0x12D3, 0x2455, 0x569B, 0x1353, 0x2CF7, 0x46BC, 0x0B12, 0x0A71,
  0x0B32, 0x5F5D, 0x2C56, 0x1272, 0x1A51, 0x1A0F, 0x19AA, 0x1987, 0x19A7, 0x1987, 0x1187, 0x1186,
  0x00A3, 0x08E4, 0x08E4, 0x08C4, 0x08A3, 0x0927, 0x0949, 0x1168, 0x08A3, 0x0001, 0x0021, 0x0001,
  0x0001, 0x0085, 0x1169, 0x1148, 0x08A5, 0x2969, 0x10C5, 0x0064, 0x1106, 0x0063, 0x0063, 0x0083,
  0x08A4, 0x0063, 0x10A4, 0x1062, 0x1062, 0x18E5, 0x2127, 0x08A5, 0x2969, 0x2949, 0x2928, 0x498A,
  0x5149, 0x71AB, 0x5969, 0x0864, 0x0022, 0x0864, 0x28E8, 0x6149, 0xE430, 0x9189, 0x48A7, 0x6929,
  0xF3F3, 0xC22D, 0x58A7, 0x28E7, 0x1907, 0x0884, 0x0884, 0x08E7, 0x08C7, 0x210A, 0x294B, 0x18E9,
  0x5930, 0xA155, 0xC218, 0x692F, 0x0865, 0x0063, 0x00E5, 0x29C8, 0x4186, 0x1967, 0x08E5, 0x0063,
  0x0042, 0x0862, 0x0021, 0x0062, 0x0042, 0x0042, 0x0062, 0x1105, 0x1126, 0x0905, 0x0905, 0x1125,
  0x1126, 0x1146, 0x1146, 0x1167, 0x19A8, 0x1146, 0x0063, 0x0084, 0x0063, 0x1189, 0x226C, 0x00E6,
  0x00A5, 0x08C5, 0x08E5, 0x0926, 0x0106, 0x00E5, 0x08E5, 0x00E5, 0x00E6, 0x0926, 0x1167, 0x0947,
  0x0927, 0x220B, 0x1189, 0x0106, 0x0906, 0x0906, 0x0906, 0x0968, 0x0968, 0x0927, 0x0927, 0x0927,
  0x0907, 0x0907, 0x0907, 0x0106, 0x0907, 0x0906, 0x0907, 0x0907, 0x0927, 0x0907, 0x0948, 0x0928,
  0x19CB, 0x2AAF, 0x220C, 0x00E6, 0x1169, 0x08C5, 0x0042, 0x2986, 0x2166, 0x0084, 0x00C5, 0x00A4,
  0x18E5, 0x2125, 0x0042, 0x0063, 0x0063, 0x0063, 0x0084, 0x0083, 0x0063, 0x0083, 0x0063, 0x08A5,
  0x08C6, 0x08C7, 0x1929, 0x0909, 0x5437, 0x8CFD, 0x6399, 0x1A11, 0x85DA, 0xA7BE, 0x76DD, 0x43F5,
  0x00C5, 0x00C5, 0x00E6, 0x116B, 0x2A52, 0x2292, 0xAE9C, 0xFFFF, 0x85FA, 0x12F2, 0x5CB6, 0xEFFF,
  0x5497, 0x33B5, 0xD79E, 0x9E3A, 0xEFFF, 0x5C97, 0x64D7, 0xDFDF, 0xCF7D, 0xCF9E, 0x33B4, 0x22B1,
  0xC6FC, 0xCF7E, 0x2AB2, 0x2A31, 0x114A, 0x00C5, 0x08E5, 0x00C5, 0x0063, 0x0084, 0x2A6D, 0x224D,
  0x19CB, 0x0928, 0x1128, 0x0927, 0x0928, 0x1148, 0x1148, 0x08E6, 0x1928, 0x7A8F, 0x3AF0, 0x4E9B,
  0x3E1A, 0x13F4, 0x4E5B, 0x2436, 0x1BD5, 0x673D, 0x4EBB, 0x1333, 0x2496, 0x4EFD, 0x0B73, 0x2D17,
  0x35B8, 0x4EBB, 0x2C36, 0x1210, 0x2210, 0x21AE, 0x2149, 0x1987, 0x19A7, 0x1987, 0x1187, 0x1186,
  0x08E4, 0x08E4, 0x08E4, 0x08C3, 0x08C4, 0x1169, 0x0948, 0x1168, 0x08A3, 0x0000, 0x0021, 0x0021,
  0x0001, 0x00A6, 0x1169, 0x1147, 0x0063, 0x10E6, 0x2128, 0x08A5, 0x1106, 0x0063, 0x0063, 0x00A4,
  0x0063, 0x08A4, 0x0884, 0x1062, 0x1062, 0x1883, 0x20E5, 0x1907, 0x1928, 0x2128, 0x2128, 0x3928,
  0x4129, 0x4949, 0x4149, 0x0884, 0x0042, 0x0864, 0x2108, 0x40E8, 0x60E8, 0x48A7, 0x30E7, 0x4908,
  0x818A, 0x58C7, 0x30E7, 0x1907, 0x1107, 0x08A5, 0x08A5, 0x08C6, 0x08C7, 0x212B, 0x316C, 0x1066,
  0x6150, 0xCA59, 0xC1F8, 0x60EE, 0x0865, 0x0043, 0x08E5, 0x2167, 0x5187, 0x31C8, 0x00C4, 0x0063,
  0x0042, 0x0001, 0x1043, 0x0042, 0x0021, 0x0021, 0x0021, 0x08A4, 0x00A3, 0x0063, 0x0063, 0x0062,
  0x0063, 0x08E4, 0x1146, 0x1146, 0x1987, 0x1126, 0x0063, 0x0083, 0x0063, 0x1189, 0x224C, 0x00C6,
  0x00A5, 0x00A5, 0x08E5, 0x0926, 0x00E5, 0x00E5, 0x0906, 0x08E6, 0x0906, 0x0926, 0x0926, 0x0927,
  0x0107, 0x21EB, 0x1168, 0x08E6, 0x0906, 0x0907, 0x0906, 0x0927, 0x0948, 0x0927, 0x0927, 0x0927,
  0x0907, 0x0907, 0x0927, 0x0947, 0x0927, 0x0906, 0x0907, 0x0907, 0x0927, 0x0927, 0x1148, 0x0907,
  0x224D, 0x3B72, 0x222C, 0x0907, 0x1148, 0x0084, 0x0063, 0x08A3, 0x08C4, 0x00C5, 0x00A4, 0x00A5,
  0x0083, 0x0063, 0x0063, 0x0063, 0x0063, 0x0063, 0x0084, 0x0063, 0x0063, 0x0084, 0x0083, 0x08A5,
  0x08C6, 0x08C6, 0x1108, 0x08E8, 0x53D7, 0x7C5C, 0x4317, 0x1A53, 0x965B, 0xA7DE, 0x5E1C, 0x3BB5,
  0x00C5, 0x00E5, 0x08E6, 0x118B, 0x2A52, 0x22B2, 0xBF1D, 0xF7FE, 0xAEDC, 0x2313, 0x5476, 0xE7FF,
  0x5477, 0x4416, 0xDFDF, 0x64F7, 0xDFBE, 0x85BA, 0x5CB7, 0xDFFF, 0xAEBB, 0xE7FF, 0x54B7, 0x1A91,
  0xB6BC, 0xCF7E, 0x22B1, 0x2A51, 0x116B, 0x00E5, 0x08E5, 0x00C5, 0x08A4, 0x1127, 0x19EB, 0x118A,
  0x1169, 0x1169, 0x1149, 0x1128, 0x1148, 0x1128, 0x08E6, 0x08E6, 0x2169, 0x82B0, 0x53D3, 0x3DF9,
  0x0AF1, 0x1B53, 0x4E5B, 0x2457, 0x2457, 0x677E, 0x2476, 0x12F2, 0x2435, 0x577E, 0x4F1C, 0x5FFF,
  0x465A, 0x1B73, 0x1AB2, 0x19EF, 0x218D, 0x59CC, 0x92CE, 0x29A7, 0x1187, 0x1987, 0x1187, 0x1186,
  0x19C8, 0x0905, 0x08E4, 0x08A3, 0x1106, 0x1189, 0x0948, 0x1188, 0x08A3, 0x0000, 0x0021, 0x0001,
  0x0001, 0x08C7, 0x1169, 0x1127, 0x0064, 0x0064, 0x08A5, 0x2108, 0x1106, 0x0063, 0x0083, 0x08A4,
  0x0063, 0x0884, 0x08C5, 0x0883, 0x0842, 0x1883, 0x20A4, 0x3147, 0x1907, 0x10C6, 0x2128, 0x3128,
  0x3128, 0x3949, 0x3129, 0x0864, 0x0022, 0x0064, 0x2129, 0x28E8, 0x30E8, 0x3108, 0x2908, 0x3108,
  0x30E7, 0x30E7, 0x20E7, 0x1907, 0x1107, 0x00A5, 0x08A5, 0x00A5, 0x08C7, 0x292B, 0x314B, 0x1887,
  0x50CE, 0x9913, 0xB196, 0x58CE, 0x0865, 0x0063, 0x08E6, 0x2168, 0x5966, 0x2966, 0x00A4, 0x0042,
  0x0042, 0x0000, 0x3948, 0x28E6, 0x0000, 0x0021, 0x1105, 0x324A, 0x6431, 0x6CB3, 0x6452, 0x5C31,
  0x3ACB, 0x08C4, 0x08E4, 0x1146, 0x1146, 0x0905, 0x0063, 0x0063, 0x0063, 0x11A9, 0x220B, 0x00A5,
  0x00A5, 0x00A5, 0x08E5, 0x0906, 0x00E5, 0x0106, 0x0906, 0x0106, 0x0926, 0x0947, 0x0947, 0x0926,
  0x0106, 0x220B, 0x1168, 0x0906, 0x0907, 0x0907, 0x0907, 0x0947, 0x1188, 0x1188, 0x0927, 0x0947,
  0x0947, 0x0927, 0x19A8, 0x19E9, 0x0947, 0x0927, 0x0927, 0x0907, 0x1188, 0x0947, 0x00E6, 0x08E7,
  0x2AAF, 0x3310, 0x220D, 0x0928, 0x08E6, 0x0083, 0x0063, 0x0063, 0x08E5, 0x08E6, 0x0084, 0x00A4,
  0x00A4, 0x1106, 0x0083, 0x0063, 0x0063, 0x0063, 0x0084, 0x0062, 0x0063, 0x08A4, 0x0884, 0x08C5,
  0x08C5, 0x08C6, 0x1908, 0x08C8, 0x53F6, 0x7CBC, 0x3316, 0x2B96, 0x75B9, 0x9FBE, 0x44D9, 0x3B14,
  0x0085, 0x08C5, 0x0906, 0x116B, 0x2252, 0x3334, 0xCF7E, 0xBF1B, 0xCFBE, 0x3BD5, 0x4435, 0xE7FF,
  0x54B7, 0x5497, 0xEFFF, 0x8DD9, 0xE79E, 0xB6BC, 0x64F7, 0xE7FF, 0x6D57, 0xD7BE, 0xA69C, 0x1AD2,
  0xAEBC, 0xD7FF, 0x2AD2, 0x2A51, 0x118C, 0x0106, 0x08E5, 0x08E5, 0x0083, 0x08E6, 0x19AA, 0x19CA,
  0x1969, 0x1149, 0x1149, 0x1128, 0x08E6, 0x08C6, 0x08E5, 0x0906, 0x1969, 0x7AAF, 0x5C35, 0x45D9,
  0x1C14, 0x3537, 0x461A, 0x2C77, 0x1BD6, 0x4E1B, 0x1374, 0x1313, 0x1C15, 0x4EFC, 0x573D, 0x2CD6,
  0x1AD1, 0x1A30, 0x19CE, 0x39CD, 0x8A6E, 0xB30F, 0x824C, 0x2167, 0x1987, 0x1987, 0x1166, 0x1166,
  0x32AC, 0x1146, 0x08E4, 0x08C4, 0x1127, 0x1189, 0x0948, 0x1188, 0x0883, 0x0000, 0x0001, 0x0001,
  0x0001, 0x08C6, 0x118A, 0x1148, 0x0063, 0x0084, 0x0063, 0x00A5, 0x2148, 0x0884, 0x0063, 0x0063,
  0x0042, 0x0084, 0x08C5, 0x10C5, 0x0863, 0x1062, 0x20A3, 0x28C4, 0x3127, 0x10A5, 0x10E6, 0x2928,
  0x2908, 0x3149, 0x2928, 0x0084, 0x0022, 0x0043, 0x1108, 0x1108, 0x10C7, 0x10C7, 0x08A6, 0x10C7,
  0x18C7, 0x10A6, 0x08A6, 0x08C6, 0x08C6, 0x00A5, 0x00A5, 0x00A5, 0x08E8, 0x294C, 0x18C8, 0x1888,
  0x8173, 0xC9F8, 0xC1F8, 0x60EF, 0x0866, 0x0084, 0x0906, 0x21C9, 0x39A8, 0x1987, 0x00A3, 0x0022,
  0x0022, 0x0021, 0x0862, 0x31A7, 0x0000, 0x2187, 0x6CB3, 0x4C11, 0x4B8F, 0xAEFB, 0xC79D, 0xBF7C,
  0xBF7C, 0x63EE, 0x29A6, 0x08E4, 0x0925, 0x08C4, 0x0042, 0x0063, 0x0043, 0x1188, 0x19C9, 0x0084,
  0x00A4, 0x00A4, 0x0905, 0x1126, 0x1947, 0x1126, 0x08E5, 0x1127, 0x1147, 0x0106, 0x0906, 0x0926,
  0x0106, 0x222B, 0x1168, 0x0906, 0x0907, 0x08E7, 0x0927, 0x1168, 0x0947, 0x0927, 0x0907, 0x0906,
  0x0906, 0x0106, 0x0926, 0x0126, 0x0906, 0x0906, 0x0906, 0x0907, 0x0106, 0x0106, 0x00C6, 0x08E6,
  0x226E, 0x32F0, 0x222D, 0x0907, 0x00A5, 0x0084, 0x0063, 0x0083, 0x1127, 0x00E6, 0x00C5, 0x0084,
  0x10C5, 0x3187, 0x0063, 0x0084, 0x0083, 0x0063, 0x0084, 0x0063, 0x0063, 0x0084, 0x0043, 0x0063,
  0x08C5, 0x08C6, 0x1928, 0x08C8, 0x64D6, 0x6CDA, 0x1AD5, 0x4D1A, 0x65B9, 0x76DC, 0x54B9, 0x3AD3,
  0x0084, 0x08C5, 0x0906, 0x116A, 0x2231, 0x3BB5, 0xE7DF, 0x9E5A, 0xDFDF, 0x5477, 0x3BD4, 0xE7FF,
  0x5CD8, 0x64D8, 0xFFFF, 0xFFFF, 0xFFFF, 0xCF3D, 0x6D17, 0xF7FF, 0x5CD7, 0x85DA, 0xE7FF, 0x3BB3,
  0x8598, 0xBF1C, 0x32CF, 0x2A2F, 0x19AB, 0x0906, 0x08C5, 0x08C5, 0x0042, 0x0084, 0x19AA, 0x19AB,
  0x198A, 0x1169, 0x1128, 0x08E6, 0x00A5, 0x08C5, 0x00A4, 0x0906, 0x1969, 0x72AF, 0x4B12, 0x34F7,
  0x579D, 0x4EDC, 0x45F9, 0x2C76, 0x1B74, 0x3DD9, 0x24D6, 0x573D, 0x2CB6, 0x1B94, 0x1B73, 0x1230,
  0x21CE, 0x318C, 0x7A4E, 0xA2CF, 0x928E, 0x4169, 0x10E7, 0x1126, 0x19A7, 0x1186, 0x1166, 0x1166,
  0x32AB, 0x1146, 0x08E4, 0x08E4, 0x1168, 0x1189, 0x0968, 0x1188, 0x0062, 0x0001, 0x0001, 0x0021,
  0x0001, 0x08C7, 0x118A, 0x1948, 0x0063, 0x0084, 0x0064, 0x00C6, 0x39AA, 0x20E6, 0x0063, 0x0042,
  0x0042, 0x0084, 0x08A5, 0x10C6, 0x0884, 0x0863, 0x1883, 0x2083, 0x30E5, 0x3106, 0x0885, 0x2107,
  0x2928, 0x2928, 0x2128, 0x0084, 0x0022, 0x0001, 0x0043, 0x18C6, 0x20C6, 0x28C6, 0x30E7, 0x30E7,
  0x30E7, 0x3108, 0x3129, 0x314A, 0x3149, 0x08C6, 0x00C6, 0x1108, 0x08A7, 0x296C, 0x20E9, 0x2089,
  0x8933, 0xC9B8, 0xB9B7, 0x50CE, 0x0066, 0x08A5, 0x00C5, 0x0906, 0x00E6, 0x08E5, 0x0062, 0x0022,
  0x0022, 0x0021, 0x0000, 0x426A, 0x29A7, 0x2188, 0x53B0, 0x75B6, 0x43F0, 0x538E, 0x95B6, 0x8596,
  0x7D75, 0x6CD2, 0x7C91, 0x08A3, 0x08E4, 0x08A3, 0x0042, 0x0062, 0x0043, 0x0906, 0x19A8, 0x0084,
  0x00A4, 0x00A4, 0x08E5, 0x08E5, 0x08C5, 0x08E5, 0x0906, 0x1126, 0x0926, 0x0906, 0x1147, 0x0926,
  0x0106, 0x222C, 0x0968, 0x0906, 0x0907, 0x0907, 0x0927, 0x0968, 0x0947, 0x0927, 0x0907, 0x0106,
  0x0106, 0x0906, 0x0927, 0x0927, 0x0927, 0x0907, 0x0906, 0x0907, 0x0906, 0x0106, 0x0927, 0x00A5,
  0x224D, 0x3B71, 0x19CB, 0x0084, 0x00A4, 0x0084, 0x0042, 0x08E5, 0x0906, 0x2A8D, 0x1189, 0x0064,
  0x2125, 0x18C4, 0x0042, 0x0084, 0x0064, 0x0084, 0x0083, 0x0063, 0x10C4, 0x5249, 0x4A28, 0x41E8,
  0x10E6, 0x10E8, 0x214A, 0x08E9, 0x6D16, 0x653A, 0x1B56, 0x65DC, 0x65F9, 0x6E7C, 0x4C58, 0x5B76,
  0x08C5, 0x08C5, 0x00E6, 0x118B, 0x2251, 0x4C15, 0xEFFF, 0x6D16, 0xD77E, 0x7579, 0x33B4, 0xE7FF,
  0x5CD7, 0x7558, 0xEFFF, 0x7D98, 0x8DD9, 0xE7DF, 0x85B9, 0xF7FF, 0x64F8, 0x3353, 0xCF9F, 0x4B90,
  0x0106, 0x1146, 0x00A4, 0x0084, 0x00A4, 0x0062, 0x1988, 0x19CA, 0x0042, 0x00A5, 0x19AA, 0x19AA,
  0x1149, 0x08E6, 0x0084, 0x0063, 0x0083, 0x0083, 0x0905, 0x0906, 0x1148, 0x72CF, 0x4AB1, 0x3496,
  0x461A, 0x13B4, 0x45DA, 0x2CB7, 0x1BB5, 0x5F5D, 0x5FDE, 0x3DF9, 0x1AD1, 0x19EF, 0x19EF, 0x29AD,
  0x6A2E, 0xA2D0, 0x928E, 0x498A, 0x18E8, 0x08C6, 0x0084, 0x00A4, 0x1986, 0x1166, 0x1166, 0x1166,
  0x3AAB, 0x1125, 0x10E4, 0x0905, 0x1149, 0x1169, 0x0969, 0x1168, 0x0042, 0x0001, 0x0001, 0x0021,
  0x0002, 0x08E7, 0x11AB, 0x1947, 0x0063, 0x0084, 0x0063, 0x08E6, 0x2148, 0x0864, 0x2107, 0x0884,
  0x0022, 0x0063, 0x08C5, 0x18E6, 0x10A5, 0x1083, 0x1082, 0x1883, 0x28A3, 0x3906, 0x20E6, 0x0884,
  0x2148, 0x2148, 0x1907, 0x0084, 0x0021, 0x0001, 0x0063, 0x10A4, 0x2084, 0x28A5, 0x30C5, 0x28A5,
  0x20A5, 0x18A5, 0x296A, 0x29AB, 0x18E7, 0x00A5, 0x00A6, 0x1108, 0x0085, 0x214C, 0x210A, 0x2089,
  0x8953, 0xD219, 0xB9F7, 0x50CD, 0x0045, 0x08C5, 0x00A4, 0x0063, 0x0063, 0x0083, 0x0062, 0x0022,
  0x0022, 0x0042, 0x0000, 0x1926, 0x2A2A, 0x1105, 0x3A4B, 0x6CD4, 0x6D14, 0x538F, 0x5390, 0x53D0,
  0x53D0, 0x6472, 0x9E18, 0x1965, 0x0062, 0x0062, 0x0042, 0x0062, 0x0042, 0x08C5, 0x1988, 0x0084,
  0x00A4, 0x00A4, 0x08E5, 0x08E5, 0x00C5, 0x00E5, 0x00E5, 0x00E5, 0x00E5, 0x0906, 0x0906, 0x0906,
  0x0106, 0x222B, 0x1169, 0x0906, 0x0906, 0x0907, 0x0927, 0x0947, 0x0927, 0x0906, 0x0927, 0x0106,
  0x0906, 0x0907, 0x0927, 0x11A9, 0x1188, 0x0107, 0x0907, 0x0907, 0x0906, 0x0927, 0x0906, 0x00A4,
  0x328E, 0x4351, 0x1148, 0x0084, 0x00A4, 0x0084, 0x0084, 0x08E5, 0x11CA, 0x4392, 0x0927, 0x0084,
  0x0863, 0x10A4, 0x0084, 0x0063, 0x0063, 0x0084, 0x0084, 0x0063, 0x41A6, 0xB38B, 0x8A26, 0xABCD,
  0x31A8, 0x18E8, 0x39CC, 0x1109, 0x6516, 0x5519, 0x1B36, 0x3CD9, 0x6E3A, 0x65FA, 0x4C18, 0x63B6,
  0x08A5, 0x08E5, 0x08E6, 0x116A, 0x1A10, 0x64B7, 0xEFFF, 0x8E19, 0xE7BE, 0x9E7C, 0x33F5, 0xD7DF,
  0x64F8, 0x8DFA, 0xBF5E, 0x12D2, 0x43F5, 0xE7FF, 0x965A, 0xD7BF, 0x64D7, 0x2292, 0x3B73, 0x220C,
  0x08E5, 0x0083, 0x1883, 0x38A3, 0x1063, 0x0042, 0x19A9, 0x220B, 0x0022, 0x00A4, 0x1989, 0x1169,
  0x00C5, 0x00A4, 0x0063, 0x0042, 0x00C4, 0x00A4, 0x1147, 0x0906, 0x0907, 0x72AF, 0x5B53, 0x1B33,
  0x1333, 0x0AF2, 0x461A, 0x3518, 0x1BD5, 0x4EBC, 0x571D, 0x1B53, 0x19CF, 0x29AE, 0x59EE, 0x92D0,
  0xAAF0, 0x61EC, 0x2129, 0x08E7, 0x00A5, 0x0063, 0x0042, 0x0062, 0x1146, 0x1186, 0x1166, 0x1166,
  0x21A7, 0x10E4, 0x1105, 0x0906, 0x1169, 0x1189, 0x0969, 0x1167, 0x0042, 0x0001, 0x0001, 0x0021,
  0x0002, 0x0908, 0x11AB, 0x1127, 0x0063, 0x0084, 0x0063, 0x08E6, 0x1947, 0x0022, 0x18E6, 0x2907,
  0x0863, 0x0043, 0x10C6, 0x18E6, 0x10A4, 0x10C4, 0x0883, 0x1062, 0x3104, 0x30C4, 0x3926, 0x20E6,
  0x10C6, 0x2128, 0x1907, 0x00A4, 0x0042, 0x0001, 0x0084, 0x0022, 0x0043, 0x0064, 0x0042, 0x0022,
  0x0043, 0x0063, 0x00A5, 0x1149, 0x08C6, 0x0084, 0x00A5, 0x08C6, 0x1108, 0x18E9, 0x2109, 0x20AA,
  0x8113, 0xC1B8, 0xB9B7, 0x48AC, 0x0045, 0x00A5, 0x0083, 0x0063, 0x0063, 0x0083, 0x0042, 0x0022,
  0x0022, 0x0042, 0x0000, 0x0842, 0x4B0F, 0x2A2A, 0x2187, 0x6431, 0x1986, 0x0063, 0x00C5, 0x08E6,
  0x00E6, 0x0043, 0x538E, 0x3208, 0x0021, 0x0042, 0x0042, 0x0042, 0x0042, 0x08A4, 0x1187, 0x0063,
  0x0083, 0x0084, 0x08E5, 0x00C5, 0x00C5, 0x00C5, 0x00C5, 0x00C5, 0x0906, 0x1126, 0x0906, 0x08E6,
  0x08E6, 0x222C, 0x19CA, 0x00E6, 0x0906, 0x0907, 0x0947, 0x0927, 0x0907, 0x0927, 0x0106, 0x0106,
  0x0107, 0x0907, 0x0106, 0x224A, 0x1A0A, 0x0107, 0x0907, 0x0907, 0x08E6, 0x0927, 0x0906, 0x0043,
  0x21CA, 0x21EA, 0x0043, 0x0084, 0x00A4, 0x0084, 0x00A4, 0x0927, 0x4331, 0x5414, 0x1147, 0x0064,
  0x10A3, 0x3186, 0x0043, 0x0063, 0x0063, 0x0084, 0x08E5, 0x0084, 0x4186, 0xB308, 0xCB48, 0xA34A,
  0x3187, 0x0063, 0x10C5, 0x0085, 0x5CD4, 0x4C77, 0x1AD4, 0x2BB6, 0x6599, 0x5538, 0x43B7, 0x2A10,
  0x0084, 0x08C5, 0x00C5, 0x1149, 0x1A10, 0x7518, 0xFFFF, 0xFFFF, 0xFFFF, 0xC75D, 0x3C15, 0xD79F,
  0x6D17, 0x9E5B, 0xAEDC, 0x1A50, 0x22B1, 0x9E3A, 0x64B6, 0x3332, 0x2A91, 0x19CE, 0x198D, 0x1129,
  0x08E5, 0x1062, 0x68A3, 0xD246, 0x6083, 0x1042, 0x1147, 0x1968, 0x0022, 0x0083, 0x08E6, 0x00A5,
  0x0084, 0x0063, 0x0042, 0x0062, 0x08E4, 0x00A4, 0x0927, 0x08E5, 0x08E6, 0x6A6E, 0x6352, 0x3CB7,
  0x1B93, 0x24B6, 0x4EFC, 0x2C96, 0x12D3, 0x1B13, 0x1A71, 0x21CF, 0x49CD, 0x92B0, 0xB331, 0x6A0D,
  0x2929, 0x1108, 0x08C6, 0x0084, 0x0043, 0x0062, 0x0022, 0x0021, 0x1105, 0x1987, 0x1166, 0x1166,
  0x1105, 0x08E4, 0x1105, 0x0907, 0x118A, 0x11AA, 0x0969, 0x1126, 0x0022, 0x0001, 0x0001, 0x0022,
  0x0002, 0x1149, 0x1A2D, 0x1127, 0x0084, 0x0064, 0x0063, 0x08E7, 0x1927, 0x0042, 0x0864, 0x20C6,
  0x1084, 0x0042, 0x10E6, 0x2106, 0x18A5, 0x0883, 0x08A4, 0x0062, 0x18A4, 0x28C4, 0x30E4, 0x51A8,
  0x18A5, 0x1907, 0x10E7, 0x0084, 0x0042, 0x0022, 0x0084, 0x0042, 0x0063, 0x0064, 0x0084, 0x0064,
  0x0084, 0x0084, 0x0063, 0x1948, 0x1107, 0x0084, 0x00A5, 0x0085, 0x1908, 0x18E8, 0x10A7, 0x28CA,
  0x7913, 0xB196, 0xA9D6, 0x40CC, 0x0065, 0x00A4, 0x0083, 0x0063, 0x0063, 0x0083, 0x0022, 0x0022,
  0x0022, 0x0022, 0x0000, 0x40A7, 0x8A51, 0x3ACD, 0x21A8, 0x5BAF, 0x00E5, 0x2B0E, 0x2B0E, 0x0147,
  0x230E, 0x2B0E, 0x432C, 0x31E7, 0x0001, 0x0042, 0x0022, 0x0022, 0x0022, 0x08C4, 0x1146, 0x0042,
  0x0083, 0x00A4, 0x08C5, 0x0906, 0x1147, 0x1146, 0x1987, 0x0926, 0x0906, 0x1106, 0x08E6, 0x08E6,
  0x00E6, 0x222C, 0x222C, 0x0106, 0x0907, 0x0927, 0x1147, 0x0927, 0x1168, 0x224B, 0x0967, 0x0906,
  0x0947, 0x1168, 0x1188, 0x00E6, 0x0127, 0x0927, 0x0927, 0x0907, 0x0907, 0x1147, 0x00C5, 0x0042,
  0x1988, 0x1967, 0x0042, 0x0084, 0x0084, 0x0084, 0x0064, 0x224D, 0x5BD5, 0x5434, 0x1188, 0x0063,
  0x10A3, 0x0883, 0x0063, 0x0063, 0x0063, 0x0084, 0x00A4, 0x0084, 0x4165, 0xCBCA, 0xD40A, 0xA30A,
  0x3188, 0x10E7, 0x3169, 0x18E6, 0x4C32, 0x4437, 0x1A73, 0x2B54, 0x6579, 0x4CB7, 0x3314, 0x2A10,
  0x08A5, 0x08C5, 0x08C5, 0x1149, 0x11CF, 0x8578, 0xE7DF, 0x85D9, 0x8DB8, 0xDFBE, 0x4C14, 0xD79E,
  0x8578, 0x9E7B, 0x8E1A, 0x11CE, 0x220F, 0x222F, 0x220E, 0x19CE, 0x19AD, 0x198C, 0x21CC, 0x1108,
  0x00A4, 0x5883, 0xD225, 0xF364, 0xD245, 0x50C3, 0x08A4, 0x10E5, 0x0042, 0x0063, 0x0063, 0x0063,
  0x0042, 0x0062, 0x0062, 0x0083, 0x00A3, 0x00A4, 0x1147, 0x00A4, 0x00E6, 0x5A2D, 0x6BB3, 0x461A,
  0x467A, 0x5FDE, 0x2CB6, 0x1251, 0x19EF, 0x198D, 0x418D, 0x928F, 0xC351, 0x826E, 0x314A, 0x1108,
  0x08C6, 0x0063, 0x0084, 0x0884, 0x0042, 0x0042, 0x0063, 0x0063, 0x08C4, 0x1166, 0x1166, 0x1166,
  0x08C4, 0x08E4, 0x0905, 0x0107, 0x1169, 0x0969, 0x0968, 0x0926, 0x0021, 0x0001, 0x0001, 0x0021,
  0x0002, 0x08E7, 0x224D, 0x1127, 0x0084, 0x0064, 0x0085, 0x08E7, 0x1907, 0x0043, 0x0084, 0x0043,
  0x0063, 0x0043, 0x10E7, 0x2127, 0x18C5, 0x0883, 0x0883, 0x08A4, 0x0083, 0x1063, 0x28A3, 0x4926,
  0x5188, 0x18E6, 0x10E6, 0x00A5, 0x0063, 0x0043, 0x0084, 0x0043, 0x0084, 0x0043, 0x00A5, 0x00A5,
  0x00A5, 0x0064, 0x0063, 0x08A5, 0x08E6, 0x00A5, 0x0084, 0x0084, 0x08A6, 0x212A, 0x0065, 0x28CB,
  0x99B6, 0xC219, 0xB217, 0x40CB, 0x0044, 0x00A4, 0x00C4, 0x0063, 0x0063, 0x0042, 0x0022, 0x0022,
  0x0021, 0x0021, 0x0000, 0x40A8, 0x9252, 0x324B, 0x21A8, 0x538F, 0x09A7, 0xB77E, 0x9EDC, 0x01E9,
  0x865A, 0xA73D, 0x4B8E, 0x29C7, 0x0000, 0x0021, 0x0022, 0x0042, 0x0022, 0x08E5, 0x1146, 0x0042,
  0x0063, 0x00A4, 0x00C4, 0x00E5, 0x0906, 0x1967, 0x21A8, 0x1126, 0x00E5, 0x08E6, 0x08E5, 0x08E6,
  0x0906, 0x222B, 0x224C, 0x0906, 0x0927, 0x0927, 0x0947, 0x0927, 0x0906, 0x0906, 0x0106, 0x0106,
  0x0927, 0x0927, 0x0947, 0x19C9, 0x0927, 0x0907, 0x0907, 0x0907, 0x0906, 0x1167, 0x0906, 0x0063,
  0x1988, 0x1967, 0x0063, 0x0083, 0x0083, 0x0063, 0x08E6, 0x5352, 0x5BD5, 0x4434, 0x0947, 0x0084,
  0x0062, 0x08C4, 0x0083, 0x0042, 0x0063, 0x0084, 0x0083, 0x0084, 0x4186, 0xD38A, 0xAA25, 0x92CA,
  0x39C9, 0x18E8, 0x396A, 0x18E7, 0x3B90, 0x3374, 0x2273, 0x4BF7, 0x6539, 0x4C37, 0x32F4, 0x29EF,
  0x08C6, 0x00C4, 0x08E6, 0x1129, 0x11AE, 0x9E1A, 0xAEFD, 0x0A71, 0x43B3, 0xEFFF, 0x5435, 0xAE9B,
  0x6C75, 0x3B52, 0x2AB1, 0x196C, 0x198C, 0x196C, 0x196C, 0x196B, 0x194B, 0x21AC, 0x2A0C, 0x08C5,
  0x08A4, 0x6042, 0xF284, 0xF3E5, 0xEAA5, 0x5082, 0x10E5, 0x1105, 0x0022, 0x0043, 0x0062, 0x0042,
  0x0042, 0x0083, 0x0062, 0x0083, 0x0063, 0x00A4, 0x1127, 0x0084, 0x00E6, 0x5A2D, 0x6352, 0x463A,
  0x577D, 0x2455, 0x1A71, 0x19AE, 0x296C, 0x722E, 0xBB31, 0x8A6E, 0x418A, 0x1929, 0x0908, 0x0084,
  0x0063, 0x0042, 0x08A4, 0x00A4, 0x0042, 0x0063, 0x0063, 0x0063, 0x0063, 0x1166, 0x1166, 0x1166,
  0x1125, 0x08E4, 0x0905, 0x0107, 0x118A, 0x118A, 0x0969, 0x1126, 0x0001, 0x0001, 0x0022, 0x0021,
  0x0002, 0x00C6, 0x1168, 0x08E6, 0x00A5, 0x0064, 0x00A5, 0x1108, 0x1107, 0x0043, 0x0084, 0x0043,
  0x0063, 0x0043, 0x1127, 0x2128, 0x18E5, 0x10A4, 0x0883, 0x08A4, 0x08A4, 0x0042, 0x1883, 0x38C4,
  0x5146, 0x5188, 0x10C6, 0x00A5, 0x0043, 0x0064, 0x0084, 0x0063, 0x0063, 0x0043, 0x0084, 0x00C5,
  0x00A4, 0x0064, 0x0063, 0x0043, 0x08A4, 0x00C5, 0x0084, 0x0084, 0x0064, 0x294A, 0x10C8, 0x28CB,
  0x8955, 0xB1D8, 0xA1B5, 0x388A, 0x0065, 0x0084, 0x00A4, 0x0043, 0x0063, 0x0042, 0x0022, 0x0021,
  0x0001, 0x0021, 0x0001, 0x0802, 0x28E7, 0x18E5, 0x324B, 0x4B6E, 0x0125, 0x5492, 0x4451, 0x0209,
  0x3BF0, 0x3B8F, 0x434D, 0x29C7, 0x0000, 0x0021, 0x0042, 0x0042, 0x0042, 0x1105, 0x1946, 0x0042,
  0x0063, 0x0084, 0x00C4, 0x00A4, 0x00A4, 0x08E5, 0x08E5, 0x08E5, 0x00C4, 0x0906, 0x0906, 0x08E5,
  0x00E6, 0x224B, 0x226C, 0x0107, 0x0906, 0x0906, 0x0927, 0x0906, 0x0906, 0x1147, 0x0926, 0x0927,
  0x0927, 0x0927, 0x0927, 0x1168, 0x0927, 0x0907, 0x0907, 0x0907, 0x0927, 0x1167, 0x0906, 0x0043,
  0x1988, 0x1988, 0x0063, 0x0063, 0x0064, 0x0043, 0x29CB, 0x62F3, 0x3B33, 0x1A2B, 0x08E6, 0x0084,
  0x0883, 0x2966, 0x0883, 0x0042, 0x0063, 0x0084, 0x0083, 0x0085, 0x4987, 0xC309, 0xCB69, 0xA30A,
  0x39A8, 0x10C7, 0x3149, 0x18E7, 0x32EE, 0x2AD2, 0x4337, 0x74DA, 0x6D19, 0x4395, 0x3293, 0x21CF,
  0x00A6, 0x00A4, 0x00C6, 0x0909, 0x11AD, 0xAE9B, 0x8E1B, 0x1230, 0x32D0, 0x9E1A, 0x4352, 0x2A8F,
  0x2A2F, 0x21CD, 0x218D, 0x196C, 0x216B, 0x194B, 0x196B, 0x194A, 0x196B, 0x196C, 0x114A, 0x08C6,
  0x08A4, 0x3822, 0xB143, 0xEB27, 0xA964, 0x2821, 0x08E4, 0x08A4, 0x0042, 0x0063, 0x0083, 0x0042,
  0x0042, 0x0083, 0x0063, 0x08A4, 0x0083, 0x00A4, 0x0927, 0x0084, 0x00E6, 0x520C, 0x62B0, 0x1B12,
  0x2BD4, 0x1A71, 0x29EF, 0x6A4F, 0xA311, 0x9AAF, 0x51AB, 0x18E7, 0x08C6, 0x08E7, 0x00A5, 0x0043,
  0x0042, 0x0062, 0x08C5, 0x0085, 0x0042, 0x0042, 0x0042, 0x0885, 0x0885, 0x1146, 0x1146, 0x1166,
  0x21C8, 0x1146, 0x0906, 0x00E7, 0x19AB, 0x118A, 0x0969, 0x1106, 0x0001, 0x0001, 0x0001, 0x0001,
  0x0002, 0x00C6, 0x1168, 0x08E5, 0x08C5, 0x0063, 0x0085, 0x1109, 0x1907, 0x0043, 0x0084, 0x0063,
  0x0063, 0x0043, 0x1128, 0x2148, 0x10C5, 0x10A4, 0x10A4, 0x1083, 0x18A4, 0x18C4, 0x0842, 0x1883,
  0x38C4, 0x5987, 0x20E5, 0x00A4, 0x0063, 0x0884, 0x00A4, 0x00A5, 0x0063, 0x0042, 0x0084, 0x00A5,
  0x00A5, 0x0084, 0x0064, 0x0063, 0x0063, 0x00A4, 0x0084, 0x0084, 0x0043, 0x18E8, 0x18C8, 0x28CC,
  0x9195, 0xB9F7, 0xA9D5, 0x38AA, 0x0065, 0x0084, 0x0084, 0x0042, 0x0042, 0x0022, 0x0022, 0x0021,
  0x0001, 0x0000, 0x0862, 0x10C4, 0x0001, 0x2126, 0x326C, 0x436E, 0x11A6, 0x0083, 0x00C3, 0x00E4,
  0x0083, 0x0104, 0x32AA, 0x0861, 0x0000, 0x0000, 0x0000, 0x0001, 0x0000, 0x0042, 0x0083, 0x0021,
  0x0062, 0x0063, 0x00A4, 0x08E5, 0x00C5, 0x08C5, 0x00A4, 0x00A4, 0x08C4, 0x00C4, 0x08E5, 0x08E5,
  0x0906, 0x224C, 0x226C, 0x0107, 0x0906, 0x0906, 0x1126, 0x08E6, 0x08E6, 0x19A8, 0x0927, 0x0967,
  0x1168, 0x0947, 0x0927, 0x0107, 0x1147, 0x0906, 0x0907, 0x0907, 0x0927, 0x0947, 0x08E5, 0x0042,
  0x1987, 0x1967, 0x0063, 0x0063, 0x0063, 0x0042, 0x4AEF, 0x5B13, 0x19EC, 0x0927, 0x1127, 0x0064,
  0x10A4, 0x3146, 0x0042, 0x0042, 0x0063, 0x0063, 0x0063, 0x0084, 0x3925, 0xBB09, 0xCBA9, 0x9AE9,
  0x3988, 0x10C7, 0x2908, 0x18E6, 0x0928, 0x3AD4, 0x6C5B, 0x6417, 0x4BD5, 0x4415, 0x2A72, 0x21AE,
  0x08A5, 0x0084, 0x00A5, 0x0908, 0x19EE, 0xB6FD, 0x5C95, 0x094B, 0x118B, 0x118B, 0x118A, 0x194A,
  0x196A, 0x194A, 0x194A, 0x192A, 0x194A, 0x192A, 0x192A, 0x192A, 0x194B, 0x194B, 0x112A, 0x1108,
  0x0884, 0x0822, 0x3021, 0x5862, 0x3842, 0x0842, 0x0083, 0x0083, 0x0042, 0x0063, 0x0084, 0x0042,
  0x0042, 0x00A4, 0x0063, 0x08C4, 0x0063, 0x00A4, 0x1127, 0x0084, 0x00E6, 0x51EC, 0x626F, 0x118D,
  0x218D, 0x522F, 0x8AD0, 0x92D0, 0x59EC, 0x1908, 0x08C6, 0x0084, 0x0084, 0x08E7, 0x0085, 0x0043,
  0x0863, 0x0063, 0x08C5, 0x0084, 0x0022, 0x0063, 0x08A6, 0x1909, 0x10C8, 0x1126, 0x1145, 0x1146,
  0x21C7, 0x1146, 0x08E6, 0x0108, 0x21EC, 0x118A, 0x0989, 0x08E5, 0x0001, 0x0022, 0x0001, 0x0021,
  0x0002, 0x00A5, 0x1188, 0x08E5, 0x00A5, 0x0064, 0x00A5, 0x1108, 0x10E7, 0x0043, 0x0084, 0x0063,
  0x0043, 0x0043, 0x1928, 0x2128, 0x3947, 0x1084, 0x10A4, 0x0883, 0x1083, 0x20E5, 0x10A5, 0x0042,
  0x1063, 0x28C4, 0x20C5, 0x08C5, 0x0084, 0x08C5, 0x0084, 0x00C5, 0x0063, 0x0042, 0x0063, 0x00A5,
  0x08E5, 0x00A5, 0x0043, 0x0043, 0x0063, 0x08A5, 0x00A5, 0x0084, 0x0043, 0x18C7, 0x10A7, 0x30AB,
  0x9995, 0xB196, 0xA1B4, 0x38AA, 0x0065, 0x0064, 0x0083, 0x0042, 0x0062, 0x0022, 0x0021, 0x0021,
  0x0000, 0x18E4, 0x532E, 0x3A6B, 0x10A4, 0x0000, 0x10E5, 0x2A6A, 0x434D, 0x3A6A, 0x3A8A, 0x3A8A,
  0x42AB, 0x3A8A, 0x08A3, 0x0000, 0x0000, 0x1104, 0x1966, 0x2187, 0x21A7, 0x21E8, 0x21C7, 0x0062,
  0x0042, 0x0062, 0x0083, 0x08C5, 0x00A4, 0x2126, 0x0084, 0x0084, 0x08C5, 0x00C4, 0x08E5, 0x00C4,
  0x1167, 0x2A4C, 0x222B, 0x0907, 0x00E6, 0x08E6, 0x0906, 0x08E6, 0x00E6, 0x0906, 0x0906, 0x1147,
  0x19A8, 0x1188, 0x11C9, 0x0967, 0x1188, 0x0926, 0x0106, 0x0968, 0x0927, 0x0947, 0x08E5, 0x0042,
  0x1987, 0x1967, 0x0063, 0x0063, 0x0063, 0x0022, 0x4370, 0x3B51, 0x0085, 0x1988, 0x0906, 0x0084,
  0x08A4, 0x0042, 0x0042, 0x0042, 0x0063, 0x0063, 0x0063, 0x0064, 0x2904, 0xB2A8, 0xB205, 0xA2EA,
  0x3987, 0x1085, 0x3128, 0x10C5, 0x198B, 0x5BD9, 0x4356, 0x4B74, 0x43D3, 0x6596, 0x2A91, 0x216D,
  0x08A5, 0x08A4, 0x0084, 0x08E7, 0x21CD, 0x3B11, 0x19CC, 0x114A, 0x1129, 0x1129, 0x1128, 0x1128,
  0x1949, 0x1929, 0x194A, 0x192A, 0x192A, 0x192A, 0x192A, 0x194A, 0x194B, 0x192A, 0x194A, 0x08C7,
  0x0084, 0x0042, 0x18C4, 0x2925, 0x2966, 0x0062, 0x0083, 0x0083, 0x0042, 0x0063, 0x0083, 0x0042,
  0x0042, 0x0083, 0x0063, 0x08C4, 0x0042, 0x00A4, 0x0926, 0x0083, 0x00E5, 0x51EC, 0x6A2E, 0x398B,
  0x826F, 0x9AD0, 0x620D, 0x2129, 0x08E7, 0x00C6, 0x0083, 0x0062, 0x0884, 0x1108, 0x0064, 0x0043,
  0x0063, 0x0042, 0x00A5, 0x0085, 0x08A6, 0x10C8, 0x10E9, 0x10C8, 0x0045, 0x08C5, 0x1166, 0x1145,
  0x1125, 0x08E4, 0x00C6, 0x0108, 0x220D, 0x0969, 0x0989, 0x08E5, 0x0021, 0x0022, 0x0022, 0x0022,
  0x0002, 0x00C6, 0x1989, 0x08C5, 0x0063, 0x0084, 0x0084, 0x1108, 0x10E6, 0x0043, 0x0084, 0x0063,
  0x0042, 0x0063, 0x1928, 0x2128, 0x4989, 0x4969, 0x18C5, 0x08A4, 0x0883, 0x0883, 0x0884, 0x0063,
  0x10A4, 0x08A4, 0x18E5, 0x10E5, 0x0084, 0x08C5, 0x00A5, 0x08C5, 0x0063, 0x0063, 0x0063, 0x00C5,
  0x08E6, 0x0084, 0x0043, 0x0043, 0x0063, 0x08E6, 0x00A4, 0x00A4, 0x0063, 0x18E7, 0x10A7, 0x28AB,
  0x8954, 0xB217, 0x9192, 0x3089, 0x0064, 0x0063, 0x0083, 0x0022, 0x0042, 0x0022, 0x0001, 0x0001,
  0x0000, 0x6A8E, 0x3A6B, 0x10E6, 0x6C12, 0x6472, 0x00A3, 0x1105, 0x0062, 0x10C3, 0x10C3, 0x08A3,
  0x1146, 0x1986, 0x0000, 0x0000, 0x2A29, 0x7514, 0x3B8E, 0x4CB1, 0x4CF1, 0x54D2, 0x64B2, 0x1925,
  0x0001, 0x0062, 0x0083, 0x0063, 0x0062, 0x0021, 0x0042, 0x0063, 0x0083, 0x08C4, 0x08C4, 0x00C4,
  0x0906, 0x220A, 0x1188, 0x00E5, 0x08E5, 0x08E5, 0x08E5, 0x08E5, 0x08E5, 0x0906, 0x0906, 0x0906,
  0x0926, 0x1167, 0x08E5, 0x00E5, 0x0926, 0x00C5, 0x4289, 0x846F, 0x5B8D, 0x21C9, 0x00A4, 0x0042,
  0x1967, 0x1946, 0x0042, 0x0063, 0x0063, 0x0022, 0x330F, 0x11CA, 0x08E5, 0x21A8, 0x0084, 0x0084,
  0x0042, 0x20E4, 0x0863, 0x0043, 0x0063, 0x0063, 0x0063, 0x0064, 0x28E4, 0xAAA8, 0xD3AA, 0xA309,
  0x3145, 0x0863, 0x20E6, 0x08A5, 0x2A0E, 0x53B8, 0x32F3, 0x2AB0, 0x4CB3, 0x5533, 0x222E, 0x194C,
  0x08A5, 0x0083, 0x0063, 0x00C6, 0x196B, 0x090A, 0x1129, 0x1108, 0x08E7, 0x08E7, 0x08E7, 0x1107,
  0x1108, 0x1128, 0x1929, 0x1929, 0x194A, 0x192A, 0x192A, 0x192A, 0x194B, 0x192A, 0x196B, 0x08E7,
  0x0043, 0x1082, 0x18C3, 0x0882, 0x08A3, 0x0063, 0x0083, 0x0083, 0x0063, 0x0083, 0x0063, 0x0042,
  0x0042, 0x0083, 0x0084, 0x08A4, 0x0063, 0x00C5, 0x0905, 0x0083, 0x00C5, 0x49EB, 0xB331, 0xA2F0,
  0x724D, 0x2969, 0x08E7, 0x08E6, 0x0084, 0x0063, 0x0063, 0x0042, 0x0885, 0x1108, 0x0023, 0x0022,
  0x0042, 0x0043, 0x1109, 0x10E9, 0x190A, 0x10E9, 0x08A7, 0x0064, 0x0002, 0x0084, 0x1146, 0x1145,
  0x08E4, 0x00C4, 0x0107, 0x0129, 0x2A2D, 0x0969, 0x1189, 0x08C4, 0x0001, 0x0022, 0x0001, 0x0022,
  0x0002, 0x00A5, 0x1988, 0x1106, 0x0084, 0x0084, 0x0084, 0x1128, 0x1106, 0x0064, 0x00A5, 0x0063,
  0x0042, 0x0063, 0x1928, 0x2148, 0x0885, 0x4169, 0x4169, 0x08A4, 0x08C5, 0x0063, 0x0884, 0x0884,
  0x10C5, 0x10C5, 0x0884, 0x0063, 0x0084, 0x08C5, 0x00A5, 0x08C5, 0x0043, 0x0063, 0x0063, 0x0084,
  0x08C5, 0x08E5, 0x0043, 0x0043, 0x0084, 0x08E6, 0x0084, 0x00A4, 0x0063, 0x18E7, 0x10A7, 0x30AB,
  0x8133, 0xB236, 0x91D3, 0x2888, 0x0044, 0x0063, 0x0063, 0x0042, 0x0022, 0x0021, 0x0001, 0x0000,
  0x0000, 0x620D, 0x2127, 0x3A4C, 0x9E39, 0x8618, 0x19C8, 0x32ED, 0x32AB, 0x1945, 0x08E4, 0x326A,
  0x2A69, 0x3B8D, 0x1985, 0x0000, 0x4BAF, 0x2AAB, 0x0AE9, 0x14AD, 0x1CCD, 0x1B8C, 0x222A, 0x0883,
  0x0001, 0x0022, 0x0062, 0x0042, 0x2045, 0x4888, 0x1023, 0x0042, 0x0083, 0x00A3, 0x00A4, 0x00A3,
  0x00A4, 0x0926, 0x0905, 0x00C5, 0x00C5, 0x08C5, 0x08C5, 0x00C5, 0x08E5, 0x00E5, 0x08E5, 0x00C5,
  0x00C5, 0x08E5, 0x00C5, 0x00E5, 0x0906, 0x00A4, 0x3207, 0x94CF, 0x4268, 0x08C4, 0x0083, 0x0022,
  0x1146, 0x1146, 0x0022, 0x0063, 0x0063, 0x0043, 0x1127, 0x08C5, 0x21A8, 0x08C4, 0x0083, 0x0064,
  0x10A4, 0x20E4, 0x0042, 0x0062, 0x0062, 0x0062, 0x0063, 0x0063, 0x20C3, 0x9227, 0x8983, 0x69C5,
  0x3145, 0x0043, 0x18E5, 0x08A4, 0x196A, 0x3B53, 0x22F0, 0x3391, 0x33AE, 0x5D11, 0x19CB, 0x190A,
  0x0085, 0x0043, 0x0043, 0x0085, 0x112A, 0x1129, 0x10E8, 0x08C6, 0x08C6, 0x08C6, 0x08E6, 0x08E6,
  0x1107, 0x1128, 0x1129, 0x1929, 0x192A, 0x192A, 0x1929, 0x192A, 0x194A, 0x192A, 0x218C, 0x08E7,
  0x0042, 0x0861, 0x10C1, 0x1902, 0x0882, 0x0062, 0x0063, 0x0083, 0x0063, 0x0083, 0x0063, 0x0042,
  0x0042, 0x08E4, 0x08C4, 0x0063, 0x0063, 0x00A4, 0x08C5, 0x0083, 0x08E5, 0x2949, 0x724D, 0x41AB,
  0x0907, 0x0106, 0x00C5, 0x08C5, 0x08C5, 0x00A5, 0x08C5, 0x00A4, 0x08A5, 0x1128, 0x0022, 0x0042,
  0x0885, 0x10E8, 0x214C, 0x08C9, 0x08A7, 0x0064, 0x0043, 0x0044, 0x0886, 0x1908, 0x1125, 0x0945,
  0x19A7, 0x1167, 0x00E7, 0x0908, 0x2A0C, 0x0928, 0x1169, 0x08C4, 0x0001, 0x0001, 0x0001, 0x0021,
  0x0022, 0x0085, 0x1968, 0x1106, 0x08A5, 0x0084, 0x0064, 0x1128, 0x10C6, 0x0064, 0x00A5, 0x0064,
  0x0042, 0x0063, 0x2148, 0x2949, 0x08C6, 0x10C5, 0x3127, 0x18C6, 0x08C5, 0x0063, 0x0884, 0x0884,
  0x18C5, 0x10C5, 0x0063, 0x0043, 0x00A4, 0x08A5, 0x08A5, 0x08C5, 0x0063, 0x0063, 0x0063, 0x0063,
  0x0084, 0x1106, 0x00A4, 0x0043, 0x0083, 0x08E6, 0x0084, 0x0084, 0x0063, 0x10E6, 0x10A6, 0x28AA,
  0x7932, 0x9973, 0x7950, 0x2047, 0x0043, 0x0043, 0x0083, 0x00C4, 0x0083, 0x0021, 0x0001, 0x0000,
  0x0001, 0x6A0D, 0x2106, 0x2988, 0x53D1, 0x3B8F, 0x08E5, 0x336F, 0x5D76, 0x6BB3, 0x7AF2, 0x7D57,
  0x5430, 0x2248, 0x10C3, 0x08A3, 0x5C52, 0x1ACA, 0x1CAE, 0x252E, 0x1BCC, 0x1A6A, 0x29C8, 0x0000,
  0x0001, 0x0021, 0x0042, 0x0021, 0x588A, 0xD1B6, 0x4047, 0x0041, 0x0083, 0x00C4, 0x00C4, 0x0083,
  0x0083, 0x08E5, 0x00C4, 0x0084, 0x00A4, 0x00C4, 0x00C4, 0x00C5, 0x08E5, 0x00C4, 0x08C4, 0x00A4,
  0x00A4, 0x08E5, 0x1105, 0x0926, 0x0906, 0x00A4, 0x0905, 0x6C0F, 0x2986, 0x0022, 0x0063, 0x0021,
  0x1126, 0x1146, 0x0022, 0x0063, 0x0063, 0x0043, 0x0063, 0x1967, 0x1126, 0x08A3, 0x0063, 0x0063,
  0x0062, 0x0042, 0x0042, 0x0042, 0x0042, 0x0042, 0x0042, 0x0063, 0x20A2, 0x71A5, 0x8143, 0x8267,
  0x2924, 0x0063, 0x18C5, 0x0883, 0x0947, 0x2B6F, 0x2C11, 0x2BAF, 0x332B, 0x5C6F, 0x2169, 0x18E8,
  0x0064, 0x0042, 0x0043, 0x0064, 0x10E7, 0x08E7, 0x08A6, 0x08A5, 0x00A5, 0x00C5, 0x08E5, 0x08E5,
  0x08E6, 0x1107, 0x1108, 0x1129, 0x1929, 0x192A, 0x192A, 0x192A, 0x194A, 0x112A, 0x218C, 0x1108,
  0x0042, 0x0041, 0x10A1, 0x2102, 0x0881, 0x0042, 0x0062, 0x0063, 0x0063, 0x0084, 0x0063, 0x0042,
  0x0062, 0x08E5, 0x08A4, 0x0042, 0x0083, 0x0083, 0x08C5, 0x00C4, 0x08E6, 0x1148, 0x1128, 0x0947,
  0x00E5, 0x0926, 0x0084, 0x0043, 0x0084, 0x08E6, 0x0906, 0x00A4, 0x08A6, 0x1108, 0x0043, 0x10C7,
  0x18E9, 0x110A, 0x10E9, 0x0045, 0x0023, 0x0044, 0x10A7, 0x1909, 0x18E9, 0x08A7, 0x1126, 0x1145,
  0x21E9, 0x19A9, 0x0108, 0x0929, 0x220D, 0x0928, 0x0968, 0x08A4, 0x0022, 0x0001, 0x0001, 0x0002,
  0x0022, 0x0085, 0x1147, 0x1927, 0x10C5, 0x1927, 0x00A5, 0x1128, 0x08C5, 0x0084, 0x08C5, 0x0063,
  0x0042, 0x0083, 0x2148, 0x2949, 0x10E6, 0x00A5, 0x0064, 0x3127, 0x20E7, 0x0043, 0x0063, 0x0084,
  0x18E6, 0x08C5, 0x0064, 0x0063, 0x08A4, 0x08A5, 0x00C5, 0x08C5, 0x0063, 0x0043, 0x0063, 0x0042,
  0x0043, 0x08C5, 0x08E6, 0x0063, 0x0083, 0x0905, 0x0084, 0x00A4, 0x0063, 0x10C6, 0x0885, 0x2889,
  0x8192, 0x91B2, 0x692E, 0x1846, 0x0043, 0x0042, 0x0084, 0x34D5, 0x1AED, 0x0001, 0x0021, 0x0000,
  0x0801, 0x6A2E, 0x2126, 0x10E5, 0x1927, 0x1906, 0x29EA, 0x330E, 0x6597, 0xB55B, 0xDC9C, 0x8D38,
  0x4B8E, 0x0882, 0x0000, 0x2A29, 0x5411, 0x1249, 0x1B8C, 0x1B6B, 0x1A29, 0x2A2B, 0x2166, 0x0000,
  0x0000, 0x0021, 0x0042, 0x0021, 0x1803, 0x3005, 0x1002, 0x0062, 0x00E5, 0x0126, 0x0126, 0x00C4,
  0x0062, 0x08C4, 0x0083, 0x0063, 0x0063, 0x0083, 0x0084, 0x00A4, 0x00A4, 0x08E5, 0x08C4, 0x00A3,
  0x08C4, 0x0063, 0x0063, 0x00A4, 0x00C4, 0x0083, 0x0905, 0x538E, 0x1925, 0x0022, 0x0042, 0x0001,
  0x1105, 0x1105, 0x0022, 0x0042, 0x0042, 0x0022, 0x1126, 0x1967, 0x0083, 0x08C4, 0x0062, 0x0042,
  0x0022, 0x0062, 0x0042, 0x0022, 0x0022, 0x0022, 0x0042, 0x0042, 0x1061, 0x6164, 0x89E5, 0x79E5,
  0x20E3, 0x0063, 0x10A4, 0x0042, 0x0945, 0x2BCF, 0x2C0F, 0x22EC, 0x330C, 0x3AEC, 0x10C6, 0x1085,
  0x0043, 0x0042, 0x0042, 0x0042, 0x08A6, 0x08A5, 0x0085, 0x0084, 0x0084, 0x00A4, 0x00C4, 0x08C5,
  0x08C5, 0x08E7, 0x10E8, 0x1108, 0x1129, 0x192A, 0x192A, 0x192A, 0x194B, 0x192B, 0x198C, 0x1109,
  0x0042, 0x0041, 0x08A2, 0x1902, 0x10E3, 0x0083, 0x0042, 0x0083, 0x0083, 0x00A4, 0x0042, 0x0042,
  0x0042, 0x00C4, 0x0083, 0x0042, 0x0884, 0x0063, 0x08A4, 0x08C5, 0x08E5, 0x08E5, 0x08E6, 0x00E5,
  0x00C5, 0x0906, 0x0084, 0x0084, 0x08C5, 0x08E6, 0x00C5, 0x0085, 0x10E7, 0x10E7, 0x0044, 0x10E7,
  0x0886, 0x0086, 0x0085, 0x0044, 0x10C8, 0x212A, 0x18EA, 0x0887, 0x0067, 0x0067, 0x1126, 0x1166,
  0x21C8, 0x19A9, 0x096A, 0x118B, 0x2A0D, 0x118A, 0x11AA, 0x08C4, 0x0021, 0x0022, 0x0022, 0x0001,
  0x0022, 0x00A5, 0x1148, 0x1106, 0x0023, 0x10E6, 0x1128, 0x1108, 0x08C6, 0x0085, 0x08C6, 0x0063,
  0x0042, 0x0884, 0x2969, 0x2969, 0x10E6, 0x08C6, 0x08A5, 0x20C6, 0x3928, 0x10A5, 0x0084, 0x0084,
  0x10C5, 0x08A5, 0x00A5, 0x00A4, 0x00A5, 0x08C5, 0x08E6, 0x08C5, 0x0064, 0x0064, 0x0084, 0x0042,
  0x0042, 0x08A4, 0x08C5, 0x00A4, 0x0063, 0x0906, 0x00A4, 0x00A4, 0x0063, 0x10C6, 0x08A6, 0x20A9,
  0x7971, 0x8170, 0x590C, 0x1024, 0x0043, 0x0022, 0x00A3, 0x122A, 0x0A2A, 0x0126, 0x0042, 0x0021,
  0x0021, 0x1884, 0x1905, 0x42CD, 0x1925, 0x0021, 0x1926, 0x3ACE, 0x436F, 0x5350, 0x5B10, 0x3ACC,
  0x1966, 0x1924, 0x18C3, 0x538F, 0x2A29, 0x0882, 0x08C4, 0x1946, 0x08C4, 0x1967, 0x08A4, 0x0000,
  0x0001, 0x0021, 0x0802, 0x1022, 0x0001, 0x0021, 0x0021, 0x0042, 0x0A4A, 0x3619, 0x2D77, 0x0187,
  0x0062, 0x0083, 0x0062, 0x0042, 0x0042, 0x0083, 0x0083, 0x0063, 0x0083, 0x0083, 0x0063, 0x0063,
  0x0083, 0x0063, 0x00A3, 0x08C4, 0x0083, 0x0063, 0x08C4, 0x328B, 0x0062, 0x0042, 0x0021, 0x0021,
  0x0883, 0x08A4, 0x0022, 0x0022, 0x0042, 0x0042, 0x1125, 0x0904, 0x00A3, 0x08A3, 0x0062, 0x0042,
  0x0021, 0x18E4, 0x0842, 0x0022, 0x0022, 0x0022, 0x0043, 0x0022, 0x1041, 0x4923, 0x48A1, 0x5164,
  0x20E3, 0x0042, 0x0883, 0x0042, 0x0924, 0x22EB, 0x1A6A, 0x1A09, 0x3B0E, 0x2A2A, 0x0064, 0x0063,
  0x0022, 0x0022, 0x0022, 0x0042, 0x0084, 0x0084, 0x0064, 0x0064, 0x0084, 0x00A4, 0x00A4, 0x00A4,
  0x08C5, 0x08C6, 0x10E7, 0x1108, 0x10E8, 0x1109, 0x110A, 0x194B, 0x216C, 0x216D, 0x21AD, 0x1129,
  0x0063, 0x0041, 0x0082, 0x08A2, 0x00C3, 0x00A3, 0x0062, 0x0063, 0x0084, 0x00A4, 0x0063, 0x0062,
  0x0042, 0x0905, 0x00C4, 0x0042, 0x08A3, 0x0042, 0x08A4, 0x00A4, 0x00A4, 0x00A4, 0x08A4, 0x00A4,
  0x08E5, 0x0906, 0x00A4, 0x00A4, 0x00C5, 0x1107, 0x1108, 0x10C8, 0x1909, 0x10E7, 0x0023, 0x0043,
  0x0022, 0x0885, 0x1108, 0x1909, 0x212B, 0x10C9, 0x0047, 0x0067, 0x0889, 0x0069, 0x08E7, 0x1145,
  0x21E8, 0x10E5, 0x0043, 0x0884, 0x0864, 0x08A5, 0x1127, 0x08A4, 0x0001, 0x08A4, 0x0883, 0x0001,
  0x0043, 0x00A5, 0x1169, 0x1189, 0x1168, 0x08E6, 0x1148, 0x198A, 0x08A5, 0x0085, 0x08E6, 0x0063,
  0x0042, 0x0884, 0x2969, 0x3169, 0x10C6, 0x08A5, 0x08A5, 0x18E5, 0x1084, 0x0884, 0x0884, 0x0884,
  0x18E5, 0x0883, 0x0084, 0x0084, 0x0884, 0x0884, 0x10C5, 0x10C5, 0x10A5, 0x10C5, 0x1084, 0x18C4,
  0x0883, 0x08A4, 0x08C5, 0x08A5, 0x0084, 0x08C5, 0x0084, 0x0084, 0x0043, 0x18C6, 0x0886, 0x2088,
  0x690F, 0x8190, 0x50CA, 0x0824, 0x0022, 0x0022, 0x0062, 0x0001, 0x2C73, 0x2CB4, 0x0062, 0x0042,
  0x0020, 0x0000, 0x31E9, 0x21A7, 0x0041, 0x18E4, 0x1926, 0x10C4, 0x1946, 0x19C9, 0x19CA, 0x1926,
  0x10A3, 0x29E8, 0x10A2, 0x4B2D, 0x29E9, 0x1905, 0x3208, 0x5C31, 0x29E8, 0x10E4, 0x0021, 0x0021,
  0x0001, 0x1003, 0x788C, 0x688B, 0x0001, 0x0021, 0x0022, 0x0022, 0x0A09, 0x35D7, 0x2D56, 0x0146,
  0x0041, 0x0083, 0x0063, 0x0042, 0x0042, 0x0063, 0x0063, 0x0062, 0x0063, 0x0042, 0x0042, 0x0042,
  0x0062, 0x0063, 0x0083, 0x00A3, 0x0083, 0x0042, 0x0083, 0x08C4, 0x0021, 0x0021, 0x0021, 0x0022,
  0x0063, 0x0063, 0x0022, 0x0022, 0x0022, 0x0021, 0x0042, 0x00A3, 0x0083, 0x0062, 0x0062, 0x0021,
  0x0882, 0x1083, 0x0021, 0x0022, 0x0022, 0x0022, 0x0042, 0x0022, 0x0842, 0x38E3, 0x40C2, 0x38E3,
  0x1082, 0x0022, 0x0042, 0x0042, 0x0904, 0x2249, 0x19C8, 0x1988, 0x1127, 0x0063, 0x0042, 0x0022,
  0x0021, 0x0001, 0x0022, 0x0022, 0x0043, 0x0063, 0x0063, 0x0063, 0x00A4, 0x0126, 0x0147, 0x00E5,
  0x08C5, 0x08C6, 0x08C7, 0x10E8, 0x1108, 0x1109, 0x192A, 0x194A, 0x196B, 0x1108, 0x08C6, 0x00A5,
  0x0883, 0x0062, 0x00C3, 0x09A7, 0x0187, 0x00C3, 0x00A3, 0x00A3, 0x00A4, 0x00A4, 0x0042, 0x0062,
  0x0042, 0x0946, 0x00C4, 0x0042, 0x08E5, 0x0042, 0x08A4, 0x08C5, 0x00A4, 0x08E5, 0x08A4, 0x00A4,
  0x00C5, 0x0947, 0x00C5, 0x00A5, 0x08E7, 0x1109, 0x1109, 0x08A7, 0x10E8, 0x08E7, 0x0022, 0x0064,
  0x10C7, 0x1929, 0x190A, 0x08A8, 0x0088, 0x0088, 0x08A9, 0x08AB, 0x112E, 0x4375, 0x3B30, 0x0904,
  0x21A7, 0x0862, 0x0000, 0x0000, 0x0000, 0x0000, 0x0000, 0x0042, 0x0001, 0x08A4, 0x0862, 0x0001,
  0x0063, 0x0043, 0x08E6, 0x11CA, 0x11CA, 0x11A9, 0x0968, 0x19A9, 0x1127, 0x00C6, 0x08E6, 0x0084,
  0x0042, 0x0884, 0x2969, 0x3168, 0x28C5, 0x30A3, 0x2083, 0x28E5, 0x1083, 0x0063, 0x08A5, 0x10A4,
  0x2905, 0x0062, 0x0063, 0x2083, 0x38C4, 0x40C4, 0x4082, 0x48A2, 0x50C3, 0x58E3, 0x48C3, 0x30E5,
  0x0883, 0x08A4, 0x08C5, 0x08C5, 0x08C4, 0x08A4, 0x0084, 0x00A4, 0x0063, 0x10A5, 0x0865, 0x2067,
  0x7150, 0x794F, 0x4088, 0x0823, 0x0022, 0x0021, 0x0041, 0x0062, 0x12ED, 0x132E, 0x00C4, 0x0083,
  0x0000, 0x28C6, 0x6B50, 0x8533, 0x10A2, 0x0841, 0x29A7, 0x0882, 0x0042, 0x21E9, 0x2A6B, 0x1105,
  0x10E4, 0x2A29, 0x3209, 0x29A7, 0x1925, 0x1905, 0x2187, 0x3A8B, 0x2166, 0x0021, 0x0022, 0x0001,
  0x5089, 0xB933, 0xE9B8, 0x78CC, 0x0001, 0x0022, 0x0022, 0x0042, 0x0083, 0x00A4, 0x00A4, 0x226A,
  0x1145, 0x0083, 0x00E5, 0x0083, 0x0062, 0x0063, 0x0063, 0x0042, 0x0042, 0x0042, 0x0042, 0x0042,
  0x0042, 0x0062, 0x0063, 0x0062, 0x0062, 0x0042, 0x0063, 0x0083, 0x0042, 0x0042, 0x0022, 0x0022,
  0x0063, 0x0083, 0x0021, 0x0042, 0x0022, 0x0041, 0x0042, 0x0083, 0x0063, 0x0062, 0x0042, 0x0042,
  0x0021, 0x0021, 0x0022, 0x0022, 0x0022, 0x0022, 0x0042, 0x0042, 0x0841, 0x3903, 0x40E3, 0x30E3,
  0x1062, 0x0021, 0x0042, 0x0042, 0x00C3, 0x1A08, 0x1126, 0x0884, 0x0042, 0x0042, 0x0041, 0x0042,
  0x0021, 0x0021, 0x0041, 0x126B, 0x1C12, 0x0147, 0x0043, 0x0083, 0x00C5, 0x2CD5, 0x363A, 0x0A4B,
  0x00C5, 0x08C6, 0x10E7, 0x1108, 0x1108, 0x10E7, 0x0885, 0x0084, 0x0083, 0x0062, 0x0062, 0x0083,
  0x08A3, 0x0083, 0x0208, 0x140F, 0x13CE, 0x01E7, 0x00E4, 0x00C4, 0x00A4, 0x0083, 0x0062, 0x0062,
  0x0042, 0x0905, 0x0082, 0x0062, 0x08C4, 0x0042, 0x08A4, 0x08C5, 0x00A4, 0x08C5, 0x00C5, 0x00A4,
  0x00A4, 0x0906, 0x00A6, 0x10E8, 0x192A, 0x10E9, 0x08A6, 0x0064, 0x08C7, 0x08C7, 0x0085, 0x1908,
  0x10E8, 0x10E9, 0x08C8, 0x08A9, 0x08CA, 0x08CC, 0x114F, 0x4355, 0x6D5A, 0x6D3B, 0x3B11, 0x0946,
  0x08E4, 0x0042, 0x0001, 0x0021, 0x0042, 0x0001, 0x0021, 0x0042, 0x0001, 0x08C5, 0x0042, 0x0001,
  0x0063, 0x0043, 0x1128, 0x1189, 0x1189, 0x19EA, 0x11A9, 0x0106, 0x0927, 0x21AA, 0x08E6, 0x0063,
  0x0062, 0x0884, 0x2969, 0x3148, 0x4945, 0xDD0E, 0x7247, 0x61C6, 0x3104, 0x0043, 0x08A5, 0x10C5,
  0x2926, 0x0863, 0x0863, 0x38C4, 0x6104, 0x89C5, 0xC48B, 0xD54C, 0xD54C, 0xDD8D, 0xBC2A, 0x3904,
  0x0884, 0x08A5, 0x08A5, 0x00A5, 0x08C5, 0x08C5, 0x0063, 0x00A4, 0x0063, 0x0885, 0x0065, 0x2067,
  0x712F, 0x712D, 0x40A8, 0x0022, 0x0022, 0x0022, 0x0042, 0x0083, 0x00A4, 0x0AAC, 0x35F9, 0x0187,
  0x0000, 0x38C7, 0x7AF0, 0x7D13, 0x0841, 0x18E3, 0x18E4, 0x1966, 0x432D, 0x324A, 0x21E9, 0x21A7,
  0x2A09, 0x436E, 0x08C3, 0x0000, 0x0821, 0x2125, 0x0841, 0x0000, 0x0000, 0x0000, 0x0021, 0x0001,
  0x588A, 0xB133, 0x5849, 0x1823, 0x0022, 0x0042, 0x0042, 0x0022, 0x0042, 0x0042, 0x0062, 0x1166,
  0x00C3, 0x1B2D, 0x469B, 0x12CC, 0x0083, 0x00A4, 0x0083, 0x0062, 0x0083, 0x0083, 0x0083, 0x0083,
  0x0062, 0x0062, 0x0083, 0x0062, 0x0062, 0x0062, 0x0063, 0x0083, 0x0062, 0x0062, 0x0062, 0x0062,
  0x0083, 0x0083, 0x0062, 0x0062, 0x0062, 0x0062, 0x0063, 0x0083, 0x0083, 0x0083, 0x0083, 0x0063,
  0x0062, 0x0883, 0x0062, 0x0062, 0x0062, 0x0062, 0x0062, 0x0063, 0x0882, 0x2903, 0x28C3, 0x2903,
  0x10A2, 0x0042, 0x0062, 0x0062, 0x00A3, 0x1146, 0x0083, 0x0041, 0x0042, 0x0042, 0x0042, 0x0022,
  0x0021, 0x0062, 0x0062, 0x2451, 0x2DD8, 0x09AA, 0x1046, 0x2087, 0x08E7, 0x3639, 0x47FF, 0x130E,
  0x00E5, 0x08E5, 0x0084, 0x0063, 0x0043, 0x0022, 0x0021, 0x0042, 0x0062, 0x0062, 0x0083, 0x0083,
  0x10E4, 0x0165, 0x1D93, 0x277A, 0x1E14, 0x25D2, 0x0227, 0x00E4, 0x00A4, 0x0083, 0x0042, 0x0062,
  0x0062, 0x0904, 0x0082, 0x08E4, 0x08E5, 0x0042, 0x08A4, 0x08E5, 0x0063, 0x00A4, 0x00A4, 0x08A5,
  0x08C6, 0x1128, 0x10E8, 0x10E8, 0x08C7, 0x0085, 0x0084, 0x0885, 0x216B, 0x1109, 0x0886, 0x0065,
  0x0045, 0x110A, 0x112C, 0x112E, 0x19B0, 0x4BF7, 0x75BB, 0x64FA, 0x3B14, 0x2190, 0x194C, 0x19C8,
  0x0905, 0x0063, 0x0002, 0x0042, 0x0043, 0x0001, 0x0001, 0x0001, 0x0022, 0x08E5, 0x0022, 0x0022,
  0x0083, 0x0043, 0x118A, 0x11A9, 0x11A9, 0x1189, 0x11A9, 0x11A9, 0x0927, 0x1969, 0x29A9, 0x08A5,
  0x0022, 0x08A4, 0x3189, 0x3169, 0x4105, 0xB328, 0x5964, 0x7A07, 0x38E4, 0x0043, 0x08A4, 0x10C5,
  0x2925, 0x0863, 0x1083, 0x38A4, 0x7104, 0xCB88, 0xCBA7, 0xC366, 0xBB26, 0xAAC5, 0x79E4, 0x30E5,
  0x0884, 0x08C5, 0x08C5, 0x08C5, 0x00A4, 0x00C5, 0x00A4, 0x0084, 0x0063, 0x0884, 0x0064, 0x1846,
  0x610E, 0x712D, 0x3066, 0x0022, 0x0042, 0x0042, 0x00A3, 0x00E4, 0x0105, 0x02AC, 0x24D4, 0x0167,
  0x0000, 0x1864, 0x41C9, 0x2A27, 0x1903, 0x10C3, 0x1104, 0x4B90, 0x6CD5, 0x2A4A, 0x21C7, 0x1966,
  0x4B6F, 0x436E, 0x326A, 0x1945, 0x0000, 0x0001, 0x0801, 0x0801, 0x0001, 0x0000, 0x0000, 0x0022,
  0x0023, 0x0024, 0x0022, 0x0021, 0x0042, 0x0063, 0x0083, 0x0083, 0x0042, 0x0062, 0x00C4, 0x00A4,
  0x00A4, 0x028B, 0x1CB4, 0x02AC, 0x0126, 0x0126, 0x00E5, 0x00E5, 0x00E5, 0x0105, 0x0105, 0x0105,
  0x0105, 0x0105, 0x0105, 0x0105, 0x00E5, 0x00E5, 0x00E5, 0x0105, 0x0106, 0x0106, 0x0106, 0x00E5,
  0x00E5, 0x00E5, 0x00C4, 0x00C4, 0x00E4, 0x00E5, 0x00E5, 0x00E5, 0x00E5, 0x00E5, 0x00E5, 0x00E5,
  0x00E5, 0x00E5, 0x00C4, 0x00C4, 0x00C4, 0x00C4, 0x00C4, 0x00E5, 0x00E5, 0x1146, 0x1126, 0x0946,
  0x00E5, 0x00C4, 0x00E5, 0x00C4, 0x00C4, 0x00A4, 0x0083, 0x0084, 0x0063, 0x0062, 0x0042, 0x0042,
  0x0063, 0x0083, 0x0083, 0x00E5, 0x00A4, 0x38CC, 0xA0D7, 0x98F6, 0x20CA, 0x028C, 0x0B2F, 0x01C9,
  0x00E6, 0x00A4, 0x0042, 0x0001, 0x0021, 0x0022, 0x0022, 0x0042, 0x0042, 0x0062, 0x0063, 0x0062,
  0x08C4, 0x0227, 0x2779, 0x1FFB, 0x1715, 0x2714, 0x0B4A, 0x00C4, 0x08C5, 0x0083, 0x0042, 0x0063,
  0x0083, 0x0946, 0x0062, 0x00C3, 0x00A3, 0x0042, 0x00C4, 0x08E5, 0x0042, 0x0084, 0x10C7, 0x210A,
  0x294B, 0x1929, 0x08C6, 0x00A5, 0x0085, 0x08C6, 0x1108, 0x1109, 0x194B, 0x10C8, 0x0066, 0x08A8,
  0x08CB, 0x114E, 0x2A72, 0x4C37, 0x75DC, 0x5CB9, 0x32F4, 0x198F, 0x190D, 0x296E, 0x192A, 0x220A,
  0x2A4A, 0x0000, 0x0000, 0x0022, 0x0042, 0x0001, 0x0001, 0x0000, 0x0863, 0x08C4, 0x0001, 0x0043,
  0x0083, 0x0063, 0x198A, 0x11A9, 0x11A9, 0x1189, 0x0968, 0x0988, 0x1A0B, 0x1147, 0x1107, 0x29AA,
  0x10E5, 0x0885, 0x3189, 0x3148, 0x5145, 0xB308, 0x5104, 0x8248, 0x30E4, 0x0042, 0x0884, 0x10C5,
  0x2905, 0x0884, 0x1084, 0x38A4, 0x7964, 0xD44A, 0xD409, 0xD429, 0xD44A, 0xD4CB, 0x9B08, 0x28A5,
  0x0884, 0x08A5, 0x08C6, 0x08C5, 0x0084, 0x00A4, 0x00E6, 0x00A5, 0x0084, 0x0064, 0x0043, 0x1065,
  0x40AA, 0x3868, 0x1845, 0x0022, 0x00C5, 0x0A6B, 0x2D15, 0x35B7, 0x35D7, 0x3619, 0x1C11, 0x0084,
  0x50A9, 0x3846, 0x428B, 0x6C50, 0x3167, 0x2084, 0x18E5, 0x322B, 0x10C5, 0x21E8, 0x7533, 0x10E4,
  0x2147, 0x10C4, 0x434D, 0x29E8, 0x5068, 0xB153, 0xB133, 0xB154, 0x4068, 0x0061, 0x19C7, 0x0146,
  0x2CB4, 0x3577, 0x126B, 0x00A3, 0x1B2D, 0x2D97, 0x2D36, 0x0A2A, 0x00C4, 0x1B2D, 0x35B8, 0x2D97,
  0x35D8, 0x35D8, 0x2DB8, 0x35F9, 0x35F9, 0x2DD9, 0x2DD8, 0x35D8, 0x35F9, 0x35F9, 0x35F9, 0x35F8,
  0x35F9, 0x35D9, 0x35D8, 0x35D8, 0x2DD8, 0x2DD8, 0x35D8, 0x35F8, 0x35F9, 0x35F9, 0x35F9, 0x2DD9,
  0x2DD8, 0x2DD8, 0x2DD8, 0x2DD8, 0x2DD8, 0x2DD8, 0x35D8, 0x35D8, 0x35D9, 0x35D8, 0x35D8, 0x2DD8,
  0x2DD8, 0x2DB8, 0x2DB7, 0x2DB8, 0x2DB8, 0x2DB7, 0x2DB8, 0x2DB8, 0x2DB7, 0x35D8, 0x35B8, 0x35B8,
  0x3597, 0x2D98, 0x2D97, 0x2D77, 0x2D56, 0x2536, 0x2536, 0x24F5, 0x2CD4, 0x1A8B, 0x0042, 0x0126,
  0x2493, 0x2CF4, 0x0A6B, 0x0AEC, 0x1CD4, 0x451A, 0x851F, 0x7D3F, 0x3538, 0x1CF5, 0x14B4, 0x1CF5,
  0x1D36, 0x0AAD, 0x00A4, 0x0042, 0x0022, 0x0022, 0x0022, 0x0022, 0x0042, 0x0042, 0x0063, 0x0062,
  0x10E5, 0x0227, 0x26F7, 0x2FFB, 0x1EF5, 0x0CEE, 0x0268, 0x00E5, 0x08C5, 0x0083, 0x0063, 0x0062,
  0x0083, 0x0905, 0x0062, 0x0944, 0x00A3, 0x0042, 0x08E5, 0x0906, 0x0885, 0x1909, 0x212B, 0x18E9,
  0x10E8, 0x08E7, 0x0084, 0x08C6, 0x1129, 0x194A, 0x1109, 0x08A8, 0x08EA, 0x10EA, 0x088A, 0x112D,
  0x3292, 0x64F9, 0x6DBB, 0x5458, 0x2A52, 0x192F, 0x190D, 0x110B, 0x18EA, 0x190A, 0x10C8, 0x2A6B,
  0x328C, 0x0000, 0x0000, 0x0021, 0x0022, 0x0001, 0x0001, 0x0001, 0x0863, 0x08A4, 0x0001, 0x0083,
  0x0063, 0x0063, 0x19AA, 0x11CA, 0x1189, 0x1189, 0x11A9, 0x11A9, 0x11A9, 0x19C9, 0x0926, 0x1927,
  0x31C9, 0x2127, 0x3169, 0x3127, 0x69E6, 0xCC2B, 0x5964, 0x8A88, 0x3904, 0x0042, 0x0884, 0x10C5,
  0x2905, 0x0883, 0x1084, 0x40C5, 0x8144, 0xE4EB, 0xDC2A, 0xD3AA, 0xCB89, 0xC389, 0x8A47, 0x28C5,
  0x0883, 0x08A5, 0x08C5, 0x08C5, 0x00A5, 0x00A5, 0x08C5, 0x00A4, 0x0084, 0x0043, 0x0043, 0x0844,
  0x1024, 0x1024, 0x2867, 0x1845, 0x020A, 0x26DC, 0x2F7E, 0x2DD8, 0x35B8, 0x35F8, 0x2C52, 0x0042,
  0x710D, 0x60EB, 0x0883, 0x18A4, 0x50C9, 0x610A, 0x1021, 0x0020, 0x1084, 0x31C9, 0x3A2A, 0x0842,
  0x0021, 0x29EA, 0x5A8D, 0x28A5, 0x70CC, 0xC175, 0xB934, 0xB174, 0x4088, 0x00A2, 0x2ACB, 0x0146,
  0x2CD3, 0x3DF8, 0x2BF0, 0x0167, 0x2C92, 0x3618, 0x24B3, 0x0A09, 0x1A29, 0x23CF, 0x35D7, 0x35B6,
  0x35F7, 0x3DF7, 0x3DF8, 0x3DF7, 0x35B6, 0x35B7, 0x35D7, 0x35B7, 0x35D7, 0x35D7, 0x35D7, 0x35D7,
  0x35B7, 0x35B7, 0x2D96, 0x2D96, 0x2DB6, 0x2DB7, 0x35B7, 0x35D7, 0x35D7, 0x35D7, 0x35D7, 0x35D7,
  0x35D7, 0x2DD7, 0x2DB7, 0x2DD7, 0x2DD7, 0x35D7, 0x35D7, 0x35F7, 0x35D7, 0x3DD7, 0x35D7, 0x35F7,
  0x35D7, 0x35D7, 0x35D7, 0x35D7, 0x35D7, 0x35D7, 0x35F7, 0x35F8, 0x35F8, 0x35F8, 0x3618, 0x3618,
  0x3E18, 0x3E18, 0x3E18, 0x3618, 0x3618, 0x3618, 0x3618, 0x3639, 0x3555, 0x01A7, 0x0021, 0x1209,
  0x35B7, 0x24F4, 0x3535, 0x2D35, 0x2E18, 0x2DD7, 0x2E39, 0x2E5A, 0x2E19, 0x2E39, 0x2E7A, 0x2E7A,
  0x2F7D, 0x26BB, 0x020A, 0x0062, 0x0042, 0x0021, 0x0021, 0x0042, 0x0042, 0x0042, 0x0063, 0x0063,
  0x10E5, 0x0165, 0x1D71, 0x3FFA, 0x1D91, 0x02A9, 0x01A6, 0x00C4, 0x00A4, 0x0084, 0x0063, 0x0042,
  0x00A4, 0x00A4, 0x0062, 0x0104, 0x0083, 0x0063, 0x0907, 0x1129, 0x1909, 0x18EA, 0x10E9, 0x0086,
  0x0085, 0x1107, 0x10E7, 0x1908, 0x1109, 0x08E9, 0x08A8, 0x08CA, 0x112E, 0x21D0, 0x32D3, 0x64D9,
  0x759B, 0x5437, 0x2211, 0x112E, 0x190D, 0x190B, 0x190A, 0x10EA, 0x10E9, 0x190A, 0x08A7, 0x2A6B,
  0x29E9, 0x0000, 0x0001, 0x0001, 0x0001, 0x0021, 0x0001, 0x0022, 0x0883, 0x0883, 0x0001, 0x08A4,
  0x0042, 0x0084, 0x1189, 0x1189, 0x11A9, 0x11A9, 0x11A9, 0x11A9, 0x1189, 0x1168, 0x1188, 0x1148,
  0x1106, 0x3189, 0x3968, 0x3127, 0x71E7, 0x81A5, 0x4083, 0x8248, 0x28C4, 0x0022, 0x0884, 0x18C5,
  0x2925, 0x0883, 0x1084, 0x40C4, 0x8144, 0xE42A, 0x9124, 0x6023, 0x5843, 0x5843, 0x3043, 0x28E6,
  0x0863, 0x00A4, 0x08C5, 0x08C5, 0x00A4, 0x00A5, 0x08E5, 0x0084, 0x0084, 0x0063, 0x0042, 0x0022,
  0x0022, 0x0001, 0x48EA, 0x38CA, 0x02AD, 0x37BF, 0x0BCF, 0x00C4, 0x00E5, 0x00A3, 0x0042, 0x0021,
  0x0001, 0x0001, 0x0001, 0x0001, 0x0801, 0x0001, 0x0000, 0x0000, 0x1907, 0x6454, 0x7C94, 0x0821,
  0x0842, 0x320B, 0x9352, 0x4907, 0x0801, 0x1002, 0x0802, 0x0801, 0x0001, 0x0000, 0x0000, 0x0021,
  0x0042, 0x0083, 0x0083, 0x0083, 0x0083, 0x0083, 0x0063, 0x0063, 0x0063, 0x0063, 0x0083, 0x00A4,
  0x00E5, 0x00E5, 0x00E5, 0x00E4, 0x00C4, 0x00C4, 0x00E5, 0x00E5, 0x00C5, 0x00C4, 0x00E4, 0x00E5,
  0x00E5, 0x00E5, 0x00E5, 0x00E5, 0x00E5, 0x00E5, 0x00E5, 0x00E5, 0x0105, 0x00E5, 0x00E5, 0x00E5,
  0x0105, 0x0105, 0x0105, 0x00E5, 0x00E5, 0x00E5, 0x00E5, 0x00E5, 0x00E5, 0x00E5, 0x00E5, 0x00E5,
  0x0105, 0x00E5, 0x00E5, 0x00E5, 0x00E4, 0x00E5, 0x0105, 0x0105, 0x0105, 0x0105, 0x0105, 0x0105,
  0x0105, 0x0125, 0x0105, 0x0105, 0x0105, 0x0105, 0x0105, 0x0105, 0x00A3, 0x0062, 0x0042, 0x0062,
  0x00A4, 0x00E4, 0x0105, 0x0125, 0x0105, 0x0125, 0x0167, 0x0167, 0x0105, 0x0105, 0x0166, 0x0146,
  0x0B4E, 0x27BE, 0x0B4E, 0x0062, 0x0062, 0x0021, 0x0021, 0x0021, 0x0022, 0x0063, 0x0062, 0x0042,
  0x08C5, 0x00A3, 0x0228, 0x13ED, 0x02A9, 0x01C7, 0x0946, 0x00C5, 0x00A4, 0x0084, 0x0063, 0x0063,
  0x08E5, 0x00C4, 0x0063, 0x0083, 0x00A5, 0x1107, 0x1149, 0x10E9, 0x08C8, 0x0887, 0x0886, 0x0085,
  0x1949, 0x198A, 0x08C7, 0x08C7, 0x08C8, 0x08C9, 0x00AA, 0x21F0, 0x5418, 0x757B, 0x757A, 0x4396,
  0x21D0, 0x194E, 0x190C, 0x10EA, 0x10C9, 0x10C9, 0x10C9, 0x10C9, 0x10C9, 0x18E9, 0x0887, 0x220A,
  0x1987, 0x0000, 0x0001, 0x0001, 0x0001, 0x0022, 0x0001, 0x0862, 0x0883, 0x0062, 0x0002, 0x08A5,
  0x0022, 0x08A5, 0x19AA, 0x11A9, 0x0968, 0x11A9, 0x19EA, 0x1189, 0x1189, 0x1168, 0x1168, 0x19A9,
  0x1968, 0x1906, 0x3968, 0x3948, 0x69A6, 0xCBAA, 0x69C6, 0x5946, 0x28C4, 0x0042, 0x0884, 0x18C4,
  0x3125, 0x0863, 0x1083, 0x48C4, 0x89A5, 0xE4AB, 0x9165, 0x60C6, 0x48C6, 0x40E6, 0x20A5, 0x20E7,
  0x0063, 0x00A4, 0x08A5, 0x08C5, 0x00A4, 0x00A5, 0x08C5, 0x10A4, 0x0084, 0x0043, 0x0022, 0x0042,
  0x0042, 0x0021, 0x0823, 0x0824, 0x0ACD, 0x479E, 0x02AB, 0x0082, 0x0083, 0x0042, 0x0042, 0x0001,
  0x0001, 0x0022, 0x0022, 0x0042, 0x0043, 0x0042, 0x0042, 0x0001, 0x2968, 0x2A6B, 0x19C8, 0x0000,
  0x0863, 0x2A0B, 0x3A0B, 0x0843, 0x0022, 0x0864, 0x0084, 0x0063, 0x0022, 0x0001, 0x0021, 0x0021,
  0x0042, 0x0063, 0x0063, 0x0063, 0x0063, 0x0063, 0x0063, 0x0063, 0x0042, 0x0042, 0x0063, 0x0083,
  0x00A4, 0x00A4, 0x0083, 0x0063, 0x0063, 0x0083, 0x00A4, 0x00A4, 0x00A4, 0x0083, 0x0062, 0x0062,
  0x0082, 0x0083, 0x0083, 0x0083, 0x0083, 0x0083, 0x0083, 0x0063, 0x0063, 0x0062, 0x0062, 0x0062,
  0x0062, 0x0062, 0x0083, 0x0083, 0x0083, 0x0062, 0x0062, 0x0042, 0x0042, 0x0042, 0x0062, 0x0062,
  0x0062, 0x0062, 0x0062, 0x0062, 0x0062, 0x0062, 0x0062, 0x0062, 0x0062, 0x0062, 0x0062, 0x0062,
  0x0062, 0x0062, 0x0062, 0x0062, 0x0062, 0x0062, 0x0062, 0x0062, 0x0042, 0x0021, 0x0021, 0x0021,
  0x0021, 0x0042, 0x0062, 0x0062, 0x0083, 0x0082, 0x0062, 0x0062, 0x0062, 0x0082, 0x00A3, 0x00C4,
  0x01C8, 0x375D, 0x0B6E, 0x0042, 0x0062, 0x0021, 0x0021, 0x0042, 0x0042, 0x0042, 0x0042, 0x0043,
  0x10E7, 0x1086, 0x0886, 0x08C7, 0x1107, 0x0106, 0x0906, 0x00C5, 0x0084, 0x0084, 0x0083, 0x0063,
  0x0906, 0x00E5, 0x00A5, 0x1107, 0x1128, 0x0908, 0x1128, 0x00C7, 0x08C8, 0x08C8, 0x10E9, 0x1108,
  0x1949, 0x194A, 0x08C8, 0x08C9, 0x08CA, 0x222F, 0x5C77, 0x6D3A, 0x6CD9, 0x4335, 0x2190, 0x214E,
  0x190C, 0x216D, 0x10EA, 0x10C9, 0x10E9, 0x10C9, 0x08C8, 0x08A8, 0x212A, 0x210A, 0x0086, 0x19A8,
  0x10E5, 0x0000, 0x0021, 0x0001, 0x0022, 0x0022, 0x0001, 0x0062, 0x0021, 0x0021, 0x0022, 0x08A5,
  0x0042, 0x0043, 0x1127, 0x1A2B, 0x11C9, 0x0989, 0x11CA, 0x19A9, 0x11A9, 0x19C9, 0x1168, 0x1989,
  0x21A9, 0x2127, 0x3127, 0x3948, 0x7208, 0xDCCE, 0x7247, 0x40C5, 0x28C5, 0x0063, 0x0083, 0x18A4,
  0x3946, 0x0863, 0x1084, 0x4084, 0x9A67, 0xE4AC, 0x7883, 0x5884, 0x4864, 0x38A5, 0x2084, 0x2907,
  0x0863, 0x0083, 0x08A5, 0x00A5, 0x0084, 0x00A5, 0x00A4, 0x0042, 0x0083, 0x0083, 0x0042, 0x0062,
  0x0022, 0x0001, 0x0842, 0x3869, 0x4AB4, 0x4FBF, 0x02AB, 0x0041, 0x0041, 0x0021, 0x0062, 0x00E5,
  0x0126, 0x0167, 0x0167, 0x09C9, 0x09C9, 0x09C9, 0x09C9, 0x0146, 0x08C5, 0x426C, 0x6BD1, 0x1105,
  0x0063, 0x21C9, 0x4BB0, 0x11A8, 0x0988, 0x0A0B, 0x0A2B, 0x0A2B, 0x0188, 0x0083, 0x0042, 0x0063,
  0x0126, 0x01C9, 0x01C9, 0x01C9, 0x01C9, 0x01C9, 0x01A8, 0x0188, 0x0146, 0x00C5, 0x0167, 0x01C9,
  0x09C8, 0x0187, 0x00A3, 0x0021, 0x0042, 0x0105, 0x0187, 0x01A8, 0x01C8, 0x0104, 0x1022, 0x2023,
  0x2824, 0x2824, 0x3025, 0x3025, 0x3025, 0x3025, 0x2824, 0x1802, 0x0001, 0x0000, 0x1001, 0x2003,
  0x2803, 0x2803, 0x1002, 0x0001, 0x0001, 0x0801, 0x2803, 0x2803, 0x2803, 0x1802, 0x1001, 0x2002,
  0x2003, 0x2003, 0x2804, 0x3004, 0x3004, 0x3004, 0x3004, 0x1001, 0x0000, 0x0000, 0x0000, 0x2003,
  0x2803, 0x2803, 0x2804, 0x2804, 0x3004, 0x3004, 0x3004, 0x1802, 0x0000, 0x0000, 0x0801, 0x2003,
  0x2804, 0x2003, 0x0801, 0x0001, 0x0001, 0x1002, 0x2803, 0x2803, 0x2003, 0x0801, 0x0021, 0x0062,
  0x01E8, 0x377D, 0x0B6E, 0x0062, 0x00A3, 0x0987, 0x0126, 0x0042, 0x0022, 0x0063, 0x0042, 0x0063,
  0x1908, 0x394D, 0x414F, 0x4950, 0x49B0, 0x1129, 0x00C6, 0x00A5, 0x00A5, 0x0084, 0x0084, 0x00A5,
  0x0907, 0x0907, 0x0908, 0x1128, 0x08E8, 0x08E8, 0x1108, 0x08C7, 0x08C8, 0x192B, 0x192A, 0x0887,
  0x08A8, 0x216D, 0x218E, 0x32D2, 0x64F8, 0x6D7A, 0x5417, 0x3272, 0x190E, 0x192D, 0x192C, 0x190B,
  0x10E9, 0x214C, 0x10C8, 0x10C8, 0x10C9, 0x08A8, 0x10E8, 0x10C8, 0x18E8, 0x10C8, 0x10C8, 0x1147,
  0x08A3, 0x0000, 0x0001, 0x0001, 0x0022, 0x0022, 0x0021, 0x0063, 0x0021, 0x0001, 0x0022, 0x08A4,
  0x0042, 0x0042, 0x0063, 0x1188, 0x1A0A, 0x11A9, 0x1168, 0x19A9, 0x19C9, 0x21CA, 0x19A9, 0x1989,
  0x1988, 0x2147, 0x3147, 0x3948, 0x30C5, 0x61C7, 0x5145, 0x40E5, 0x20C5, 0x0064, 0x0884, 0x18A4,
  0x3945, 0x0863, 0x1884, 0x50E4, 0x9A25, 0xBAC6, 0xA1C5, 0xA205, 0x99E6, 0x6905, 0x2884, 0x3128,
  0x0884, 0x00A4, 0x0084, 0x00A4, 0x0084, 0x0084, 0x0083, 0x0022, 0x0042, 0x0863, 0x0822, 0x586A,
  0x5048, 0x0000, 0x1002, 0x9113, 0x8AFB, 0x4F9F, 0x02AB, 0x0021, 0x0042, 0x0001, 0x1A6B, 0x3E7A,
  0x1CD4, 0x2D36, 0x4679, 0x3E59, 0x3EBB, 0x3EBA, 0x4EFB, 0x2CD4, 0x0168, 0x1167, 0x1188, 0x1AAC,
  0x45B7, 0x2C93, 0x2472, 0x35B7, 0x471C, 0x3EFC, 0x3F1C, 0x471C, 0x5EDB, 0x1A8B, 0x0105, 0x0A4A,
  0x4638, 0x46FB, 0x3EBA, 0x3EDA, 0x46DA, 0x46BA, 0x3E79, 0x3E59, 0x5638, 0x0A2A, 0x3CF5, 0x571C,
  0x4EBA, 0x5639, 0x09C8, 0x00A3, 0x00A4, 0x234E, 0x4EBA, 0x3E59, 0x4F1C, 0x2BEF, 0x4067, 0xA0EF,
  0x88AD, 0x90CD, 0x98CE, 0xA0CF, 0xA0CE, 0x98CE, 0x98CE, 0x98EE, 0x3005, 0x0000, 0x5067, 0xA8EF,
  0x908E, 0xA0CF, 0x70AA, 0x0801, 0x0001, 0x4847, 0xB0D1, 0xA88F, 0xB0D0, 0x788B, 0x5026, 0xA0CE,
  0x908C, 0xB0CF, 0xB0CF, 0x98AD, 0x98AE, 0x98AD, 0x98CE, 0x90CD, 0x2803, 0x0000, 0x3845, 0xA0CE,
  0x908D, 0x98CD, 0x90AC, 0x98AD, 0xA0CE, 0xA0CE, 0xA8CF, 0xA0CE, 0x3004, 0x0801, 0x5047, 0xA0AF,
  0x988E, 0xA0EF, 0x5068, 0x0001, 0x0801, 0x708A, 0xA8CF, 0xA8AE, 0xA8EF, 0x3825, 0x0021, 0x0062,
  0x01E8, 0x3F9E, 0x138F, 0x0083, 0x0083, 0x2411, 0x1AED, 0x00A4, 0x1ACD, 0x00C5, 0x0063, 0x0084,
  0x08A5, 0x0065, 0x10A7, 0x0887, 0x08C7, 0x00E7, 0x00C5, 0x0085, 0x00A5, 0x00A5, 0x00A5, 0x00A5,
  0x0907, 0x0908, 0x08E8, 0x08E8, 0x08A7, 0x1129, 0x08E7, 0x08C7, 0x110A, 0x10EB, 0x10EA, 0x10EA,
  0x396E, 0x31AD, 0x5BB2, 0x7538, 0x4BB5, 0x21D0, 0x190D, 0x190C, 0x190C, 0x190B, 0x10EA, 0x10E9,
  0x18E9, 0x212A, 0x10A8, 0x18E8, 0x1909, 0x18C8, 0x310A, 0x1887, 0x1887, 0x18C8, 0x10A7, 0x08A5,
  0x08C4, 0x0000, 0x0001, 0x0001, 0x0022, 0x0001, 0x0022, 0x0063, 0x0001, 0x0001, 0x0022, 0x0084,
  0x0043, 0x0863, 0x0021, 0x0063, 0x1147, 0x1967, 0x0083, 0x08C4, 0x0883, 0x0063, 0x08A5, 0x2989,
  0x2948, 0x2927, 0x3148, 0x3147, 0x3127, 0x3126, 0x4967, 0x69E8, 0x1863, 0x0063, 0x08A5, 0x18C4,
  0x3945, 0x0863, 0x1863, 0x71A6, 0xE52E, 0xED6D, 0xED4D, 0xED2D, 0xF56D, 0xA247, 0x3064, 0x3128,
  0x08A5, 0x08C5, 0x0084, 0x0084, 0x0084, 0x0084, 0x0084, 0x0083, 0x0062, 0x0022, 0x1002, 0xA112,
  0xB914, 0x1803, 0x0822, 0x2806, 0x1A0E, 0x3F9F, 0x0A6A, 0x0021, 0x0042, 0x0022, 0x2390, 0x3FDF,
  0x0EDC, 0x0D57, 0x1C73, 0x1515, 0x1F9E, 0x1FBE, 0x1FBF, 0x2F9F, 0x24D4, 0x01A8, 0x0A6B, 0x36BA,
  0x27FF, 0x1FFF, 0x17DF, 0x17DF, 0x0FBF, 0x17DF, 0x17BF, 0x17BF, 0x57BE, 0x130D, 0x022A, 0x3E7A,
  0x27FF, 0x179E, 0x0F7E, 0x179E, 0x1F9E, 0x179E, 0x177E, 0x177D, 0x475D, 0x0AAC, 0x45F8, 0x37FF,
  0x1FBE, 0x3F3C, 0x126A, 0x0105, 0x0126, 0x2C31, 0x3FBE, 0x175D, 0x37FF, 0x2C72, 0x58AA, 0x98AE,
  0x5027, 0x4847, 0x4827, 0x4827, 0x5027, 0x4827, 0x5027, 0x908D, 0xA0CF, 0x2803, 0x686A, 0x988E,
  0x4807, 0x782B, 0x80AC, 0x0802, 0x0001, 0x6049, 0xA890, 0x882C, 0xC893, 0x906D, 0x6048, 0x908E,
  0x5807, 0x784A, 0x888C, 0x804B, 0x5807, 0x4806, 0x5807, 0x98AE, 0x98CF, 0x2803, 0x5047, 0x98AE,
  0x5007, 0x4806, 0x4806, 0x5027, 0x4806, 0x5007, 0x5807, 0xA8AF, 0x908E, 0x2003, 0x686A, 0x906D,
  0x5007, 0x886D, 0x688A, 0x0800, 0x0801, 0x88CD, 0x986E, 0x6809, 0xA8D0, 0x5067, 0x0000, 0x0062,
  0x01E8, 0x3F7D, 0x13AF, 0x0062, 0x0082, 0x0946, 0x0125, 0x00E5, 0x1ACD, 0x00E5, 0x0043, 0x0084,
  0x00A4, 0x0084, 0x00A4, 0x0084, 0x00A4, 0x00A5, 0x00A5, 0x0085, 0x00C6, 0x08C6, 0x00A6, 0x08E7,
  0x0908, 0x08C8, 0x08E8, 0x1109, 0x08E9, 0x194B, 0x08C9, 0x190A, 0x18EC, 0x10EC, 0x194E, 0x18EB,
  0x20A9, 0x1066, 0x0022, 0x08A6, 0x194C, 0x190C, 0x190B, 0x10EA, 0x18EA, 0x18EA, 0x10C8, 0x10C8,
  0x10C8, 0x2109, 0x10C8, 0x2109, 0x18E9, 0x18A7, 0x310A, 0x28A8, 0x616D, 0x40EB, 0x20A9, 0x18C7,
  0x0062, 0x0001, 0x0001, 0x0001, 0x0022, 0x0001, 0x0043, 0x0042, 0x0001, 0x0001, 0x0042, 0x08E5,
  0x0084, 0x0863, 0x0022, 0x0083, 0x0021, 0x0022, 0x0001, 0x08A4, 0x0021, 0x0001, 0x0864, 0x51C9,
  0x71C9, 0x3927, 0x3148, 0x3127, 0x3106, 0x2906, 0x2905, 0x51A7, 0x5186, 0x0862, 0x0084, 0x18C4,
  0x3925, 0x0863, 0x1883, 0x5905, 0x9185, 0x9164, 0x8924, 0x90C3, 0xCB07, 0xAAA7, 0x3064, 0x3128,
  0x0884, 0x08C5, 0x00A4, 0x0064, 0x0084, 0x0084, 0x0063, 0x0042, 0x0042, 0x0883, 0x0843, 0x3827,
  0x80CE, 0x2003, 0x0001, 0x0022, 0x0126, 0x13B0, 0x0187, 0x0021, 0x0022, 0x0043, 0x23B0, 0x3FBE,
  0x06FD, 0x271D, 0x1C32, 0x2412, 0x25B7, 0x16FC, 0x06DD, 0x073E, 0x47BE, 0x2BAF, 0x2C92, 0x37FF,
  0x079E, 0x0F9E, 0x179E, 0x1FBE, 0x27DF, 0x27DF, 0x27DF, 0x27DF, 0x57DE, 0x12CC, 0x3CF4, 0x37FF,
  0x077E, 0x179E, 0x1F5E, 0x1F9E, 0x1FBE, 0x1FBF, 0x1FBE, 0x1F9E, 0x4F5D, 0x128C, 0x3DB7, 0x27BE,
  0x175D, 0x3EFB, 0x12AC, 0x0147, 0x0A2A, 0x5638, 0x377E, 0x0F3D, 0x379E, 0x3493, 0x58AA, 0x80AC,
  0x4066, 0x3866, 0x5868, 0x606A, 0x688A, 0x5068, 0x3845, 0x4826, 0xA8AF, 0x786B, 0x704B, 0x908E,
  0x3005, 0x6029, 0x708B, 0x0801, 0x0000, 0x5848, 0x988E, 0x5007, 0xB892, 0x906D, 0x6028, 0x808C,
  0x3805, 0x3004, 0x4806, 0x988E, 0x888C, 0x4806, 0x3004, 0x4005, 0xA0AF, 0x706B, 0x5847, 0x908E,
  0x3805, 0x3004, 0x5007, 0x6029, 0x6029, 0x5028, 0x2804, 0x4005, 0xA8B0, 0x706A, 0x6849, 0x806C,
  0x2803, 0x686A, 0x708A, 0x0801, 0x0801, 0x88AD, 0x806C, 0x4005, 0x90AE, 0x5067, 0x0000, 0x0062,
  0x01C8, 0x3F7D, 0x13AF, 0x0062, 0x0062, 0x0001, 0x0021, 0x0042, 0x0022, 0x0043, 0x0043, 0x0063,
  0x00A4, 0x0084, 0x08E6, 0x08C5, 0x0084, 0x00A5, 0x0084, 0x00A5, 0x08C6, 0x08A6, 0x08C7, 0x1109,
  0x1109, 0x08C8, 0x08E9, 0x1109, 0x110A, 0x194D, 0x110C, 0x10ED, 0x218E, 0x5BF6, 0x8D9B, 0x3231,
  0x20CB, 0x1888, 0x0002, 0x0884, 0x196B, 0x18EB, 0x18EA, 0x10E9, 0x190A, 0x10E9, 0x10A8, 0x18E8,
  0x18E8, 0x20E8, 0x10A7, 0x2109, 0x18E8, 0x210A, 0x20C8, 0x20A7, 0x38A9, 0x590C, 0x79D1, 0x18A8,
  0x0042, 0x0001, 0x0001, 0x0002, 0x0022, 0x0002, 0x0063, 0x0042, 0x0001, 0x0001, 0x0022, 0x08C5,
  0x08A4, 0x0042, 0x0001, 0x08A4, 0x0022, 0x0000, 0x0022, 0x10C4, 0x0021, 0x0021, 0x0864, 0x71C8,
  0xCA8A, 0x7147, 0x4948, 0x3127, 0x28E6, 0x2906, 0x2906, 0x3106, 0x59E8, 0x4125, 0x18A4, 0x18C4,
  0x3125, 0x0863, 0x1063, 0x30A4, 0x48A5, 0x4885, 0x5085, 0x7084, 0xD348, 0x91C6, 0x2884, 0x3128,
  0x10E5, 0x08A4, 0x0063, 0x0084, 0x0063, 0x0064, 0x0063, 0x0021, 0x0062, 0x0063, 0x0042, 0x10A4,
  0x1844, 0x0802, 0x0001, 0x0001, 0x0946, 0x3473, 0x0126, 0x0001, 0x0022, 0x0063, 0x23D0, 0x3FBE,
  0x071D, 0x2F7E, 0x2D15, 0x44D4, 0x3CD4, 0x2E18, 0x173E, 0x075E, 0x3FFF, 0x34B3, 0x3514, 0x37FF,
  0x077E, 0x37BE, 0x56DB, 0x4639, 0x4619, 0x4619, 0x4DF9, 0x45D8, 0x4DB7, 0x0A8C, 0x45F7, 0x27FF,
  0x0F9F, 0x479E, 0x4E7A, 0x3DF9, 0x3DF9, 0x45F9, 0x45F9, 0x45D9, 0x4D76, 0x0A0A, 0x45D8, 0x2FBE,
  0x1F1B, 0x471C, 0x1B0D, 0x0A2A, 0x45D7, 0x479E, 0x273D, 0x275D, 0x5F7D, 0x338F, 0x58CA, 0x80CD,
  0x3826, 0x6069, 0xA910, 0x98CE, 0xA0EF, 0xA110, 0x6069, 0x3024, 0x6849, 0x886D, 0x804C, 0x988E,
  0x3805, 0x6029, 0x708B, 0x0801, 0x0000, 0x5848, 0x988E, 0x6009, 0xA06F, 0x908D, 0x6829, 0x888D,
  0x3004, 0x4807, 0xA0AE, 0x988E, 0x98AD, 0x90AD, 0x5027, 0x2804, 0x6009, 0x888D, 0x6849, 0x90AE,
  0x3805, 0x5827, 0xB0F0, 0xA0AE, 0xA0CF, 0xA0CE, 0x5027, 0x2003, 0x682A, 0x888D, 0x704A, 0x806C,
  0x2804, 0x706B, 0x788B, 0x1001, 0x1001, 0x88AD, 0x786B, 0x3805, 0x98AE, 0x5068, 0x0000, 0x0062,
  0x01C8, 0x3F5D, 0x13AF, 0x0042, 0x0001, 0x0021, 0x0021, 0x0022, 0x0042, 0x0022, 0x0042, 0x0063,
  0x0084, 0x0084, 0x08E6, 0x08E6, 0x0064, 0x0084, 0x0064, 0x00A6, 0x08C7, 0x08A7, 0x08C8, 0x110A,
  0x10EA, 0x08A8, 0x10EA, 0x110C, 0x10EC, 0x194F, 0x21F0, 0x6C77, 0x85BB, 0x753A, 0x4355, 0x2190,
  0x4971, 0x40EC, 0x0002, 0x08A4, 0x196B, 0x10EA, 0x10E9, 0x10C8, 0x190A, 0x10E9, 0x10A7, 0x18E8,
  0x10C8, 0x10C7, 0x10C7, 0x1909, 0x2109, 0x2109, 0x10A7, 0x0865, 0x20A8, 0x698F, 0x30C9, 0x1086,
  0x0042, 0x0001, 0x0001, 0x0001, 0x0001, 0x0001, 0x0883, 0x0022, 0x0021, 0x0001, 0x0022, 0x08E5,
  0x0884, 0x08A5, 0x1107, 0x08A4, 0x0021, 0x0001, 0x0042, 0x10E4, 0x0021, 0x0021, 0x1064, 0x79E9,
  0xC248, 0xBA89, 0x89C8, 0x4106, 0x3927, 0x2906, 0x2906, 0x3147, 0x3127, 0x4167, 0x28E5, 0x18C4,
  0x3125, 0x0863, 0x0863, 0x28C5, 0x38E6, 0x48E6, 0x60C5, 0x91A5, 0xD3CA, 0x60C4, 0x2084, 0x28E7,
  0x5B0C, 0x3A07, 0x0042, 0x0084, 0x0084, 0x0064, 0x0063, 0x0042, 0x0062, 0x0062, 0x0042, 0x08A4,
  0x0042, 0x0021, 0x0021, 0x0021, 0x00E5, 0x0A8C, 0x00E4, 0x0021, 0x0022, 0x0064, 0x23F1, 0x3FBE,
  0x075E, 0x37BE, 0x2C11, 0x01C9, 0x01A8, 0x2432, 0x279E, 0x075E, 0x3FFF, 0x2C92, 0x3514, 0x37DF,
  0x077D, 0x4FDF, 0x2C73, 0x026D, 0x024C, 0x020C, 0x01EB, 0x01A9, 0x01CA, 0x01A9, 0x45F7, 0x2FFF,
  0x0F9F, 0x471D, 0x1350, 0x022D, 0x0A4D, 0x0A2D, 0x0A0C, 0x09CA, 0x0989, 0x0168, 0x4DD8, 0x2FBE,
  0x1F3C, 0x4EFB, 0x1BAF, 0x45D7, 0x3F9D, 0x171C, 0x1F1D, 0x4F9E, 0x34B3, 0x0105, 0x60CA, 0x80AD,
  0x3826, 0x706A, 0x888D, 0x3805, 0x3004, 0x808C, 0x90EE, 0x3004, 0x684A, 0x908D, 0x884C, 0x988E,
  0x3805, 0x6029, 0x708B, 0x0801, 0x0000, 0x5848, 0xA0AF, 0x4807, 0x906D, 0x988E, 0x6829, 0x888D,
  0x3004, 0x5828, 0x908D, 0x2803, 0x1802, 0x6849, 0x90AE, 0x3004, 0x5829, 0x908D, 0x7049, 0x90AE,
  0x3805, 0x6029, 0x908C, 0x3003, 0x2002, 0x6849, 0x808C, 0x2804, 0x684A, 0x888D, 0x784B, 0x806C,
  0x2804, 0x786B, 0x808C, 0x1802, 0x2002, 0x90AD, 0x686B, 0x3005, 0x98AE, 0x5868, 0x0000, 0x0062,
  0x01C7, 0x3F3C, 0x0B8E, 0x1864, 0x50A9, 0x0001, 0x0021, 0x0022, 0x0022, 0x0022, 0x0022, 0x0042,
  0x0042, 0x0063, 0x00C5, 0x00C5, 0x0064, 0x0084, 0x0085, 0x08A7, 0x08C8, 0x08C9, 0x10EA, 0x08C9,
  0x08A9, 0x190C, 0x192E, 0x110D, 0x3292, 0x6CB8, 0x8DDB, 0x6479, 0x32B4, 0x1970, 0x110D, 0x10CA,
  0x492E, 0x48ED, 0x0001, 0x08A4, 0x194A, 0x18C9, 0x18C8, 0x10C8, 0x18E9, 0x10C8, 0x10A7, 0x10C7,
  0x10C7, 0x10C8, 0x10C8, 0x20E9, 0x18A8, 0x310A, 0x20EA, 0x10C8, 0x10A7, 0x2087, 0x0866, 0x20E8,
  0x0021, 0x0001, 0x0001, 0x0001, 0x0001, 0x0001, 0x0883, 0x0001, 0x0022, 0x0001, 0x0042, 0x08E5,
  0x0863, 0x08C7, 0x29EE, 0x1148, 0x0042, 0x0000, 0x0042, 0x10C4, 0x0001, 0x0022, 0x1063, 0x8209,
  0xB228, 0x8945, 0xB269, 0x91E7, 0x5106, 0x3106, 0x2906, 0x3147, 0x3167, 0x3147, 0x0884, 0x20E5,
  0x2905, 0x0884, 0x0884, 0x28C5, 0x40C6, 0x58A5, 0x78E4, 0xD44B, 0xA287, 0x50A5, 0x28A5, 0x20C6,
  0x8430, 0x73AC, 0x0001, 0x08A4, 0x0084, 0x0064, 0x0063, 0x0042, 0x0063, 0x0062, 0x0042, 0x0083,
  0x0042, 0x0021, 0x0022, 0x2807, 0x21CE, 0x35F9, 0x01C8, 0x0020, 0x0042, 0x0064, 0x23F0, 0x3FBE,
  0x073D, 0x3FDF, 0x2C31, 0x0146, 0x0105, 0x12ED, 0x2F7D, 0x075E, 0x3FDF, 0x2C93, 0x3514, 0x37DE,
  0x077D, 0x47BE, 0x23D1, 0x0189, 0x0147, 0x0107, 0x0106, 0x00A4, 0x00C5, 0x0147, 0x3D96, 0x2F7E,
  0x0EBC, 0x3E7A, 0x028C, 0x0148, 0x0127, 0x0107, 0x00E6, 0x00E5, 0x00C4, 0x0127, 0x55F8, 0x3F9E,
  0x0E39, 0x36DA, 0x4638, 0x3F5C, 0x1F1C, 0x1F1D, 0x479E, 0x3D55, 0x01C8, 0x0884, 0x60AA, 0x80AD,
  0x3806, 0x706B, 0x888C, 0x2003, 0x2003, 0x706A, 0x88CD, 0x2804, 0x684A, 0x908D, 0x884C, 0x908E,
  0x3005, 0x682A, 0x78AC, 0x0802, 0x0000, 0x5848, 0x988E, 0x3805, 0x682A, 0xA0AF, 0x7049, 0x888D,
  0x3004, 0x5828, 0x88AD, 0x1002, 0x0000, 0x5868, 0x88AE, 0x3005, 0x6029, 0x98AE, 0x5807, 0x786C,
  0x4006, 0x6829, 0x808C, 0x1002, 0x0000, 0x5048, 0x808D, 0x3005, 0x684A, 0x886D, 0x806B, 0x886D,
  0x3004, 0x5828, 0xA8CF, 0x4005, 0x6028, 0xA0CF, 0x4026, 0x3004, 0x90AD, 0x5868, 0x0000, 0x0062,
  0x01A7, 0x3F1C, 0x0B6D, 0x1064, 0x40E9, 0x0863, 0x0042, 0x0021, 0x0022, 0x0022, 0x0042, 0x0062,
  0x0042, 0x0042, 0x08E5, 0x08E6, 0x0085, 0x00A5, 0x00A6, 0x08C8, 0x10CA, 0x08CA, 0x10EB, 0x10EC,
  0x10EC, 0x194F, 0x3AB3, 0x7519, 0x85BB, 0x5C78, 0x3294, 0x1991, 0x192E, 0x192C, 0x190A, 0x10C8,
  0x512E, 0x48ED, 0x0002, 0x0043, 0x516D, 0x6190, 0x18A8, 0x10C7, 0x10C8, 0x18E8, 0x10C7, 0x10C7,
  0x10C7, 0x10C7, 0x10A7, 0x496C, 0x59AF, 0x494D, 0x290A, 0x08A7, 0x38EA, 0x79B0, 0x40EB, 0x18A8,
  0x0021, 0x0001, 0x0001, 0x0022, 0x0021, 0x0022, 0x0883, 0x0021, 0x0022, 0x0022, 0x0063, 0x08E5,
  0x0063, 0x08C7, 0x112A, 0x198A, 0x1947, 0x0021, 0x0042, 0x08A3, 0x0001, 0x0022, 0x1064, 0x8A09,
  0xBA48, 0x7126, 0x7946, 0xA208, 0xAA28, 0x6105, 0x4126, 0x3147, 0x3167, 0x2967, 0x08A4, 0x20E5,
  0x2905, 0x0884, 0x1084, 0x38C4, 0x6904, 0x9205, 0xDCAB, 0xCBEA, 0x68E4, 0x48E6, 0x28C5, 0x28C6,
  0x7C0F, 0x6B4B, 0x0001, 0x08A4, 0x0084, 0x0084, 0x0063, 0x0042, 0x0883, 0x0042, 0x0022, 0x0042,
  0x0041, 0x0021, 0x0803, 0x8832, 0x927C, 0x475F, 0x0249, 0x0021, 0x0042, 0x0063, 0x23F0, 0x3F7D,
  0x071D, 0x3FDF, 0x2BF0, 0x0105, 0x00E5, 0x236F, 0x3EFC, 0x06FC, 0x3FDE, 0x2C92, 0x3534, 0x3FDE,
  0x071C, 0x3F5D, 0x5E19, 0x3D36, 0x3D15, 0x4D14, 0x2B4D, 0x0062, 0x0083, 0x0126, 0x3D76, 0x271D,
  0x0E7B, 0x3EDC, 0x4DB7, 0x4535, 0x44F4, 0x44D4, 0x4D14, 0x3C11, 0x0126, 0x0147, 0x55F8, 0x365A,
  0x0CD5, 0x269A, 0x2F1B, 0x1678, 0x16FB, 0x375D, 0x4E18, 0x01E9, 0x00A4, 0x0022, 0x60AA, 0x88AD,
  0x3005, 0x686A, 0xA8F0, 0x88AD, 0x80AC, 0xA0EF, 0x78CB, 0x2003, 0x708A, 0x888C, 0x784B, 0x908E,
  0x3805, 0x682A, 0x80AD, 0x1002, 0x0000, 0x5848, 0x98AE, 0x3005, 0x682A, 0x98AE, 0x7049, 0x908D,
  0x3005, 0x6029, 0x90AD, 0x1802, 0x0000, 0x5868, 0x90CE, 0x3005, 0x702A, 0xA0AF, 0x784A, 0x90AE,
  0x4026, 0x708B, 0x88AC, 0x1001, 0x0000, 0x5047, 0x888D, 0x3005, 0x684A, 0x888D, 0x704A, 0xB0D0,
  0x5007, 0x2803, 0x6849, 0xA08E, 0xA8AF, 0x5828, 0x2002, 0x5007, 0xA8CF, 0x3825, 0x0020, 0x0062,
  0x01A7, 0x3F3C, 0x136E, 0x0042, 0x130D, 0x1B4E, 0x0021, 0x0000, 0x0021, 0x0021, 0x0062, 0x0063,
  0x0062, 0x0043, 0x08C5, 0x08E7, 0x08C6, 0x00A6, 0x00A7, 0x08A9, 0x10EB, 0x10EC, 0x10ED, 0x2190,
  0x3AB3, 0x8DBB, 0x8DDC, 0x4BB6, 0x118F, 0x08ED, 0x194E, 0x216E, 0x192C, 0x192B, 0x10E9, 0x08A8,
  0x512D, 0x40EC, 0x0002, 0x0001, 0x81F0, 0x9A54, 0x2088, 0x10C8, 0x10C8, 0x18C8, 0x10A7, 0x10C7,
  0x10A7, 0x10C7, 0x18C8, 0x392B, 0x412B, 0x20A8, 0x18A8, 0x10C8, 0x596E, 0x99F3, 0x30CA, 0x0066,
  0x0022, 0x0022, 0x0042, 0x0042, 0x0022, 0x0063, 0x08C4, 0x0022, 0x0022, 0x0043, 0x0084, 0x10E5,
  0x0043, 0x08C8, 0x114A, 0x1149, 0x2167, 0x0042, 0x0022, 0x0883, 0x0021, 0x0842, 0x1063, 0x8A08,
  0xBA68, 0x89A8, 0x7987, 0x7946, 0x99C7, 0xC2A9, 0x8166, 0x4907, 0x3127, 0x2126, 0x0884, 0x20E5,
  0x2905, 0x0884, 0x1063, 0x5945, 0xDCAC, 0xED0C, 0xBB48, 0x7905, 0x5106, 0x4106, 0x28C5, 0x20C6,
  0x6BCF, 0x636C, 0x0021, 0x00A4, 0x0084, 0x0083, 0x0062, 0x0042, 0x08A3, 0x0042, 0x0042, 0x0042,
  0x0021, 0x0021, 0x1003, 0xA014, 0xA27D, 0x4F5E, 0x0A6A, 0x0041, 0x0042, 0x0043, 0x23D0, 0x4F9D,
  0x1EFC, 0x3FBE, 0x238E, 0x00C4, 0x00C4, 0x2BF0, 0x3E5A, 0x0494, 0x4F3D, 0x2C92, 0x3535, 0x375D,
  0x0E3A, 0x26BC, 0x3F3D, 0x377E, 0x2E5B, 0x46BB, 0x5534, 0x0062, 0x0083, 0x00E5, 0x4D96, 0x377E,
  0x16BC, 0x269B, 0x3F3D, 0x37BE, 0x3FBE, 0x3F7E, 0x3F9E, 0x5F9D, 0x1B4D, 0x0168, 0x55F8, 0x2D16,
  0x0B30, 0x24B6, 0x2598, 0x25D9, 0x1E7A, 0x473C, 0x2411, 0x0146, 0x0083, 0x0021, 0x6089, 0x808C,
  0x3025, 0x3025, 0x5848, 0x80AC, 0x88AC, 0x6889, 0x4046, 0x4867, 0x88AC, 0x5007, 0x706B, 0x888D,
  0x2003, 0x6049, 0x80AD, 0x1002, 0x0800, 0x5848, 0x98AE, 0x3805, 0x6049, 0x90AD, 0x7049, 0x988E,
  0x3805, 0x5849, 0x90CE, 0x1802, 0x0000, 0x5868, 0xA0D0, 0x3806, 0x5829, 0x98AE, 0x884B, 0xA8D0,
  0x2804, 0x5048, 0x80AD, 0x1001, 0x0000, 0x5048, 0x888D, 0x2003, 0x6049, 0x80AD, 0x3003, 0x908D,
  0xA88F, 0x2803, 0x1001, 0x6069, 0x5048, 0x1001, 0x2803, 0xA8B0, 0x806B, 0x1001, 0x0021, 0x0062,
  0x01A7, 0x3F3C, 0x0B6E, 0x0146, 0x34D4, 0x128B, 0x0822, 0x4067, 0x2024, 0x0001, 0x0062, 0x0062,
  0x0083, 0x0063, 0x08E6, 0x08E7, 0x08C7, 0x08C8, 0x08A9, 0x08AA, 0x08CC, 0x19AF, 0x5BF6, 0x74D9,
  0x3AB2, 0x5394, 0x2210, 0x110C, 0x110B, 0x192A, 0x194B, 0x192B, 0x192B, 0x190A, 0x190A, 0x18E9,
  0x514E, 0x48EB, 0x0001, 0x0000, 0x8A70, 0xC317, 0x3069, 0x10C7, 0x18C8, 0x10C7, 0x10A7, 0x10C8,
  0x10E8, 0x18E8, 0x10C7, 0x1086, 0x30E9, 0x516E, 0x28EA, 0x0887, 0x20A8, 0x28CA, 0x1887, 0x1887,
  0x0022, 0x0022, 0x0063, 0x0042, 0x0022, 0x08A4, 0x08A4, 0x0001, 0x0022, 0x0063, 0x0084, 0x08C4,
  0x0043, 0x1109, 0x114A, 0x1149, 0x1967, 0x0021, 0x0022, 0x0063, 0x0021, 0x0842, 0x1064, 0x8A49,
  0xBA89, 0x7925, 0x9A68, 0xA2C9, 0x8166, 0xA1E7, 0xC289, 0x91A7, 0x5126, 0x28E5, 0x0062, 0x18C5,
  0x18C4, 0x0883, 0x1063, 0x48C4, 0x89C5, 0x8964, 0x6883, 0x50C5, 0x40C5, 0x40C5, 0x30A5, 0x3128,
  0x2167, 0x1125, 0x0063, 0x00A4, 0x0084, 0x0083, 0x0062, 0x0042, 0x08A3, 0x0062, 0x0021, 0x0021,
  0x0021, 0x0020, 0x0803, 0xA034, 0xAAFE, 0x579F, 0x0A8B, 0x0041, 0x0041, 0x0022, 0x23D0, 0x4639,
  0x0CD5, 0x477E, 0x238E, 0x00A3, 0x00A4, 0x2BD0, 0x3F1D, 0x0434, 0x2C93, 0x2431, 0x3514, 0x377E,
  0x1E5B, 0x14F6, 0x04B5, 0x04D5, 0x0474, 0x2E19, 0x44D3, 0x0062, 0x0062, 0x0083, 0x2B4E, 0x577D,
  0x2EBC, 0x0C74, 0x0454, 0x0D98, 0x0D16, 0x0495, 0x03F3, 0x2DD8, 0x66DA, 0x0A6B, 0x4DB7, 0x2C94,
  0x0A4C, 0x1310, 0x13B3, 0x13F4, 0x1CD7, 0x25F9, 0x56DB, 0x128B, 0x0083, 0x0022, 0x5889, 0x708B,
  0x2024, 0x1002, 0x2003, 0x5027, 0x4006, 0x2804, 0x1802, 0x6089, 0x98CE, 0x4005, 0x706B, 0x708B,
  0x0000, 0x4847, 0x88CE, 0x1002, 0x0800, 0x5848, 0x90CD, 0x1802, 0x3825, 0x90AD, 0x7049, 0x88AD,
  0x1002, 0x3826, 0x88CD, 0x1002, 0x0000, 0x5868, 0x88CD, 0x1003, 0x4027, 0xA0CF, 0x804B, 0xA0D0,
  0x5028, 0x6049, 0x80AD, 0x1001, 0x0000, 0x5848, 0x788C, 0x1002, 0x4847, 0x78AC, 0x1001, 0x3004,
  0xA0AF, 0x706B, 0x0000, 0x0000, 0x0000, 0x1001, 0x90AE, 0xA0AE, 0x2803, 0x0801, 0x0000, 0x0041,
  0x0187, 0x3F1C, 0x13AF, 0x00C4, 0x0145, 0x0041, 0x2024, 0xD1B9, 0x80AE, 0x0000, 0x0042, 0x0062,
  0x0084, 0x0064, 0x1108, 0x0909, 0x08C9, 0x08CA, 0x10EC, 0x21AF, 0x5C37, 0x85DC, 0x6499, 0x3293,
  0x08CA, 0x0025, 0x0866, 0x0886, 0x0065, 0x0044, 0x0064, 0x0044, 0x0044, 0x0865, 0x0886, 0x0865,
  0x18A6, 0x18A6, 0x0001, 0x0000, 0x38E8, 0x718F, 0x30A9, 0x18C7, 0x10A7, 0x10C8, 0x10C8, 0x10A7,
  0x08A7, 0x10A7, 0x10C7, 0x10C7, 0x28E9, 0x1887, 0x1087, 0x10E8, 0x10C7, 0x0065, 0x410A, 0xC2B6,
  0x0022, 0x0022, 0x0063, 0x0022, 0x0022, 0x0884, 0x0063, 0x0022, 0x0022, 0x0063, 0x0084, 0x08A4,
  0x0043, 0x1109, 0x19AC, 0x198B, 0x1927, 0x0001, 0x0042, 0x0042, 0x0021, 0x0842, 0x1864, 0x9229,
  0xBA88, 0xAB09, 0xBBE9, 0xDD0C, 0xB38A, 0x91C7, 0x99A7, 0xBA48, 0xA1E7, 0x50E5, 0x2083, 0x10A4,
  0x10C4, 0x0083, 0x18A4, 0x71A7, 0x99E7, 0xAA68, 0xAAA9, 0xA289, 0x9A68, 0x9A69, 0x71A7, 0x4148,
  0x1107, 0x0906, 0x0084, 0x00A4, 0x00A4, 0x0084, 0x0083, 0x0062, 0x0883, 0x0062, 0x0042, 0x0021,
  0x0021, 0x0000, 0x0822, 0x582C, 0x833A, 0x579F, 0x0A8B, 0x0041, 0x0041, 0x0022, 0x23D0, 0x3DD8,
  0x03B2, 0x4F5E, 0x238E, 0x00A3, 0x00A4, 0x2BD0, 0x471D, 0x0392, 0x3D58, 0x3452, 0x3CF4, 0x35D9,
  0x0350, 0x34D4, 0x56BB, 0x3DF8, 0x3E7A, 0x5F3D, 0x4472, 0x0021, 0x0042, 0x0062, 0x0147, 0x3453,
  0x5EDC, 0x4E5A, 0x461A, 0x463A, 0x565A, 0x669A, 0x13B2, 0x0371, 0x565A, 0x1B4E, 0x3D56, 0x2453,
  0x0189, 0x2C94, 0x56BB, 0x1BF3, 0x1311, 0x1C55, 0x361A, 0x567A, 0x122A, 0x0042, 0x60AA, 0x608A,
  0x0802, 0x3866, 0xA0EF, 0xB8F1, 0xB110, 0x90EE, 0x3025, 0x1802, 0x708B, 0x706B, 0x704A, 0x688B,
  0x0000, 0x4827, 0x88CD, 0x1002, 0x0000, 0x5867, 0x78CC, 0x0000, 0x688A, 0xA0AE, 0x704A, 0x708B,
  0x0001, 0x4847, 0x88CD, 0x1001, 0x0000, 0x5868, 0x78CC, 0x0001, 0x606A, 0xA8F0, 0x804B, 0x708C,
  0x4027, 0x806C, 0x788C, 0x1002, 0x0000, 0x5868, 0x688A, 0x0000, 0x4046, 0x80AC, 0x0801, 0x0801,
  0x4006, 0x90CE, 0x70CB, 0x0801, 0x0801, 0x78AC, 0xB0F1, 0x3804, 0x0801, 0x0001, 0x0021, 0x0042,
  0x01A7, 0x375D, 0x13D0, 0x0062, 0x00A3, 0x0061, 0x1844, 0xA974, 0x70AD, 0x0001, 0x0042, 0x0063,
  0x0084, 0x00A6, 0x110A, 0x08EB, 0x090C, 0x2A51, 0x53B6, 0x6499, 0x4BB7, 0x2231, 0x092E, 0x194E,
  0x398E, 0x5A10, 0x41CD, 0x1929, 0x2169, 0x1908, 0x214A, 0x294A, 0x2109, 0x18E8, 0x0885, 0x0022,
  0x0022, 0x0043, 0x0001, 0x0001, 0x0884, 0x1887, 0x20A7, 0x18C8, 0x10C7, 0x10C7, 0x10A7, 0x10A7,
  0x10C7, 0x10C7, 0x10C7, 0x10C8, 0x18C8, 0x412C, 0x412C, 0x0887, 0x0865, 0x0045, 0x30A9, 0x81B1,
  0x0001, 0x0021, 0x0042, 0x0001, 0x0022, 0x0002, 0x0001, 0x0022, 0x0022, 0x0083, 0x0084, 0x0884,
  0x0043, 0x08E8, 0x112A, 0x198A, 0x2988, 0x0021, 0x0042, 0x0042, 0x0022, 0x0843, 0x1864, 0x9249,
  0xBA67, 0xDD6D, 0xF710, 0xE62E, 0xD48B, 0xA207, 0x9A28, 0x8986, 0x9186, 0x99E7, 0x6925, 0x30A4,
  0x18A4, 0x0063, 0x1083, 0x30C3, 0x50E4, 0x6145, 0x5925, 0x5125, 0x4925, 0x4105, 0x38E5, 0x18A4,
  0x1127, 0x19CA, 0x00E5, 0x00A4, 0x00A4, 0x0084, 0x08A3, 0x0042, 0x0062, 0x0063, 0x00E5, 0x09C9,
  0x0167, 0x0062, 0x0042, 0x0803, 0x22AF, 0x4F7F, 0x0A8B, 0x0041, 0x0041, 0x0023, 0x23B0, 0x465B,
  0x0331, 0x45F9, 0x2BAF, 0x0083, 0x0083, 0x2BD0, 0x3E3B, 0x02AF, 0x3D78, 0x3472, 0x44F4, 0x2C53,
  0x020B, 0x55F8, 0x3493, 0x0AAD, 0x0AAD, 0x12AD, 0x09A8, 0x0042, 0x0021, 0x0021, 0x00A4, 0x0168,
  0x0A8D, 0x0AAE, 0x0AAE, 0x12EF, 0x0AEE, 0x55D8, 0x2CF6, 0x0331, 0x3D98, 0x1B2E, 0x3D36, 0x34B5,
  0x0A6D, 0x3D77, 0x3556, 0x4E19, 0x1B70, 0x12CF, 0x1371, 0x3DD8, 0x5618, 0x0967, 0x60CA, 0x688A,
  0x0000, 0x4847, 0x98AE, 0x6009, 0x6029, 0x90AE, 0x70CB, 0x0801, 0x4027, 0x808C, 0x784C, 0x80AD,
  0x0801, 0x4847, 0x80CD, 0x1001, 0x0000, 0x5067, 0x78CB, 0x0000, 0x5849, 0xA0AF, 0x784B, 0x708C,
  0x0000, 0x3826, 0x88CD, 0x1001, 0x0000, 0x6069, 0x78CC, 0x0000, 0x3826, 0xA0CF, 0x804B, 0x688B,
  0x0802, 0x786C, 0x80AD, 0x1002, 0x0801, 0x5868, 0x688A, 0x0000, 0x4046, 0x88CD, 0x0801, 0x0001,
  0x0801, 0x3805, 0x98EF, 0x2003, 0x2003, 0x88AD, 0x4005, 0x0801, 0x0001, 0x0001, 0x0001, 0x0041,
  0x0187, 0x36BB, 0x136E, 0x0062, 0x0863, 0x1843, 0x1023, 0x1823, 0x1023, 0x0022, 0x0083, 0x0084,
  0x0086, 0x0088, 0x19AE, 0x4334, 0x5C37, 0x6478, 0x3B54, 0x118F, 0x08ED, 0x10EC, 0x190C, 0x190C,
  0x418F, 0x18A8, 0x0065, 0x0044, 0x0043, 0x0043, 0x0885, 0x0844, 0x0044, 0x0023, 0x0022, 0x0001,
  0x0043, 0x0063, 0x0001, 0x0021, 0x0864, 0x0864, 0x1086, 0x18C8, 0x10A7, 0x10A7, 0x10A7, 0x10A7,
  0x10C7, 0x10C8, 0x10C8, 0x10C8, 0x290A, 0x79F1, 0x38EA, 0x0065, 0x2088, 0x698F, 0x390C, 0x18A9,
  0x0000, 0x0021, 0x0042, 0x0001, 0x0001, 0x0001, 0x0001, 0x0001, 0x0022, 0x0063, 0x0063, 0x0883,
  0x0044, 0x10E9, 0x1129, 0x1948, 0x2125, 0x0021, 0x0042, 0x0042, 0x0022, 0x0842, 0x1864, 0x9249,
  0xC288, 0xAAA7, 0xEEAF, 0xFFD2, 0xD52C, 0xB348, 0xBBAB, 0x91C7, 0x81A7, 0x8986, 0x99C7, 0x8986,
  0x48E4, 0x20C5, 0x10E5, 0x10C5, 0x0863, 0x18A4, 0x20C5, 0x08A4, 0x00A5, 0x00C5, 0x08C5, 0x08C5,
  0x0927, 0x1169, 0x11A9, 0x08E5, 0x0084, 0x0084, 0x00A3, 0x0042, 0x0063, 0x0042, 0x0A2A, 0x377E,
  0x1CF4, 0x0083, 0x0063, 0x0043, 0x0ACD, 0x479E, 0x0A8A, 0x0041, 0x0042, 0x0043, 0x23D1, 0x3D98,
  0x028E, 0x4E1A, 0x236E, 0x0084, 0x0084, 0x2BB0, 0x3E5B, 0x02D0, 0x3558, 0x2C51, 0x44D4, 0x3CD5,
  0x01AA, 0x4D77, 0x2B6F, 0x0127, 0x0148, 0x0148, 0x0106, 0x0083, 0x0063, 0x0063, 0x0083, 0x00C5,
  0x0127, 0x0148, 0x0148, 0x0169, 0x0189, 0x4D56, 0x2CD5, 0x02F0, 0x45F9, 0x1B2E, 0x3D15, 0x23F2,
  0x0A6D, 0x45B8, 0x134F, 0x2412, 0x4DF9, 0x130F, 0x09EB, 0x0A8D, 0x4619, 0x3C31, 0x60AA, 0x70AB,
  0x0801, 0x5068, 0x808C, 0x2003, 0x1002, 0x6869, 0x78CB, 0x1002, 0x5047, 0x908D, 0x884D, 0x98EF,
  0x0801, 0x4046, 0x80CC, 0x0801, 0x0000, 0x5067, 0x88CD, 0x0001, 0x3826, 0x98AF, 0x804B, 0x70AB,
  0x0000, 0x3825, 0x80CD, 0x1001, 0x0000, 0x6869, 0x80CD, 0x0000, 0x3025, 0x98CF, 0x804B, 0x688B,
  0x0000, 0x4827, 0x80AD, 0x1802, 0x0800, 0x6068, 0x70AB, 0x0000, 0x4046, 0x88AD, 0x1001, 0x0000,
  0x0000, 0x2803, 0xB111, 0x4026, 0x3004, 0x88AD, 0x2003, 0x0000, 0x0021, 0x0001, 0x0001, 0x0062,
  0x0126, 0x1C94, 0x0AED, 0x0062, 0x1022, 0x890E, 0x68CC, 0x0022, 0x0042, 0x0063, 0x00A5, 0x0065,
  0x112A, 0x2A90, 0x5C78, 0x5416, 0x2A71, 0x116E, 0x090D, 0x112D, 0x190C, 0x18EB, 0x20EA, 0x20CB,
  0x416E, 0x1065, 0x0022, 0x0021, 0x0001, 0x0022, 0x08A4, 0x0022, 0x0001, 0x0001, 0x0001, 0x0001,
  0x0043, 0x0043, 0x0001, 0x0021, 0x0863, 0x0864, 0x10A6, 0x18E8, 0x10A7, 0x10C7, 0x10C7, 0x10C7,
  0x10C7, 0x10C7, 0x10C7, 0x10C8, 0x20E9, 0x20C9, 0x0866, 0x28C9, 0x8191, 0xB276, 0x410C, 0x18E9,
  0x0001, 0x0042, 0x0042, 0x0001, 0x0001, 0x0001, 0x0001, 0x0001, 0x0042, 0x0063, 0x0884, 0x0883,
  0x0064, 0x1109, 0x1128, 0x1948, 0x2105, 0x0021, 0x0063, 0x0042, 0x0021, 0x0842, 0x1864, 0x9249,
  0xC268, 0xBB49, 0xEE2E, 0xCC69, 0xFEF0, 0xDDAD, 0xD52C, 0x9A06, 0xBB8A, 0x89A7, 0x8125, 0xA9E7,
  0xA207, 0x6125, 0x28E5, 0x2126, 0x1905, 0x08A4, 0x10A4, 0x18E5, 0x0883, 0x00A4, 0x00A4, 0x00A5,
  0x0928, 0x0948, 0x1189, 0x11A9, 0x00E5, 0x0084, 0x0083, 0x0042, 0x0083, 0x0063, 0x0A4A, 0x37BF,
  0x1D35, 0x00A3, 0x0063, 0x0063, 0x0AED, 0x479E, 0x0A8A, 0x0041, 0x0042, 0x0023, 0x2C12, 0x3D98,
  0x01EB, 0x3D16, 0x44B3, 0x1AAC, 0x12AC, 0x3CF4, 0x467B, 0x02F1, 0x35DA, 0x2C11, 0x3CD3, 0x2C53,
  0x0127, 0x4D77, 0x3C72, 0x0A09, 0x122A, 0x1A8B, 0x1AAC, 0x128B, 0x0A4A, 0x0188, 0x09C9, 0x122A,
  0x124A, 0x124A, 0x122A, 0x124A, 0x12AC, 0x6618, 0x2C94, 0x0B72, 0x4E3A, 0x1B2D, 0x3D36, 0x2413,
  0x028D, 0x461A, 0x236F, 0x01A9, 0x2C12, 0x4DD8, 0x2370, 0x020C, 0x2CB5, 0x3C72, 0x60CA, 0x70AB,
  0x1002, 0x6089, 0x98CF, 0x5048, 0x4847, 0x88CD, 0x78AB, 0x0801, 0x5048, 0x908D, 0x884D, 0x88AD,
  0x0801, 0x2824, 0x80CD, 0x4847, 0x4046, 0x80AC, 0x90CE, 0x0001, 0x3026, 0x98CE, 0x784A, 0x688B,
  0x0000, 0x3025, 0x98EF, 0x5027, 0x4826, 0x90AD, 0x78CD, 0x0000, 0x2824, 0x98CE, 0x784A, 0x608A,
  0x0000, 0x4847, 0xA910, 0x5849, 0x5048, 0x80AC, 0x5068, 0x0000, 0x3826, 0x88AD, 0x1001, 0x0020,
  0x0000, 0x2003, 0xB933, 0x6849, 0x3804, 0x90CD, 0x1802, 0x0000, 0x0000, 0x0001, 0x0001, 0x0042,
  0x01C8, 0x373D, 0x136E, 0x0042, 0x0842, 0x70CC, 0x8950, 0x18A6, 0x0884, 0x0064, 0x0908, 0x2A8F,
  0x4394, 0x3B74, 0x19EE, 0x010C, 0x08EC, 0x10EC, 0x110B, 0x18EB, 0x20AA, 0x208A, 0x28CA, 0x28AB,
  0x4990, 0x1086, 0x0022, 0x0022, 0x0022, 0x0022, 0x08C4, 0x0042, 0x0042, 0x0022, 0x0022, 0x0001,
  0x0042, 0x0043, 0x0001, 0x0042, 0x0884, 0x0844, 0x18A6, 0x18C8, 0x10A7, 0x10C7, 0x10A7, 0x10A7,
  0x10C8, 0x18E8, 0x10E8, 0x10C7, 0x10A8, 0x290A, 0x18C8, 0x596E, 0xA214, 0x40AB, 0x20A9, 0x10C8,
  0x0001, 0x0022, 0x0021, 0x0000, 0x0001, 0x0001, 0x0001, 0x0001, 0x0063, 0x0042, 0x0884, 0x0863,
  0x0064, 0x1109, 0x1128, 0x1968, 0x1904, 0x0021, 0x0063, 0x0042, 0x0022, 0x0842, 0x2064, 0x9A6A,
  0xBA48, 0xC42C, 0xE5AE, 0xAA66, 0xCBE9, 0xC429, 0xF68E, 0xDD4B, 0xC449, 0x9A26, 0x99E7, 0x8966,
  0xA1E7, 0xB248, 0x6946, 0x30C5, 0x20E5, 0x10C5, 0x08A4, 0x10A4, 0x18C4, 0x08A4, 0x08A4, 0x00A4,
  0x00E6, 0x1148, 0x1168, 0x1189, 0x11A9, 0x00C5, 0x0063, 0x0042, 0x0883, 0x08C4, 0x0105, 0x0AAB,
  0x0209, 0x0A09, 0x09E9, 0x0043, 0x0AED, 0x479E, 0x0A6A, 0x0041, 0x0041, 0x0043, 0x2C12, 0x45F9,
  0x022C, 0x1B91, 0x55D9, 0x55B8, 0x55D8, 0x5639, 0x1BF3, 0x03B3, 0x473E, 0x2410, 0x3CD3, 0x3536,
  0x0189, 0x23D1, 0x4DB7, 0x55D8, 0x5E18, 0x55D8, 0x4DB8, 0x4DF9, 0x66BB, 0x12CC, 0x5535, 0x6679,
  0x4D76, 0x55D8, 0x5E39, 0x5E59, 0x5E7A, 0x5DD8, 0x130F, 0x0AEF, 0x45D8, 0x1B2D, 0x3D35, 0x3517,
  0x13F3, 0x465A, 0x1B0D, 0x0126, 0x0168, 0x44F4, 0x4DD8, 0x026E, 0x2CF5, 0x3C51, 0x58CA, 0x688B,
  0x1002, 0x4066, 0x890E, 0x88ED, 0x88ED, 0x88ED, 0x3825, 0x0801, 0x5848, 0x988E, 0x884C, 0x98AE,
  0x3026, 0x0822, 0x4867, 0x80ED, 0x80ED, 0x90EE, 0x6069, 0x0000, 0x4046, 0x98CE, 0x7049, 0x688A,
  0x0001, 0x1002, 0x70CC, 0x88CE, 0xA0F0, 0x88CD, 0x3025, 0x0000, 0x4847, 0xA0F0, 0x7049, 0x588A,
  0x0001, 0x2003, 0x890E, 0x910F, 0x990F, 0x790D, 0x1003, 0x0000, 0x686A, 0x90CE, 0x0800, 0x0000,
  0x0000, 0x2003, 0xA8F0, 0x804B, 0x7049, 0x98CD, 0x1802, 0x0000, 0x0020, 0x0000, 0x0021, 0x0042,
  0x01C8, 0x375D, 0x138F, 0x0042, 0x0042, 0x1023, 0x1845, 0x0863, 0x0043, 0x0908, 0x3B11, 0x2AB0,
  0x096C, 0x00CA, 0x110B, 0x10EB, 0x18EB, 0x18AB, 0x288B, 0x388C, 0x58EF, 0x6130, 0x30AB, 0x40ED,
  0x69F2, 0x0865, 0x0022, 0x0002, 0x0001, 0x0022, 0x08A4, 0x0042, 0x0042, 0x0002, 0x0022, 0x0001,
  0x0022, 0x0022, 0x0000, 0x0883, 0x0884, 0x0864, 0x18A7, 0x18C8, 0x10A7, 0x10C7, 0x18E8, 0x10C8,
  0x10C7, 0x10C7, 0x10C7, 0x10C8, 0x18C8, 0x292A, 0x18E9, 0x28A9, 0x38EB, 0x20EA, 0x18E9, 0x10E9,
  0x0021, 0x0042, 0x0001, 0x0001, 0x0001, 0x0001, 0x0001, 0x0001, 0x0062, 0x0021, 0x0863, 0x0042,
  0x0064, 0x1108, 0x1128, 0x2167, 0x2125, 0x0022, 0x0043, 0x0022, 0x0022, 0x0843, 0x2064, 0xA26A,
  0xC248, 0xC40C, 0xDCCD, 0xAA67, 0xCBEB, 0xA206, 0xC409, 0xFF90, 0xE5EC, 0xCC8A, 0xBBA9, 0xA247,
  0x91A6, 0x99C6, 0xA1E7, 0x7986, 0x38C4, 0x18A4, 0x10E5, 0x08A4, 0x10C4, 0x2105, 0x08A5, 0x00A5,
  0x08C6, 0x00E6, 0x19EA, 0x11AA, 0x11AA, 0x1168, 0x0083, 0x0022, 0x0083, 0x00A3, 0x0083, 0x00E5,
  0x0084, 0x1C72, 0x2D14, 0x0022, 0x0AED, 0x477E, 0x026A, 0x0041, 0x0042, 0x0043, 0x23F1, 0x471D,
  0x0454, 0x03B3, 0x0455, 0x03D4, 0x0435, 0x0415, 0x03B3, 0x2EBD, 0x4EDB, 0x0A4A, 0x3C92, 0x4F1C,
  0x03D3, 0x0371, 0x0C54, 0x25D9, 0x1CF7, 0x030F, 0x0C13, 0x1E1B, 0x3EDC, 0x130D, 0x4576, 0x1D37,
  0x0495, 0x25B9, 0x1C95, 0x1C96, 0x1C54, 0x1371, 0x1393, 0x2517, 0x56BA, 0x128B, 0x3D36, 0x2DDA,
  0x1518, 0x467B, 0x1AEC, 0x00A4, 0x0083, 0x33D0, 0x3E1A, 0x0BD4, 0x2557, 0x3431, 0x50C9, 0x688A,
  0x1002, 0x0801, 0x0801, 0x1001, 0x1002, 0x1002, 0x0801, 0x1802, 0x90ED, 0x888C, 0x6829, 0xB8F1,
  0x5828, 0x0000, 0x0000, 0x0000, 0x0800, 0x0800, 0x0801, 0x1001, 0x808B, 0x90AD, 0x6048, 0x708B,
  0x0000, 0x0000, 0x0000, 0x1002, 0x4026, 0x2003, 0x0000, 0x2003, 0x98EF, 0x706A, 0x6849, 0x608A,
  0x0000, 0x0000, 0x0000, 0x0801, 0x1001, 0x0801, 0x0000, 0x4806, 0xC132, 0x5847, 0x0000, 0x0001,
  0x0000, 0x2003, 0x98CF, 0x7009, 0x986D, 0xA0AE, 0x1802, 0x0020, 0x0060, 0x0020, 0x0001, 0x0042,
  0x01A8, 0x3DF9, 0x0A2A, 0x0042, 0x0021, 0x0021, 0x0021, 0x0022, 0x0044, 0x198B, 0x226F, 0x0088,
  0x08C9, 0x10CA, 0x18CA, 0x208A, 0x306C, 0x588F, 0x9114, 0xA975, 0xA114, 0xA9D5, 0x38AC, 0x50EF,
  0x8A55, 0x0865, 0x0022, 0x0002, 0x0001, 0x0063, 0x08A5, 0x0063, 0x0062, 0x0022, 0x0022, 0x0001,
  0x0042, 0x0022, 0x0001, 0x08A4, 0x0043, 0x0844, 0x18C7, 0x18C8, 0x10A7, 0x10C7, 0x10C8, 0x10A7,
  0x10C8, 0x18E8, 0x10E8, 0x10C8, 0x10C8, 0x10C9, 0x18EA, 0x190B, 0x190B, 0x190B, 0x10EA, 0x10E9,
  0x0042, 0x0042, 0x0001, 0x0001, 0x0021, 0x0001, 0x0001, 0x0001, 0x08A3, 0x0022, 0x0883, 0x0022,
  0x0064, 0x1109, 0x1949, 0x1967, 0x2104, 0x0022, 0x0022, 0x0022, 0x0021, 0x0843, 0x2084, 0x9A29,
  0xB228, 0xAA48, 0xBB09, 0xAA88, 0xCC2B, 0xA227, 0xAA48, 0xC3E9, 0xD50B, 0xD54C, 0xF6D0, 0xDD6D,
  0xB2C8, 0x91C6, 0x8966, 0xAA07, 0x91C7, 0x48E5, 0x20A4, 0x10E5, 0x08A4, 0x10A4, 0x10E5, 0x00A5,
  0x08C5, 0x00C5, 0x0908, 0x19EB, 0x19AA, 0x1168, 0x08C4, 0x0041, 0x0083, 0x08A4, 0x0083, 0x0906,
  0x00A4, 0x1BF0, 0x2472, 0x0022, 0x0AED, 0x479E, 0x0A6A, 0x0041, 0x0042, 0x0022, 0x23D1, 0x47FF,
  0x1F1D, 0x26FD, 0x271E, 0x1EFE, 0x1EDE, 0x1EBE, 0x2F3E, 0x579E, 0x238E, 0x00C4, 0x0A09, 0x4E99,
  0x2F3D, 0x1EBC, 0x26FE, 0x26FE, 0x2F3E, 0x2D98, 0x1412, 0x2F9F, 0x3F9E, 0x132D, 0x45B7, 0x267C,
  0x1E7C, 0x2EBD, 0x2DFB, 0x2DDB, 0x2DBA, 0x25DA, 0x263B, 0x471D, 0x3492, 0x0147, 0x45B7, 0x379F,
  0x1EDC, 0x46FC, 0x1ACC, 0x0063, 0x0022, 0x2BB0, 0x3F3E, 0x167C, 0x3F3D, 0x3451, 0x50C9, 0x80AD,
  0x4046, 0x4046, 0x4067, 0x4867, 0x4867, 0x4847, 0x4847, 0x88CC, 0x98EE, 0x3004, 0x2803, 0x806C,
  0xA8AF, 0x5048, 0x3847, 0x4047, 0x4047, 0x4047, 0x3826, 0x708B, 0xA8EF, 0x3004, 0x6048, 0x98AF,
  0x5048, 0x4848, 0x4848, 0x5869, 0x88CD, 0x6069, 0x4847, 0xA910, 0x88AC, 0x1000, 0x6089, 0x90CE,
  0x4046, 0x4067, 0x4867, 0x5067, 0x5067, 0x5067, 0x6069, 0xC132, 0x888B, 0x1001, 0x0000, 0x0000,
  0x0000, 0x2003, 0xA8F0, 0xA86E, 0xB06F, 0xA0AE, 0x1802, 0x0020, 0x0040, 0x0040, 0x0001, 0x0062,
  0x0105, 0x09C9, 0x08C5, 0x0862, 0x0021, 0x0021, 0x0042, 0x0062, 0x0045, 0x198C, 0x326F, 0x1089,
  0x28AA, 0x308B, 0x408D, 0x586F, 0x88B2, 0xB957, 0xFA7C, 0xEA1A, 0xC957, 0xB196, 0x40AE, 0x58F0,
  0x9256, 0x1066, 0x0023, 0x0002, 0x0042, 0x10E5, 0x1105, 0x08E4, 0x10C4, 0x0042, 0x0042, 0x0001,
  0x0043, 0x0021, 0x0001, 0x0883, 0x10E6, 0x10A7, 0x10A7, 0x18C8, 0x18C8, 0x1909, 0x190A, 0x10E8,
  0x18E9, 0x10E9, 0x10E8, 0x18E9, 0x190A, 0x192B, 0x192B, 0x192B, 0x192C, 0x192D, 0x194D, 0x110C,
  0x08A4, 0x0022, 0x0001, 0x0001, 0x0021, 0x0021, 0x0001, 0x0022, 0x10C4, 0x0022, 0x0883, 0x0042,
  0x0884, 0x08C7, 0x1128, 0x1947, 0x18E4, 0x0042, 0x0042, 0x0042, 0x0021, 0x0863, 0x1884, 0x9209,
  0xAA08, 0x89A7, 0x99E7, 0xC40B, 0xC3CA, 0x91A6, 0xAA68, 0xD4CC, 0xCC6B, 0xB2C7, 0xDD4C, 0xEE6E,
  0xDD8C, 0xD50C, 0x9A26, 0x8945, 0x9986, 0xA1E8, 0x6125, 0x20A4, 0x10C4, 0x08C4, 0x08A4, 0x00A4,
  0x08C5, 0x08C5, 0x08E7, 0x0108, 0x11AA, 0x1168, 0x10E5, 0x0862, 0x08A4, 0x00A4, 0x0084, 0x00E6,
  0x01A8, 0x0A4A, 0x0126, 0x0063, 0x0ACD, 0x477E, 0x026A, 0x0041, 0x0041, 0x0001, 0x128C, 0x3E19,
  0x2E19, 0x2E1A, 0x2E1A, 0x2E19, 0x2E19, 0x2DFA, 0x363A, 0x2C72, 0x00E4, 0x00A3, 0x00C4, 0x12ED,
  0x3E19, 0x2E1A, 0x2E1A, 0x361A, 0x3E5A, 0x3DB8, 0x0AED, 0x2DF9, 0x35F9, 0x0A6B, 0x34B3, 0x363A,
  0x35D9, 0x35FA, 0x363A, 0x363A, 0x361A, 0x2DD9, 0x2DD9, 0x3536, 0x0167, 0x0106, 0x2C94, 0x363A,
  0x25F9, 0x35D9, 0x0A29, 0x0062, 0x0022, 0x1AED, 0x361A, 0x25D9, 0x365A, 0x236E, 0x3867, 0x910F,
  0x90EE, 0x90EE, 0x98EF, 0xA10F, 0xA110, 0x990F, 0x990F, 0x98CE, 0x4806, 0x0801, 0x0001, 0x2804,
  0x808C, 0x98F0, 0x9910, 0x9910, 0x9910, 0x9910, 0x90EF, 0x98EF, 0x5026, 0x0801, 0x3805, 0x98CF,
  0x98F0, 0x98F0, 0xA0F0, 0xA911, 0xA931, 0x98EF, 0x9910, 0x90CE, 0x3003, 0x0000, 0x3825, 0x98EF,
  0x90CF, 0x90EF, 0x990F, 0x990F, 0x990F, 0x990F, 0xA910, 0x88CD, 0x3003, 0x0801, 0x0000, 0x0000,
  0x0001, 0x1803, 0x88CD, 0xA8B0, 0xA88F, 0x808C, 0x1002, 0x0000, 0x0020, 0x0021, 0x0001, 0x0042,
  0x0105, 0x2C12, 0x522F, 0x1823, 0x0041, 0x0021, 0x0042, 0x0043, 0x0045, 0x21CE, 0x3A70, 0x306B,
  0x506E, 0x606F, 0x8091, 0xD97A, 0xD979, 0xD199, 0xC137, 0xC157, 0xD9D9, 0xB9B7, 0x48CE, 0x6110,
  0x9A76, 0x1066, 0x0023, 0x0002, 0x0022, 0x08C4, 0x08C4, 0x08A4, 0x08A4, 0x0063, 0x0883, 0x0001,
  0x0043, 0x0021, 0x0021, 0x0883, 0x18E7, 0x1909, 0x10A7, 0x18E8, 0x18E9, 0x212B, 0x18E9, 0x18E9,
  0x18E9, 0x10E9, 0x10E9, 0x110A, 0x110A, 0x190B, 0x190C, 0x190D, 0x194F, 0x19B1, 0x2233, 0x4B75,
  0x1947, 0x0001, 0x0001, 0x0001, 0x0021, 0x0021, 0x0001, 0x0042, 0x08A3, 0x0021, 0x0062, 0x0022,
  0x0884, 0x1907, 0x1969, 0x2167, 0x1904, 0x0021, 0x0043, 0x0042, 0x0022, 0x0863, 0x1864, 0x9229,
  0xAA28, 0x81A7, 0x89E7, 0xEE2F, 0xBBE9, 0x89A6, 0x9A47, 0xE5CF, 0xC3CA, 0xB227, 0xD4CB, 0xE5CD,
  0xD4EB, 0xF6AF, 0xCC6A, 0xAAC8, 0x8965, 0x9166, 0xA9E7, 0x7966, 0x28C4, 0x10C4, 0x08A3, 0x00C5,
  0x08C5, 0x08C5, 0x08E6, 0x00C6, 0x00C6, 0x0928, 0x0884, 0x0883, 0x08C5, 0x0084, 0x0064, 0x00E6,
  0x1B4F, 0x1B4E, 0x0042, 0x0063, 0x0ACD, 0x477E, 0x0A6A, 0x0041, 0x0021, 0x0001, 0x00A4, 0x01CB,
  0x01EC, 0x01EC, 0x01CB, 0x01CB, 0x01EC, 0x01EC, 0x01CB, 0x0147, 0x0062, 0x0041, 0x0042, 0x00E5,
  0x01AA, 0x01EC, 0x022D, 0x022D, 0x024E, 0x0A0C, 0x0168, 0x0A0C, 0x01CB, 0x0105, 0x0988, 0x09EC,
  0x01EC, 0x0A2D, 0x0A4E, 0x024E, 0x022D, 0x020C, 0x0A0C, 0x0168, 0x0063, 0x0083, 0x01AA, 0x022D,
  0x020C, 0x0A0C, 0x00E5, 0x0042, 0x0042, 0x0147, 0x0A4D, 0x020C, 0x022C, 0x0148, 0x1002, 0x3005,
  0x3806, 0x3806, 0x4006, 0x4006, 0x4006, 0x3806, 0x3806, 0x3004, 0x1002, 0x0000, 0x0000, 0x0801,
  0x2804, 0x3806, 0x3806, 0x3806, 0x3806, 0x3805, 0x3005, 0x3004, 0x1001, 0x0000, 0x0801, 0x3004,
  0x3805, 0x3005, 0x3805, 0x3806, 0x3805, 0x3805, 0x3805, 0x2804, 0x0801, 0x0000, 0x0801, 0x2804,
  0x2804, 0x3004, 0x3004, 0x3004, 0x3005, 0x3004, 0x3005, 0x2003, 0x0801, 0x0001, 0x0001, 0x0000,
  0x0001, 0x0801, 0x2804, 0x3005, 0x3805, 0x2003, 0x0001, 0x0000, 0x0001, 0x0001, 0x0021, 0x0042,
  0x0146, 0x3EDD, 0x935A, 0x580A, 0x1824, 0x0001, 0x0042, 0x0043, 0x0046, 0x21CE, 0x4251, 0x6870,
  0xC959, 0xC117, 0xB0F6, 0xC979, 0x8072, 0xB977, 0x90B4, 0xA936, 0xD9D9, 0xB9B7, 0x50CF, 0x6931,
  0x9A56, 0x1066, 0x0043, 0x0043, 0x0022, 0x0063, 0x0064, 0x0043, 0x0043, 0x0064, 0x0043, 0x0001,
  0x0043, 0x0022, 0x0042, 0x0883, 0x0044, 0x10C8, 0x18C8, 0x18C8, 0x18EA, 0x296D, 0x190A, 0x18EA,
  0x190B, 0x190B, 0x110A, 0x192C, 0x190E, 0x192F, 0x29F2, 0x3B15, 0x4376, 0x757B, 0x863D, 0x5C56,
  0x21E9, 0x0001, 0x0001, 0x0001, 0x0001, 0x0001, 0x0001, 0x0883, 0x0883, 0x0042, 0x0042, 0x0022,
  0x0022, 0x0863, 0x10A5, 0x1905, 0x1904, 0x0022, 0x0042, 0x0042, 0x0001, 0x0063, 0x1884, 0x9229,
  0xAA08, 0x7967, 0x79A7, 0xC44C, 0xAB29, 0x89C8, 0xA268, 0xD48B, 0xAA67, 0xAA48, 0xE5CE, 0xD4CB,
  0xC40A, 0xAAC6, 0xB327, 0xF68F, 0xC40A, 0x9185, 0x9165, 0xA9E7, 0x89E7, 0x30C4, 0x10A4, 0x00C5,
  0x00C5, 0x00A5, 0x08C5, 0x00C6, 0x00A6, 0x00A6, 0x0884, 0x0883, 0x08C4, 0x0084, 0x0063, 0x2148,
  0x1168, 0x00C4, 0x0083, 0x0063, 0x0ACD, 0x477E, 0x0A6A, 0x0041, 0x0021, 0x0001, 0x0022, 0x0084,
  0x0084, 0x0084, 0x0084, 0x0084, 0x0084, 0x0085, 0x0084, 0x0063, 0x0021, 0x0001, 0x0021, 0x0042,
  0x0084, 0x00A5, 0x00C5, 0x00C6, 0x00A5, 0x00A5, 0x0063, 0x0084, 0x0084, 0x0042, 0x0063, 0x00A4,
  0x0084, 0x00A5, 0x00A5, 0x00A5, 0x00A5, 0x00A5, 0x00A5, 0x0063, 0x0022, 0x0022, 0x0063, 0x00A4,
  0x0084, 0x0084, 0x0042, 0x0021, 0x0022, 0x0063, 0x00C5, 0x00A4, 0x0084, 0x0042, 0x0001, 0x0802,
  0x0802, 0x0802, 0x1002, 0x1002, 0x0802, 0x0802, 0x0802, 0x0802, 0x0001, 0x0000, 0x0000, 0x0000,
  0x0801, 0x1002, 0x1002, 0x0802, 0x0802, 0x0802, 0x0802, 0x0802, 0x0000, 0x0000, 0x0001, 0x0801,
  0x0802, 0x1002, 0x1002, 0x1002, 0x1002, 0x1002, 0x1002, 0x0801, 0x0000, 0x0000, 0x0001, 0x0801,
  0x0801, 0x0802, 0x0801, 0x0801, 0x0802, 0x0801, 0x0801, 0x0001, 0x0001, 0x0001, 0x0001, 0x0001,
  0x0001, 0x0001, 0x0801, 0x0801, 0x0801, 0x0001, 0x0001, 0x0001, 0x0001, 0x0001, 0x0021, 0x0062,
  0x01A7, 0x36DC, 0xA33D, 0xE0BB, 0x606C, 0x0000, 0x0042, 0x0043, 0x0046, 0x2A0F, 0x4A73, 0x90F6,
  0xD95B, 0xD15A, 0xD17A, 0xA0F5, 0x604F, 0xC198, 0xB936, 0xC977, 0xD1B8, 0xB9B7, 0x58F1, 0x6932,
  0xA216, 0x2868, 0x1846, 0x2088, 0x2888, 0x2067, 0x1066, 0x2087, 0x1887, 0x28C9, 0x1066, 0x0024,
  0x0044, 0x0022, 0x0863, 0x0042, 0x0865, 0x190A, 0x18E9, 0x18EA, 0x212C, 0x298E, 0x190B, 0x190C,
  0x10ED, 0x190D, 0x192E, 0x1970, 0x53F7, 0x753A, 0x757B, 0x863D, 0x8E7D, 0x43B5, 0x32B2, 0x19AC,
  0x2A8C, 0x0001, 0x0001, 0x0001, 0x0001, 0x0001, 0x0001, 0x08A4, 0x0862, 0x0042, 0x0022, 0x0022,
  0x0022, 0x0000, 0x0001, 0x0021, 0x0042, 0x0021, 0x0063, 0x0042, 0x0001, 0x0063, 0x18A5, 0x7126,
  0xCAAA, 0xA9E7, 0x8987, 0x7966, 0x79A8, 0x79A7, 0x9268, 0xDD2E, 0xA288, 0xA1E7, 0xC3EA, 0xC3C9,
  0xD52C, 0xDD4C, 0xB2E6, 0xDD8C, 0xE5AC, 0xDD2B, 0xBB28, 0x9985, 0xB1E7, 0x9A07, 0x38E4, 0x08A4,
  0x00A4, 0x00A5, 0x08C6, 0x00C6, 0x00A6, 0x00C6, 0x0084, 0x0883, 0x0905, 0x08A4, 0x0064, 0x20E7,
  0x20A5, 0x0863, 0x0083, 0x0084, 0x0ACD, 0x479E, 0x0A8B, 0x0062, 0x0083, 0x0063, 0x0063, 0x0062,
  0x0062, 0x0042, 0x0062, 0x0062, 0x0042, 0x0021, 0x0021, 0x0042, 0x0042, 0x0042, 0x0042, 0x0063,
  0x0063, 0x0063, 0x0063, 0x0063, 0x0063, 0x0063, 0x0063, 0x0043, 0x0042, 0x0062, 0x0062, 0x0062,
  0x0062, 0x0062, 0x0062, 0x0062, 0x0062, 0x0062, 0x0063, 0x0063, 0x0062, 0x0062, 0x0062, 0x0062,
  0x0062, 0x0062, 0x0062, 0x0062, 0x0062, 0x0063, 0x0063, 0x0063, 0x0062, 0x0042, 0x0042, 0x0042,
  0x0062, 0x0062, 0x0062, 0x0042, 0x0042, 0x0042, 0x0062, 0x0042, 0x0042, 0x0042, 0x0042, 0x0042,
  0x0042, 0x0042, 0x0042, 0x0041, 0x0041, 0x0041, 0x0042, 0x0042, 0x0042, 0x0042, 0x0042, 0x0062,
  0x0042, 0x0042, 0x0041, 0x0042, 0x0041, 0x0042, 0x0062, 0x0042, 0x0042, 0x0042, 0x0042, 0x0042,
  0x0042, 0x0042, 0x0042, 0x0062, 0x0042, 0x0042, 0x0041, 0x0021, 0x0021, 0x0021, 0x0042, 0x0062,
  0x0062, 0x0062, 0x0042, 0x0021, 0x0021, 0x0042, 0x0062, 0x0062, 0x0062, 0x0062, 0x0062, 0x00A3,
  0x01E8, 0x371D, 0x6B78, 0x782F, 0x3847, 0x0000, 0x0042, 0x0064, 0x0047, 0x3231, 0x5294, 0x9977,
  0xA0B6, 0xC159, 0xD97A, 0xD9DA, 0xA935, 0xB977, 0xF23B, 0xD9D8, 0xB135, 0xC1D8, 0x60F1, 0x68F2,
  0xCA38, 0xB9B6, 0x88F2, 0x7911, 0xC216, 0xC216, 0x60EE, 0x79B2, 0x592F, 0x71B2, 0x390E, 0x210C,
  0x18C9, 0x0844, 0x0864, 0x0022, 0x0886, 0x190B, 0x18EA, 0x18EB, 0x214D, 0x2990, 0x10EE, 0x2191,
  0x3AD4, 0x32D4, 0x64F9, 0x865C, 0x759B, 0x64D8, 0x4BD6, 0x21F1, 0x21D0, 0x114D, 0x08CA, 0x1128,
  0x3AEE, 0x0000, 0x0001, 0x0001, 0x0021, 0x0021, 0x0001, 0x08C4, 0x0042, 0x0042, 0x0001, 0x0042,
  0x0063, 0x0001, 0x0042, 0x0022, 0x0001, 0x0001, 0x0063, 0x0042, 0x0022, 0x08A5, 0x18C5, 0x6126,
  0x9187, 0xBA68, 0xBA69, 0x99A6, 0x8166, 0x7167, 0x8A68, 0xC4AE, 0x9A68, 0x99E8, 0xCC4B, 0xC3C9,
  0xD50B, 0xFF0F, 0xD4CA, 0xC3C8, 0xC407, 0xF68E, 0xFEEF, 0xC368, 0x9985, 0xA1A6, 0x6946, 0x10A4,
  0x00A4, 0x0084, 0x08C5, 0x08C6, 0x00A6, 0x08E7, 0x0884, 0x0883, 0x0906, 0x00A4, 0x0064, 0x2928,
  0x20C6, 0x10A4, 0x00A4, 0x0083, 0x0AAC, 0x3F7E, 0x030D, 0x00A4, 0x00C5, 0x00C4, 0x00A4, 0x0083,
  0x0083, 0x0083, 0x00A3, 0x0083, 0x0062, 0x0042, 0x0042, 0x0063, 0x00A4, 0x00A4, 0x00A4, 0x00A4,
  0x00A4, 0x00A4, 0x00A4, 0x00A4, 0x00A4, 0x00A4, 0x00A4, 0x00A4, 0x00A4, 0x00A4, 0x00A4, 0x00A4,
  0x00A4, 0x00A4, 0x00A3, 0x00A3, 0x00A4, 0x00A4, 0x00A4, 0x00A4, 0x0083, 0x0083, 0x0083, 0x0083,
  0x0083, 0x0083, 0x0083, 0x0083, 0x00A3, 0x00A3, 0x00A3, 0x00A3, 0x0083, 0x0083, 0x0083, 0x0083,
  0x0083, 0x0083, 0x0083, 0x0083, 0x0083, 0x0083, 0x0083, 0x0083, 0x0083, 0x0083, 0x0083, 0x0083,
  0x0083, 0x0083, 0x0083, 0x0083, 0x0083, 0x0083, 0x0083, 0x0083, 0x0083, 0x0083, 0x0083, 0x0083,
  0x0083, 0x0083, 0x0083, 0x0083, 0x0083, 0x0083, 0x0083, 0x0083, 0x0083, 0x0083, 0x0063, 0x0083,
  0x0083, 0x0083, 0x0083, 0x0083, 0x0083, 0x0083, 0x0062, 0x0042, 0x0021, 0x0042, 0x0083, 0x00A4,
  0x00C4, 0x00A4, 0x0083, 0x0063, 0x0042, 0x0063, 0x00C4, 0x00C5, 0x00C5, 0x00A4, 0x00A3, 0x00E5,
  0x028B, 0x375E, 0x1B71, 0x0023, 0x0042, 0x0041, 0x0042, 0x0064, 0x0047, 0x3251, 0x4A94, 0xA158,
  0xB918, 0xC959, 0xD99A, 0xF25C, 0xB957, 0xB957, 0xD9FA, 0x9113, 0x8913, 0xC1B8, 0x80F2, 0x9113,
  0xD219, 0xF27A, 0xF27A, 0x8911, 0xA9B5, 0xB1F6, 0x58EF, 0x48EF, 0x38EE, 0x30CD, 0x28ED, 0x210D,
  0x290D, 0x30EB, 0x0865, 0x0001, 0x10C7, 0x192D, 0x10EC, 0x10EC, 0x194F, 0x3AF5, 0x6479, 0x6CFA,
  0x863D, 0x863D, 0x4BF7, 0x3B14, 0x2212, 0x112F, 0x110D, 0x194E, 0x110C, 0x10EA, 0x08A7, 0x1127,
  0x3B0E, 0x0000, 0x0001, 0x0001, 0x0001, 0x0001, 0x0022, 0x08C4, 0x0042, 0x0021, 0x0001, 0x0063,
  0x0063, 0x0002, 0x0063, 0x0022, 0x0001, 0x0022, 0x0043, 0x0022, 0x0043, 0x08C5, 0x1084, 0x28A4,
  0x40E5, 0x6105, 0x7986, 0xB288, 0xCB0A, 0x99C7, 0x8187, 0x81C7, 0x8209, 0x89E8, 0xD4CC, 0xC3A8,
  0xCC6B, 0xB327, 0xBB48, 0xF6AF, 0xEE6E, 0xDD4B, 0xCBE8, 0xDD0C, 0xBB28, 0x9165, 0x7125, 0x18A4,
  0x1147, 0x08E6, 0x00A5, 0x08C6, 0x08C6, 0x08E7, 0x0884, 0x10C4, 0x1967, 0x08A4, 0x0864, 0x3969,
  0x4168, 0x18E5, 0x00A4, 0x0063, 0x09E9, 0x3F1C, 0x2EDB, 0x2515, 0x2556, 0x1D35, 0x1CF4, 0x1CB4,
  0x1CB4, 0x1CB4, 0x1CD4, 0x24F5, 0x1B4E, 0x0063, 0x0125, 0x2432, 0x1CB4, 0x24B4, 0x1CB4, 0x1C93,
  0x1C94, 0x1C73, 0x1C73, 0x2473, 0x1C73, 0x1C73, 0x1C73, 0x1C73, 0x1C73, 0x1C53, 0x1C53, 0x1C53,
  0x1C53, 0x1C53, 0x1C53, 0x1C52, 0x1C53, 0x1C33, 0x1C32, 0x1C12, 0x1BF2, 0x1BF1, 0x1BD1, 0x1BD1,
  0x1BD1, 0x1BD1, 0x1BF1, 0x1BF1, 0x1BD1, 0x13D1, 0x1BD1, 0x13D0, 0x13D0, 0x1BD1, 0x1BD1, 0x1BD1,
  0x1BD1, 0x1BD0, 0x1BD0, 0x1BB0, 0x13B0, 0x13B0, 0x13B0, 0x13D0, 0x13D0, 0x13D0, 0x13D0, 0x13D0,
  0x13D0, 0x13D0, 0x13D0, 0x13D0, 0x13D0, 0x13D0, 0x13D1, 0x1BD1, 0x1BD1, 0x1BF1, 0x1BD1, 0x13D1,
  0x13D1, 0x13D1, 0x13D1, 0x13D1, 0x1BD1, 0x1BF1, 0x1C12, 0x1411, 0x1C11, 0x1C12, 0x1C32, 0x1C32,
  0x1C32, 0x1C32, 0x1C32, 0x1C53, 0x1C53, 0x1C73, 0x1C93, 0x12AB, 0x0021, 0x0966, 0x2473, 0x14D5,
  0x14B4, 0x14B4, 0x13D1, 0x0126, 0x09C8, 0x2473, 0x1CD5, 0x1CB4, 0x14F5, 0x2515, 0x0A4A, 0x0AED,
  0x2E7A, 0x379E, 0x0AAD, 0x0043, 0x0042, 0x0042, 0x0043, 0x0065, 0x0048, 0x3AB3, 0x4AB4, 0x9937,
  0xEA3D, 0xB918, 0xC959, 0xB9B8, 0x70B2, 0xB998, 0x9154, 0x50EF, 0x8953, 0xD9F9, 0xE239, 0xC9F8,
  0x9913, 0xDA79, 0xCA17, 0x7931, 0x592F, 0x510F, 0x412E, 0x310D, 0x28ED, 0x20ED, 0x210D, 0x212D,
  0x290E, 0x30ED, 0x1085, 0x0001, 0x10E9, 0x3AB3, 0x3AD4, 0x53F7, 0x755A, 0x6D3A, 0x6D19, 0x4BF6,
  0x11B0, 0x19D0, 0x196F, 0x110D, 0x110C, 0x190B, 0x10E9, 0x10E9, 0x10C9, 0x08A8, 0x0065, 0x1126,
  0x32CC, 0x0000, 0x0001, 0x0001, 0x0001, 0x0001, 0x0022, 0x08C4, 0x0022, 0x0001, 0x0001, 0x0083,
  0x0062, 0x0002, 0x0064, 0x0042, 0x0001, 0x0022, 0x0042, 0x0001, 0x0043, 0x10E6, 0x0084, 0x0084,
  0x1084, 0x20C5, 0x3905, 0x6946, 0x91E7, 0xB248, 0xBA49, 0x99A7, 0x8187, 0x81A7, 0xB34A, 0xAA87,
  0xD4EC, 0xC3C8, 0xB2E7, 0xDD4C, 0xD54B, 0xE5ED, 0xBB06, 0xCC29, 0xD50A, 0xDC8A, 0x89C6, 0x1884,
  0x0906, 0x19A9, 0x0927, 0x00A5, 0x00C6, 0x0907, 0x10A4, 0x18C4, 0x31C9, 0x10C5, 0x0864, 0x514B,
  0x48E8, 0x28E6, 0x08A4, 0x0062, 0x00A4, 0x134E, 0x3659, 0x369A, 0x3639, 0x2DD9, 0x2DF9, 0x2E19,
  0x2DF8, 0x1CD4, 0x2E5A, 0x36BB, 0x2451, 0x0063, 0x09A7, 0x4659, 0x3EFC, 0x46FC, 0x3EFB, 0x3EDB,
  0x3EFB, 0x3EFC, 0x3EFC, 0x3EFC, 0x3EFC, 0x3EFC, 0x3EFC, 0x3EFC, 0x471C, 0x3F1C, 0x3F1C, 0x3F1C,
  0x471C, 0x3F1C, 0x3EFC, 0x3EFC, 0x3F1C, 0x3EFC, 0x3EFC, 0x3EFC, 0x3EFC, 0x46FC, 0x471C, 0x471C,
  0x471C, 0x3F1C, 0x3F1C, 0x3F1C, 0x3F1C, 0x3EFC, 0x3EFC, 0x471C, 0x471C, 0x471C, 0x471C, 0x471C,
  0x471D, 0x471D, 0x471C, 0x473D, 0x3F3D, 0x3F3C, 0x3F3C, 0x473C, 0x473C, 0x473C, 0x473C, 0x3F3C,
  0x3F3C, 0x3F1C, 0x3F3C, 0x3F3D, 0x3F1D, 0x3F3D, 0x473D, 0x473C, 0x473C, 0x473C, 0x473D, 0x3F3D,
  0x3F3D, 0x3F3D, 0x3F1C, 0x3F1C, 0x3F1C, 0x3F1C, 0x3F1C, 0x3F1C, 0x3F1C, 0x3F1C, 0x3F1C, 0x3F1C,
  0x3F1C, 0x3EFC, 0x3EFC, 0x3EFC, 0x3EFB, 0x36DB, 0x473C, 0x2410, 0x0021, 0x1208, 0x3EBB, 0x2EFC,
  0x271C, 0x179E, 0x1F3D, 0x0B0E, 0x09E9, 0x3639, 0x2F3D, 0x27FF, 0x279E, 0x2EFB, 0x12CC, 0x1BD0,
  0x3E9A, 0x1C12, 0x00E5, 0x0062, 0x0042, 0x0042, 0x0043, 0x0086, 0x0049, 0x3AD3, 0x4AD4, 0x9917,
  0xE9DC, 0xB0F7, 0xB958, 0xA977, 0x70B2, 0xC1B9, 0x8974, 0x412F, 0x7952, 0xE25A, 0xE299, 0xB9F6,
  0x7111, 0x7152, 0x6130, 0x494F, 0x392E, 0x292E, 0x292E, 0x212D, 0x212E, 0x212E, 0x190E, 0x192F,
  0x2170, 0x314E, 0x1065, 0x0000, 0x324C, 0x8DFC, 0x753A, 0x4355, 0x3AD3, 0x2A31, 0x110D, 0x110D,
  0x192D, 0x110C, 0x194C, 0x110A, 0x08C8, 0x08A7, 0x00A6, 0x0085, 0x0064, 0x0043, 0x0022, 0x1145,
  0x2A29, 0x0021, 0x0001, 0x0001, 0x0021, 0x0001, 0x0042, 0x08A4, 0x0021, 0x0021, 0x0022, 0x08A4,
  0x0042, 0x0022, 0x08A4, 0x08C5, 0x0063, 0x0043, 0x0022, 0x0001, 0x0063, 0x08C5, 0x0043, 0x08A4,
  0x0084, 0x10E5, 0x18E5, 0x2905, 0x4105, 0x6105, 0x8166, 0xB228, 0xBA69, 0xA1E7, 0x9187, 0x8986,
  0xCC8B, 0xFF31, 0xE5AD, 0xC3E9, 0xC3C8, 0xF6AF, 0xF68E, 0xD50A, 0xEE8C, 0xEDCB, 0x91C6, 0x28C6,
  0x1148, 0x19CA, 0x1A0B, 0x0947, 0x00C6, 0x0907, 0x10E5, 0x18C4, 0x3189, 0x10A5, 0x1065, 0x718E,
  0x718C, 0x4148, 0x08A4, 0x0042, 0x0083, 0x00C4, 0x0126, 0x0105, 0x310B, 0x8255, 0x5990, 0x0907,
  0x0105, 0x0082, 0x0A8B, 0x136F, 0x00C4, 0x0083, 0x00A3, 0x0146, 0x0187, 0x01A8, 0x01A7, 0x01A8,
  0x01A8, 0x01C8, 0x01C8, 0x01C8, 0x01C8, 0x01C8, 0x01E8, 0x01E8, 0x0209, 0x0209, 0x0209, 0x0209,
  0x0209, 0x0209, 0x0209, 0x0209, 0x0209, 0x01E9, 0x01E8, 0x01E8, 0x0209, 0x0209, 0x0229, 0x0229,
  0x0229, 0x0229, 0x0229, 0x0229, 0x0209, 0x0209, 0x0209, 0x0209, 0x0229, 0x0A29, 0x0A2A, 0x0A2A,
  0x0A49, 0x0A29, 0x0A29, 0x022A, 0x022A, 0x0229, 0x0A4A, 0x0A4A, 0x0A4A, 0x0A4A, 0x0A4A, 0x0A29,
  0x0229, 0x0229, 0x0229, 0x0229, 0x0229, 0x0A29, 0x0A29, 0x0229, 0x0229, 0x0229, 0x0209, 0x0209,
  0x0209, 0x0208, 0x01E8, 0x01E8, 0x01E8, 0x01E8, 0x01E8, 0x01E8, 0x01C8, 0x01C8, 0x01C8, 0x01C8,
  0x01C8, 0x01A8, 0x01A8, 0x01A7, 0x0187, 0x0187, 0x0146, 0x00E4, 0x0042, 0x00A4, 0x01A8, 0x01A8,
  0x02ED, 0x1EDB, 0x1FBF, 0x1C73, 0x00A4, 0x0146, 0x028B, 0x25F8, 0x1452, 0x0167, 0x00E5, 0x00E4,
  0x00E5, 0x00A4, 0x0063, 0x0042, 0x0042, 0x0042, 0x0064, 0x00A7, 0x006A, 0x3AF4, 0x52D4, 0x9917,
  0xD159, 0xC959, 0xC158, 0xDA3B, 0xC9D8, 0xD9DA, 0x8994, 0x412E, 0x592F, 0x7931, 0x7110, 0x590F,
  0x492F, 0x394E, 0x396F, 0x314E, 0x294E, 0x212D, 0x214E, 0x214F, 0x1930, 0x21D2, 0x3293, 0x3AF5,
  0x859C, 0x6B95, 0x0825, 0x0000, 0x218A, 0x3272, 0x112E, 0x192D, 0x10EC, 0x110B, 0x110B, 0x10EA,
  0x08A8, 0x00A7, 0x08C7, 0x0085, 0x0064, 0x0043, 0x0043, 0x0042, 0x0063, 0x0042, 0x0042, 0x1165,
  0x21E7, 0x0042, 0x0001, 0x0022, 0x0022, 0x0001, 0x0063, 0x0083, 0x0022, 0x0001, 0x0022, 0x1147,
  0x0063, 0x0063, 0x0084, 0x08A4, 0x00A4, 0x00A4, 0x0884, 0x0023, 0x0064, 0x0063, 0x0022, 0x0043,
  0x0084, 0x08E5, 0x1106, 0x1106, 0x10C4, 0x2905, 0x4905, 0x7126, 0x99C7, 0xC289, 0xBA68, 0xAA08,
  0x9A06, 0xBBA9, 0xD50C, 0xD4AB, 0xDD4B, 0xDDAC, 0xB2E6, 0xC428, 0xEE6B, 0xE5AB, 0x8185, 0x20C6,
  0x0907, 0x19CA, 0x19EB, 0x11AA, 0x0907, 0x00E7, 0x18E6, 0x18C4, 0x31A9, 0x08A5, 0x1066, 0x796F,
  0x814D, 0x40E8, 0x10C5, 0x0042, 0x0062, 0x0042, 0x0063, 0x0042, 0x4089, 0x99F5, 0x7110, 0x1045,
  0x0062, 0x0000, 0x0966, 0x1ACC, 0x0063, 0x0042, 0x0021, 0x0062, 0x0062, 0x0063, 0x0083, 0x0083,
  0x0083, 0x00A3, 0x00A3, 0x00A4, 0x00A3, 0x00A3, 0x00C4, 0x00C4, 0x00C4, 0x00C4, 0x00C4, 0x00C4,
  0x00A4, 0x00A4, 0x00C4, 0x00A4, 0x00A3, 0x00A3, 0x00A3, 0x00A3, 0x00A3, 0x00A3, 0x00C4, 0x00C4,
  0x00C4, 0x00C4, 0x00C4, 0x00C3, 0x00A3, 0x00A3, 0x00A3, 0x00A3, 0x00A3, 0x00A4, 0x00A4, 0x00A3,
  0x00A3, 0x00A3, 0x0083, 0x00A3, 0x00A3, 0x00A3, 0x00A4, 0x00C4, 0x00A4, 0x0083, 0x0083, 0x00A3,
  0x00A3, 0x00A3, 0x00A3, 0x00A3, 0x00A3, 0x00A3, 0x00A3, 0x00A3, 0x00E4, 0x00A3, 0x00A3, 0x00A3,
  0x0083, 0x0083, 0x0083, 0x0083, 0x0083, 0x0083, 0x0083, 0x0083, 0x0083, 0x0083, 0x0083, 0x0083,
  0x0083, 0x0083, 0x0083, 0x0083, 0x0083, 0x0062, 0x0042, 0x0042, 0x0042, 0x0062, 0x0083, 0x00A4,
  0x0126, 0x0B2D, 0x1CD4, 0x01A8, 0x0083, 0x0083, 0x00C4, 0x0105, 0x0105, 0x00A3, 0x0083, 0x0062,
  0x0062, 0x0062, 0x0042, 0x0022, 0x0042, 0x0063, 0x0085, 0x08A8, 0x086B, 0x4315, 0x52D4, 0xA157,
  0xA916, 0xD19A, 0xD199, 0xF27C, 0xD219, 0xA976, 0x7172, 0x394E, 0x392D, 0x390E, 0x392E, 0x392E,
  0x312E, 0x294E, 0x296E, 0x214F, 0x190E, 0x194F, 0x1990, 0x2A32, 0x6478, 0x751A, 0x963C, 0x753B,
  0x3AB4, 0x41D0, 0x1066, 0x0001, 0x08A6, 0x196D, 0x190C, 0x110B, 0x08C9, 0x10E8, 0x08C7, 0x0086,
  0x0044, 0x0064, 0x0084, 0x0063, 0x0042, 0x0042, 0x0083, 0x0022, 0x0063, 0x0043, 0x0042, 0x1145,
  0x21C7, 0x0062, 0x0001, 0x0021, 0x0022, 0x0001, 0x0063, 0x0063, 0x0022, 0x0001, 0x0043, 0x1168,
  0x0084, 0x0884, 0x10C4, 0x18E4, 0x10A3, 0x08A4, 0x1106, 0x10E6, 0x1948, 0x08A4, 0x0022, 0x0022,
  0x0042, 0x0063, 0x08C4, 0x08E5, 0x00A4, 0x08C5, 0x18E5, 0x3106, 0x5105, 0x6925, 0x99C7, 0xC269,
  0xC289, 0xA1E7, 0x99C6, 0xBB89, 0xE58D, 0xDD8C, 0xAAC6, 0xCC29, 0xD4E9, 0xEDCC, 0x89E6, 0x28C6,
  0x00C6, 0x0928, 0x11AA, 0x1189, 0x0928, 0x00E8, 0x1906, 0x18C4, 0x2989, 0x08C5, 0x18A7, 0x91B1,
  0x894E, 0x4929, 0x18E6, 0x0063, 0x0042, 0x0021, 0x0021, 0x0021, 0x0001, 0x0802, 0x1002, 0x0021,
  0x1023, 0x588B, 0x2845, 0x0001, 0x0021, 0x0001, 0x0021, 0x0021, 0x0021, 0x0021, 0x0021, 0x0042,
  0x0042, 0x0042, 0x0042, 0x0042, 0x0042, 0x0042, 0x0062, 0x0062, 0x0042, 0x0083, 0x0062, 0x0062,
  0x0042, 0x0062, 0x0062, 0x0062, 0x0083, 0x0083, 0x0062, 0x0062, 0x0062, 0x0062, 0x0083, 0x0062,
  0x0062, 0x0083, 0x0083, 0x0062, 0x0062, 0x0042, 0x0042, 0x0042, 0x0062, 0x0062, 0x0062, 0x0042,
  0x0083, 0x0062, 0x0062, 0x00A3, 0x00A3, 0x0062, 0x0062, 0x0062, 0x0862, 0x0021, 0x0041, 0x0021,
  0x0062, 0x0062, 0x0041, 0x0042, 0x0042, 0x0042, 0x0042, 0x00A3, 0x0082, 0x0041, 0x0041, 0x0042,
  0x0021, 0x0021, 0x0021, 0x0041, 0x0021, 0x0021, 0x0022, 0x0021, 0x0021, 0x0021, 0x0021, 0x0021,
  0x0022, 0x0021, 0x0042, 0x0042, 0x0042, 0x0883, 0x0883, 0x0042, 0x0042, 0x0022, 0x0042, 0x0042,
  0x0062, 0x0083, 0x0083, 0x2867, 0x788F, 0x588B, 0x0822, 0x0041, 0x0042, 0x0021, 0x0021, 0x0021,
  0x0022, 0x0022, 0x0022, 0x0022, 0x0042, 0x0063, 0x00A6, 0x08C8, 0x088B, 0x4335, 0x4AB3, 0x9156,
  0x8113, 0x9955, 0x88F3, 0x9174, 0x7111, 0x490F, 0x394E, 0x294D, 0x214D, 0x294E, 0x294E, 0x216E,
  0x192E, 0x192E, 0x196F, 0x3252, 0x5BD6, 0x5C37, 0x8DDB, 0x751A, 0x6437, 0x4335, 0x1990, 0x2190,
  0x190E, 0x390E, 0x1866, 0x0001, 0x08A5, 0x194B, 0x08C8, 0x08A7, 0x0044, 0x08E6, 0x0084, 0x0022,
  0x0022, 0x0043, 0x0063, 0x0043, 0x0022, 0x0043, 0x0884, 0x0042, 0x0884, 0x0043, 0x0063, 0x0945,
  0x19A7, 0x08A3, 0x0001, 0x0022, 0x0022, 0x0021, 0x0042, 0x0063, 0x0042, 0x0022, 0x0043, 0x1127,
  0x0084, 0x08A4, 0x08C4, 0x2105, 0x18E5, 0x1905, 0x08A4, 0x08A5, 0x2168, 0x1927, 0x1127, 0x08C5,
  0x0084, 0x0042, 0x0043, 0x08A4, 0x0063, 0x0926, 0x0968, 0x0927, 0x1105, 0x2905, 0x4926, 0x7166,
  0xA228, 0xC289, 0xBA48, 0xA1C6, 0x99E6, 0xBB89, 0xEDEE, 0xE5CD, 0xBBC7, 0xE56C, 0x9A48, 0x598D,
  0x396D, 0x08E7, 0x0107, 0x0969, 0x11AA, 0x0969, 0x1947, 0x18C3, 0x29CA, 0x08C6, 0x18C8, 0x9A13,
  0x9190, 0x61AC, 0x2127, 0x00A4, 0x0083, 0x0021, 0x0021, 0x0021, 0x0041, 0x0041, 0x0021, 0x0020,
  0x1823, 0x78AD, 0x3847, 0x0000, 0x0000, 0x0001, 0x0021, 0x0021, 0x0021, 0x0021, 0x0021, 0x0021,
  0x0042, 0x0022, 0x0042, 0x0042, 0x0042, 0x0042, 0x0042, 0x0042, 0x0042, 0x08A3, 0x0062, 0x0042,
  0x0042, 0x0042, 0x0042, 0x0063, 0x0083, 0x0083, 0x0063, 0x0063, 0x0063, 0x0083, 0x00A3, 0x0062,
  0x0062, 0x00A3, 0x00A3, 0x0062, 0x0042, 0x0042, 0x0042, 0x0042, 0x0042, 0x0042, 0x0021, 0x0062,
  0x08A3, 0x0062, 0x00A3, 0x00E4, 0x00E3, 0x0062, 0x0083, 0x0062, 0x1062, 0x0021, 0x0021, 0x0021,
  0x0062, 0x0062, 0x0021, 0x0022, 0x0021, 0x0021, 0x0042, 0x08A3, 0x08A3, 0x0062, 0x0042, 0x0021,
  0x0001, 0x0001, 0x0001, 0x0062, 0x10A3, 0x1084, 0x0863, 0x0001, 0x0000, 0x0001, 0x0001, 0x0021,
  0x0022, 0x0022, 0x0062, 0x0062, 0x08C4, 0x2166, 0x10C3, 0x0001, 0x0022, 0x0022, 0x0022, 0x0022,
  0x0022, 0x0042, 0x0021, 0x584A, 0xD8F9, 0xA0D2, 0x1002, 0x0041, 0x0062, 0x0041, 0x0001, 0x0042,
  0x0042, 0x0022, 0x0021, 0x0022, 0x0042, 0x0084, 0x00C6, 0x08C9, 0x08AD, 0x4B77, 0x52F4, 0x5111,
  0x4950, 0x392F, 0x392E, 0x392F, 0x314E, 0x294E, 0x214D, 0x214D, 0x194E, 0x194E, 0x112F, 0x1190,
  0x3292, 0x3AD3, 0x5C37, 0x859B, 0x7CF9, 0x74D9, 0x42D3, 0x29F1, 0x190E, 0x190E, 0x212E, 0x190D,
  0x18EB, 0x392D, 0x1866, 0x0001, 0x0083, 0x08A6, 0x0044, 0x0043, 0x0042, 0x1105, 0x0043, 0x0022,
  0x0042, 0x0063, 0x0084, 0x0084, 0x0022, 0x0042, 0x0043, 0x0043, 0x0884, 0x0043, 0x08A4, 0x0945,
  0x19A6, 0x08C4, 0x0001, 0x0022, 0x0042, 0x0022, 0x0063, 0x0063, 0x0042, 0x0022, 0x0044, 0x1148,
  0x0884, 0x08C6, 0x08C5, 0x10E5, 0x10E5, 0x2126, 0x18C5, 0x10C6, 0x10E7, 0x0023, 0x08C5, 0x1947,
  0x1988, 0x1106, 0x08C5, 0x0884, 0x0043, 0x00A4, 0x08E5, 0x0927, 0x0947, 0x0947, 0x1126, 0x2926,
  0x4905, 0x7986, 0xB248, 0xC269, 0xAA07, 0x8965, 0x9A67, 0xC42A, 0xC388, 0xE54D, 0xAA89, 0x61AF,
  0x7235, 0x61F1, 0x212A, 0x0107, 0x0928, 0x09A9, 0x29C9, 0x18C3, 0x2A2B, 0x08E6, 0x18C8, 0xAAB5,
  0xAA53, 0x69EE, 0x31AA, 0x00A4, 0x0083, 0x0042, 0x0021, 0x0021, 0x0041, 0x0021, 0x0021, 0x0021,
  0x0001, 0x0000, 0x0001, 0x0021, 0x0000, 0x0001, 0x0001, 0x0042, 0x0042, 0x0021, 0x0021, 0x0022,
  0x0042, 0x0042, 0x0042, 0x0062, 0x0063, 0x0042, 0x0042, 0x0042, 0x0063, 0x1105, 0x0062, 0x0063,
  0x0063, 0x0063, 0x0063, 0x0063, 0x0063, 0x0063, 0x0063, 0x0063, 0x0063, 0x0063, 0x0084, 0x0063,
  0x0063, 0x08C4, 0x08E5, 0x0083, 0x0063, 0x0062, 0x0062, 0x0062, 0x0042, 0x0021, 0x0042, 0x0062,
  0x08E4, 0x00A3, 0x0062, 0x00E4, 0x0104, 0x0062, 0x00C4, 0x0042, 0x0861, 0x0021, 0x0021, 0x0021,
  0x08A3, 0x08A3, 0x0021, 0x0022, 0x0042, 0x0021, 0x0083, 0x08E4, 0x08A3, 0x0042, 0x0021, 0x0021,
  0x0001, 0x0021, 0x0001, 0x0022, 0x0842, 0x1042, 0x0022, 0x0001, 0x0001, 0x0000, 0x0000, 0x0021,
  0x0062, 0x0083, 0x00A3, 0x00A3, 0x1105, 0x10E4, 0x0021, 0x0022, 0x0022, 0x0022, 0x0042, 0x0022,
  0x0022, 0x0022, 0x0021, 0x1802, 0x3805, 0x2803, 0x0001, 0x08A2, 0x1103, 0x0882, 0x0001, 0x0022,
  0x0022, 0x0022, 0x0022, 0x0022, 0x0062, 0x00A4, 0x00C7, 0x08A9, 0x08AD, 0x4B77, 0x4B14, 0x18CE,
  0x2150, 0x194F, 0x194E, 0x216E, 0x196E, 0x196E, 0x112E, 0x196F, 0x19B0, 0x4314, 0x53F6, 0x751A,
  0x859B, 0x7D39, 0x3AD3, 0x29D1, 0x190E, 0x190E, 0x192F, 0x192E, 0x212D, 0x190B, 0x190B, 0x1909,
  0x0866, 0x390B, 0x1886, 0x0001, 0x0083, 0x0063, 0x0022, 0x0042, 0x0063, 0x1105, 0x0043, 0x0042,
  0x0042, 0x0043, 0x0063, 0x0063, 0x0043, 0x0884, 0x08A5, 0x10C5, 0x18E6, 0x10A6, 0x10E5, 0x1145,
  0x1986, 0x1105, 0x0001, 0x0022, 0x0042, 0x0022, 0x0084, 0x0063, 0x0042, 0x0022, 0x0044, 0x1148,
  0x08A5, 0x1107, 0x1927, 0x2126, 0x2126, 0x3968, 0x3968, 0x3168, 0x2969, 0x18C5, 0x0884, 0x00A4,
  0x08C5, 0x1147, 0x21A9, 0x0906, 0x0064, 0x0043, 0x0063, 0x0084, 0x00C5, 0x0927, 0x1188, 0x1188,
  0x1947, 0x2946, 0x4905, 0x8986, 0xBA68, 0xBA68, 0x99A6, 0x99C6, 0xA227, 0xCBCA, 0xB228, 0x41AC,
  0x216E, 0x59F3, 0x7255, 0x396E, 0x08C7, 0x00C6, 0x2126, 0x18E4, 0x326B, 0x08E6, 0x20C8, 0xA234,
  0xAA93, 0x6A0F, 0x39EB, 0x0084, 0x0083, 0x0062, 0x0042, 0x0022, 0x0022, 0x0021, 0x0021, 0x0021,
  0x0041, 0x0042, 0x0042, 0x0021, 0x0021, 0x0021, 0x0021, 0x0062, 0x0063, 0x0021, 0x0042, 0x0042,
  0x0062, 0x0063, 0x0063, 0x0063, 0x0083, 0x0062, 0x0063, 0x0042, 0x0083, 0x1105, 0x0063, 0x0063,
  0x0083, 0x0084, 0x0084, 0x0083, 0x00A4, 0x00C4, 0x0083, 0x0083, 0x0083, 0x00C4, 0x00A4, 0x0083,
  0x0083, 0x00A4, 0x00E5, 0x00C4, 0x0083, 0x0083, 0x0083, 0x0062, 0x0882, 0x0862, 0x0042, 0x0062,
  0x1125, 0x00E4, 0x00A3, 0x00E4, 0x0105, 0x00A3, 0x00C4, 0x0062, 0x0821, 0x0021, 0x0042, 0x0021,
  0x08E4, 0x08E4, 0x0021, 0x0042, 0x0042, 0x0041, 0x0083, 0x08A3, 0x0001, 0x0000, 0x0062, 0x0063,
  0x0022, 0x0042, 0x0021, 0x0821, 0x1021, 0x1020, 0x1040, 0x0000, 0x0862, 0x2103, 0x0861, 0x0000,
  0x0062, 0x00A3, 0x0082, 0x0062, 0x08E4, 0x00A4, 0x0042, 0x0022, 0x0021, 0x0022, 0x0042, 0x0042,
  0x0001, 0x0022, 0x0021, 0x0001, 0x0021, 0x0021, 0x0041, 0x1143, 0x11C4, 0x00A2, 0x0001, 0x0042,
  0x0042, 0x0022, 0x0022, 0x0042, 0x0062, 0x00A5, 0x00C7, 0x08C9, 0x08AC, 0x4335, 0x42D4, 0x1910,
  0x2151, 0x1950, 0x110F, 0x114E, 0x118F, 0x19F0, 0x32D3, 0x4BB6, 0x6CF9, 0x6CD9, 0x5BF6, 0x4375,
  0x2A11, 0x112E, 0x212F, 0x212E, 0x214E, 0x192C, 0x194C, 0x110A, 0x08A8, 0x0086, 0x08A6, 0x10E6,
  0x0002, 0x38EA, 0x1866, 0x0001, 0x0083, 0x0083, 0x0043, 0x0042, 0x0064, 0x08A4, 0x0022, 0x0043,
  0x0043, 0x0864, 0x10A5, 0x10C6, 0x10C6, 0x18E6, 0x18C6, 0x18C6, 0x18E7, 0x10A6, 0x1105, 0x0945,
  0x1966, 0x1125, 0x0021, 0x0022, 0x0022, 0x0042, 0x08A4, 0x0022, 0x0042, 0x0021, 0x0023, 0x0907,
  0x08A5, 0x10E6, 0x18C6, 0x18C6, 0x18A6, 0x20A5, 0x20A6, 0x20A6, 0x20E7, 0x3149, 0x31AA, 0x2168,
  0x1106, 0x08C5, 0x0927, 0x1A0B, 0x1A4C, 0x11A9, 0x0084, 0x0043, 0x0043, 0x0063, 0x00C5, 0x0947,
  0x11A9, 0x09C9, 0x1167, 0x2105, 0x40C4, 0x8166, 0xB268, 0xBA89, 0x99C7, 0x8945, 0x8967, 0x3A2E,
  0x23B4, 0x11EE, 0x31AF, 0x5A14, 0x59F2, 0x10E9, 0x18C5, 0x2104, 0x328C, 0x0907, 0x20E9, 0xAA54,
  0xAA72, 0x7A70, 0x39CB, 0x00A4, 0x08A4, 0x0083, 0x0063, 0x0022, 0x0022, 0x0021, 0x0042, 0x0021,
  0x0042, 0x0042, 0x0062, 0x0883, 0x0883, 0x0022, 0x0021, 0x0083, 0x0083, 0x0022, 0x0042, 0x0063,
  0x0063, 0x0083, 0x0083, 0x0083, 0x0083, 0x0083, 0x0083, 0x0042, 0x0062, 0x0905, 0x00E5, 0x0084,
  0x00A4, 0x00A4, 0x00C4, 0x00C4, 0x00C4, 0x00E5, 0x00E5, 0x00A4, 0x00A4, 0x00C4, 0x08C5, 0x00A4,
  0x00A4, 0x08E5, 0x0926, 0x00A4, 0x0083, 0x00A3, 0x00A4, 0x0083, 0x10E4, 0x18C3, 0x0062, 0x00A4,
  0x11A7, 0x0125, 0x0987, 0x09A7, 0x09A7, 0x0946, 0x00E5, 0x08C4, 0x28A3, 0x0842, 0x0083, 0x0021,
  0x1166, 0x1166, 0x0021, 0x0042, 0x0042, 0x0041, 0x0041, 0x0000, 0x08C3, 0x4289, 0x1104, 0x0083,
  0x0043, 0x0884, 0x0022, 0x3146, 0x6228, 0x61E6, 0x51C7, 0x0883, 0x08A3, 0x2944, 0x0861, 0x0001,
  0x0063, 0x00A3, 0x0083, 0x0063, 0x0084, 0x0084, 0x0022, 0x0022, 0x0042, 0x0042, 0x0042, 0x0042,
  0x0001, 0x0022, 0x0021, 0x0021, 0x0021, 0x10C3, 0x08A2, 0x0902, 0x3BCA, 0x2206, 0x0002, 0x0043,
  0x0063, 0x0022, 0x0022, 0x0042, 0x0083, 0x00C5, 0x0085, 0x00A8, 0x00CC, 0x3B15, 0x3294, 0x10F1,
  0x1972, 0x19B1, 0x3AD4, 0x4354, 0x6CD9, 0x6CFA, 0x6498, 0x4355, 0x21F0, 0x198F, 0x08ED, 0x110D,
  0x110C, 0x190B, 0x10EA, 0x10C8, 0x08C7, 0x0065, 0x00A5, 0x0064, 0x0043, 0x0023, 0x0084, 0x08C5,
  0x0002, 0x38EA, 0x1866, 0x0000, 0x0063, 0x0063, 0x0023, 0x0022, 0x08A5, 0x10E6, 0x1085, 0x10A5,
  0x18C6, 0x18C6, 0x18C6, 0x18C6, 0x18A6, 0x18C7, 0x18C6, 0x18E7, 0x18C7, 0x10A6, 0x1125, 0x0945,
  0x1966, 0x1945, 0x0042, 0x0022, 0x0042, 0x0063, 0x08E4, 0x0001, 0x08A4, 0x0042, 0x0022, 0x1127,
  0x08C6, 0x20C7, 0x0844, 0x0824, 0x28A9, 0x514D, 0x598E, 0x61AF, 0x38A9, 0x1004, 0x0865, 0x18C6,
  0x1927, 0x320C, 0x1168, 0x0106, 0x11A9, 0x22CD, 0x2B4F, 0x22AD, 0x0106, 0x00A5, 0x0063, 0x00A4,
  0x00E5, 0x0988, 0x09C9, 0x09A8, 0x1167, 0x2106, 0x40E5, 0x8186, 0xAA28, 0xA1A6, 0x8948, 0x322E,
  0x3D7A, 0x2CB7, 0x1332, 0x09CE, 0x4212, 0x5A54, 0x416B, 0x20E4, 0x1147, 0x00E6, 0x2109, 0xBA96,
  0xB294, 0x8231, 0x49CC, 0x00A4, 0x08C5, 0x0084, 0x0063, 0x0022, 0x0042, 0x0022, 0x0042, 0x0042,
  0x0022, 0x0041, 0x0083, 0x0042, 0x0042, 0x0042, 0x0042, 0x00A4, 0x00A4, 0x0022, 0x0063, 0x0083,
  0x0084, 0x0084, 0x00A4, 0x0083, 0x0083, 0x0083, 0x0083, 0x0063, 0x0042, 0x0906, 0x0947, 0x00A4,
  0x00A5, 0x00A5, 0x00C5, 0x00C5, 0x00C5, 0x0926, 0x0926, 0x00C5, 0x08E6, 0x08E5, 0x0926, 0x00C5,
  0x08C5, 0x0906, 0x1168, 0x00A4, 0x0083, 0x00A4, 0x0084, 0x00A4, 0x0083, 0x0062, 0x0083, 0x00A4,
  0x1A09, 0x0946, 0x0125, 0x1AEB, 0x1ACB, 0x0105, 0x0946, 0x08E5, 0x1883, 0x0863, 0x00A4, 0x0021,
  0x1166, 0x1166, 0x0022, 0x0063, 0x0042, 0x0042, 0x0041, 0x19C6, 0x4C70, 0x4C4F, 0x0925, 0x00A4,
  0x0063, 0x0063, 0x0001, 0x31C9, 0x52CD, 0x4A8C, 0x4A8C, 0x10E5, 0x0084, 0x0043, 0x0021, 0x0042,
  0x0083, 0x0083, 0x0083, 0x0063, 0x10E7, 0x0084, 0x0042, 0x0022, 0x0083, 0x0062, 0x0062, 0x0021,
  0x0001, 0x0022, 0x0022, 0x0021, 0x0021, 0x0882, 0x0862, 0x0000, 0x2A67, 0x19C6, 0x0023, 0x0063,
  0x0084, 0x0063, 0x0022, 0x0042, 0x0084, 0x00C5, 0x0064, 0x00A7, 0x00CC, 0x32F5, 0x5C59, 0x3B15,
  0x5C59, 0x7D5B, 0x6478, 0x4BB6, 0x3272, 0x29F0, 0x112E, 0x110D, 0x110C, 0x192C, 0x110A, 0x1109,
  0x10E8, 0x08A6, 0x0085, 0x08C5, 0x00A4, 0x00A4, 0x08A4, 0x0063, 0x0043, 0x0043, 0x08C5, 0x10C5,
  0x0002, 0x38EA, 0x1886, 0x0000, 0x0042, 0x0863, 0x1084, 0x1084, 0x20E7, 0x18E7, 0x18A6, 0x18A6,
  0x18C6, 0x18A6, 0x18C6, 0x18A6, 0x20E7, 0x20E7, 0x18A6, 0x18E7, 0x18C7, 0x18C6, 0x1125, 0x0945,
  0x1145, 0x1966, 0x0083, 0x0022, 0x0043, 0x0063, 0x0063, 0x0022, 0x08C4, 0x0042, 0x0022, 0x0064,
  0x1085, 0x416C, 0x0824, 0x2888, 0xAB17, 0xC3DA, 0xBB99, 0xB337, 0xBB58, 0x8A72, 0x2847, 0x0824,
  0x0865, 0x42AE, 0x32AE, 0x19EA, 0x0106, 0x00C5, 0x120A, 0x1AAD, 0x33F2, 0x2B70, 0x120A, 0x0127,
  0x00E5, 0x00E5, 0x00E5, 0x0926, 0x09A8, 0x11A8, 0x1967, 0x2926, 0x4905, 0x7966, 0x99EB, 0x3A30,
  0x1BB5, 0x24B7, 0x35DB, 0x3538, 0x12F1, 0x2A11, 0x5A50, 0x28E6, 0x10C7, 0x00A5, 0x2129, 0x92D4,
  0x8A33, 0x7232, 0x418C, 0x08A5, 0x08E5, 0x00A4, 0x0083, 0x0042, 0x0042, 0x0022, 0x0042, 0x0022,
  0x0063, 0x0883, 0x0883, 0x0042, 0x0042, 0x0062, 0x0042, 0x00A4, 0x08A4, 0x0042, 0x0083, 0x00A4,
  0x0084, 0x0084, 0x00A4, 0x0084, 0x0083, 0x0084, 0x00A4, 0x0083, 0x0063, 0x1126, 0x1188, 0x00A5,
  0x00C6, 0x08E6, 0x0907, 0x00E6, 0x00E6, 0x00E6, 0x00C5, 0x00C5, 0x00C5, 0x08E6, 0x0947, 0x08E6,
  0x0906, 0x1168, 0x11C9, 0x00E5, 0x0083, 0x00A4, 0x00A4, 0x00A4, 0x00A4, 0x0084, 0x08E5, 0x0905,
  0x1A09, 0x0966, 0x00A4, 0x1229, 0x124A, 0x00C4, 0x09A8, 0x0926, 0x0042, 0x0083, 0x00A4, 0x0063,
  0x0084, 0x0083, 0x0042, 0x0062, 0x0042, 0x0062, 0x0965, 0x346F, 0x3D53, 0x3C70, 0x0965, 0x00E5,
  0x0084, 0x0084, 0x0022, 0x2989, 0x320B, 0x21EB, 0x320B, 0x08E5, 0x00E6, 0x0085, 0x0042, 0x0042,
  0x00A4, 0x0063, 0x0063, 0x0084, 0x08C7, 0x0084, 0x0083, 0x0042, 0x0083, 0x0062, 0x0083, 0x0063,
  0x0883, 0x0063, 0x0022, 0x0042, 0x0062, 0x10C3, 0x08C2, 0x1A25, 0x2AC8, 0x1145, 0x00C6, 0x0043,
  0x08C5, 0x0063, 0x0083, 0x08C5, 0x00A4, 0x0927, 0x0064, 0x0908, 0x090D, 0x32D5, 0x7D7C, 0x7D3B,
  0x4B97, 0x2A54, 0x1970, 0x08CD, 0x08CC, 0x08CA, 0x08EA, 0x10EA, 0x08E9, 0x1108, 0x08E7, 0x08C6,
  0x08C5, 0x0064, 0x0063, 0x08E5, 0x00A4, 0x08C5, 0x00A4, 0x0043, 0x0043, 0x0023, 0x10E5, 0x08A5,
  0x0002, 0x38E9, 0x1886, 0x0001, 0x0021, 0x1084, 0x18A6, 0x1885, 0x20E7, 0x18A6, 0x18A5, 0x18C6,
  0x18C6, 0x18C6, 0x20E7, 0x20C7, 0x2108, 0x2108, 0x20E7, 0x2929, 0x292A, 0x1907, 0x1125, 0x0945,
  0x1145, 0x1966, 0x08A3, 0x0001, 0x0042, 0x0042, 0x0022, 0x0063, 0x10E5, 0x0022, 0x0023, 0x10E7,
  0x1086, 0x414C, 0x1846, 0xB377, 0x614F, 0x0805, 0x2809, 0xA295, 0x58AD, 0x89F2, 0xAAD5, 0x492A,
  0x0845, 0x530F, 0x4370, 0x4474, 0x3B30, 0x218A, 0x1168, 0x0106, 0x09A9, 0x1AAC, 0x2BB1, 0x2BB1,
  0x126C, 0x09A9, 0x0106, 0x0084, 0x00A4, 0x08E6, 0x1168, 0x1167, 0x1947, 0x20E5, 0x30E7, 0x2A2F,
  0x2334, 0x1BF6, 0x2518, 0x2559, 0x2D7A, 0x1C56, 0x224F, 0x28E7, 0x51AF, 0x396D, 0x08C6, 0x0865,
  0x1066, 0x1066, 0x0864, 0x08C5, 0x0906, 0x08E5, 0x08A4, 0x0042, 0x0042, 0x0022, 0x0042, 0x0022,
  0x08A3, 0x08A3, 0x08A3, 0x0063, 0x0883, 0x0063, 0x0062, 0x00A4, 0x08A4, 0x0043, 0x0084, 0x00A4,
  0x0084, 0x00A4, 0x00A5, 0x00A4, 0x0084, 0x00A4, 0x00A4, 0x00A4, 0x0083, 0x08E5, 0x0947, 0x00C6,
  0x08E6, 0x0906, 0x0906, 0x08E6, 0x00E6, 0x00E6, 0x00E6, 0x0906, 0x00E6, 0x0947, 0x19C9, 0x0927,
  0x0907, 0x11A9, 0x1A0A, 0x00E4, 0x00A3, 0x00A4, 0x00A4, 0x00C5, 0x00A4, 0x00A4, 0x08E5, 0x0926,
  0x226A, 0x0987, 0x0105, 0x0146, 0x0167, 0x0106, 0x11EA, 0x0947, 0x20A4, 0x0883, 0x00A3, 0x0083,
  0x0083, 0x0063, 0x0063, 0x1905, 0x0042, 0x0062, 0x09E8, 0x2CD1, 0x3532, 0x44B0, 0x1186, 0x0105,
  0x00A5, 0x08E5, 0x0043, 0x31C9, 0x3AEC, 0x334C, 0x532C, 0x1126, 0x0107, 0x0085, 0x0042, 0x0063,
  0x00C5, 0x0063, 0x0063, 0x0084, 0x0885, 0x0063, 0x0063, 0x0022, 0x0084, 0x0063, 0x08C5, 0x0084,
  0x0083, 0x0042, 0x0001, 0x0022, 0x0063, 0x0042, 0x2247, 0x5D0E, 0x8E95, 0x32AA, 0x0084, 0x0063,
  0x0906, 0x0084, 0x0906, 0x1127, 0x08E6, 0x1988, 0x0085, 0x116A, 0x114C, 0x090D, 0x1150, 0x1130,
  0x08CD, 0x08AB, 0x08CA, 0x08C9, 0x08A8, 0x00A7, 0x08A6, 0x0085, 0x0064, 0x08E6, 0x00A4, 0x08C5,
  0x08C5, 0x0063, 0x0084, 0x08E6, 0x0063, 0x0084, 0x00A5, 0x0084, 0x0064, 0x0043, 0x10E6, 0x0884,
  0x0043, 0x30E9, 0x1886, 0x0001, 0x0021, 0x1084, 0x18A5, 0x18A6, 0x2107, 0x18C6, 0x18A6, 0x18C6,
  0x18C7, 0x20E8, 0x2108, 0x20E8, 0x292A, 0x314B, 0x316B, 0x39AD, 0x316C, 0x1948, 0x0925, 0x0925,
  0x1145, 0x1966, 0x08E4, 0x0022, 0x0042, 0x0022, 0x0022, 0x0083, 0x08C4, 0x0001, 0x0023, 0x29AB,
  0x2108, 0x392B, 0x30C9, 0xB358, 0x48EC, 0x8AD4, 0x9AD5, 0xB337, 0xA2D5, 0x9A94, 0xBB37, 0xAB15,
  0x2088, 0x5310, 0x4391, 0x769C, 0xA4DB, 0xBB58, 0xA376, 0x5B11, 0x124C, 0x01C9, 0x01C9, 0x0A0A,
  0x1ACD, 0x2BB1, 0x22ED, 0x1A4B, 0x0988, 0x08E6, 0x0084, 0x00A4, 0x00C5, 0x08A5, 0x10E6, 0x19CD,
  0x2BD6, 0x1BF6, 0x2DBB, 0x2D9A, 0x2DFB, 0x365C, 0x4517, 0x1947, 0x31AF, 0x4211, 0x08E6, 0x0145,
  0x0145, 0x0104, 0x0042, 0x08E5, 0x19A8, 0x0946, 0x08C4, 0x0042, 0x0043, 0x0022, 0x0063, 0x0022,
  0x08A4, 0x1105, 0x10E5, 0x0883, 0x08A4, 0x0883, 0x0063, 0x0926, 0x0906, 0x0063, 0x00A4, 0x08C4,
  0x2164, 0x08C4, 0x00A5, 0x08C5, 0x00A5, 0x08E6, 0x00E6, 0x0084, 0x0084, 0x00A4, 0x19A8, 0x0927,
  0x00E6, 0x08E6, 0x0907, 0x08E6, 0x0106, 0x0926, 0x0906, 0x0906, 0x00E6, 0x1168, 0x222A, 0x0947,
  0x0948, 0x1189, 0x1A2B, 0x00C4, 0x0083, 0x00C5, 0x00C5, 0x08C5, 0x08C5, 0x00C5, 0x0927, 0x1188,
  0x22ED, 0x09C8, 0x09A8, 0x128B, 0x126B, 0x0167, 0x124B, 0x1168, 0x30E6, 0x10A4, 0x00C4, 0x0084,
  0x0084, 0x0063, 0x0063, 0x10E5, 0x0042, 0x0063, 0x126A, 0x2D54, 0x3DD5, 0x4D94, 0x11E7, 0x0925,
  0x00C5, 0x1126, 0x0043, 0x31E9, 0x4C4E, 0x4CCD, 0x6BEC, 0x2167, 0x0927, 0x0084, 0x0042, 0x0063,
  0x0905, 0x00A4, 0x0063, 0x0884, 0x0884, 0x0043, 0x0063, 0x0084, 0x1106, 0x08A4, 0x0042, 0x0022,
  0x0042, 0x0042, 0x0021, 0x0022, 0x00A4, 0x1167, 0x2ACA, 0x4C8F, 0x64F1, 0x1A09, 0x0084, 0x0084,
  0x1147, 0x0084, 0x0928, 0x0927, 0x0948, 0x1189, 0x00C6, 0x116A, 0x116B, 0x08E9, 0x0087, 0x08C8,
  0x00A6, 0x0085, 0x0084, 0x0084, 0x0063, 0x0043, 0x0063, 0x0042, 0x0022, 0x08E5, 0x0063, 0x0084,
  0x0063, 0x0023, 0x0084, 0x08C5, 0x0064, 0x08C5, 0x10E6, 0x10E6, 0x10A5, 0x10A5, 0x2107, 0x10A5,
  0x0864, 0x28E9, 0x1085, 0x0021, 0x0021, 0x10A5, 0x18A5, 0x20E7, 0x2108, 0x18C6, 0x20C7, 0x20E8,
  0x2109, 0x294A, 0x296A, 0x296B, 0x298C, 0x29AC, 0x21CC, 0x21AB, 0x19AA, 0x1146, 0x0924, 0x0925,
  0x1145, 0x1165, 0x1105, 0x0042, 0x0042, 0x0022, 0x0021, 0x0883, 0x0883, 0x0001, 0x0023, 0x2149,
  0x18C7, 0x392B, 0x28A8, 0xA2F6, 0x50ED, 0xB378, 0x6990, 0x50CE, 0x8233, 0x7A11, 0x486B, 0xBB37,
  0x518C, 0x4ACF, 0x4BB1, 0x7EBC, 0xC53D, 0xF45E, 0xEC7D, 0x9499, 0x5E19, 0x4597, 0x23D1, 0x12AC,
  0x122A, 0x09C9, 0x09E9, 0x2B0E, 0x1A4C, 0x0948, 0x00A4, 0x0084, 0x0064, 0x0063, 0x10C5, 0x096B,
  0x3C78, 0x23F6, 0x1CB8, 0x2D9A, 0x361B, 0x367C, 0x3D98, 0x19E9, 0x2393, 0x22D1, 0x0947, 0x45B4,
  0x35B3, 0x1BED, 0x00E4, 0x00A4, 0x0926, 0x11A8, 0x08C4, 0x0042, 0x0063, 0x0042, 0x0063, 0x0042,
  0x08C4, 0x2A49, 0x1146, 0x0883, 0x0883, 0x0883, 0x0083, 0x1167, 0x1167, 0x0063, 0x00A5, 0x08E4,
  0x83C8, 0x2963, 0x0085, 0x08E6, 0x00C6, 0x0927, 0x0907, 0x00A4, 0x00A4, 0x00A4, 0x19C9, 0x0927,
  0x00E6, 0x08E6, 0x0906, 0x00C5, 0x19E9, 0x330C, 0x0947, 0x00C5, 0x08E6, 0x0927, 0x1188, 0x0928,
  0x0948, 0x11AA, 0x1A4C, 0x00E5, 0x00A4, 0x08E5, 0x08E6, 0x00E5, 0x08E6, 0x08C5, 0x0947, 0x09C9,
  0x2B4E, 0x1209, 0x12AB, 0x23F0, 0x132D, 0x12ED, 0x128C, 0x11EA, 0x18A5, 0x08A4, 0x0905, 0x0083,
  0x0084, 0x0063, 0x0063, 0x29A7, 0x0042, 0x00A3, 0x12EB, 0x3636, 0x673A, 0x6698, 0x1248, 0x0946,
  0x00E5, 0x1167, 0x0042, 0x31C9, 0x3B6E, 0x336E, 0x532D, 0x2987, 0x0927, 0x0084, 0x0042, 0x0063,
  0x08E5, 0x0084, 0x0042, 0x0043, 0x0063, 0x0083, 0x08E5, 0x1106, 0x0084, 0x0063, 0x0042, 0x0863,
  0x10C4, 0x08A4, 0x0022, 0x0043, 0x00C5, 0x0947, 0x0106, 0x0105, 0x0105, 0x0926, 0x00A4, 0x08C5,
  0x1127, 0x00A5, 0x1148, 0x0948, 0x0969, 0x1189, 0x08E6, 0x1149, 0x116A, 0x114A, 0x08C6, 0x0085,
  0x0064, 0x0063, 0x0043, 0x0042, 0x0022, 0x0042, 0x0063, 0x0022, 0x0022, 0x08A4, 0x0022, 0x0084,
  0x0885, 0x08A5, 0x1907, 0x1106, 0x10C6, 0x1907, 0x1907, 0x18E7, 0x18C6, 0x18C7, 0x2108, 0x10A5,
  0x20C5, 0x3108, 0x1085, 0x0021, 0x0042, 0x0885, 0x18A6, 0x28E8, 0x2108, 0x18E7, 0x2109, 0x296B,
  0x216A, 0x21AB, 0x1989, 0x19CA, 0x11EB, 0x122A, 0x124B, 0x124A, 0x228B, 0x1166, 0x0924, 0x0924,
  0x1145, 0x1145, 0x1145, 0x0062, 0x0021, 0x0022, 0x0001, 0x0883, 0x0083, 0x0001, 0x0043, 0x2148,
  0x18A6, 0x390B, 0x28A8, 0xA317, 0x50CD, 0xAB76, 0x386B, 0xB398, 0xB358, 0x81F2, 0x384A, 0xB316,
  0x494B, 0x4AAE, 0x4371, 0x6E5B, 0xBDBD, 0xECBD, 0xDC9C, 0x94F9, 0x6F1C, 0x6F7C, 0x6F3C, 0x4DD7,
  0x34B3, 0x234E, 0x0988, 0x0967, 0x00C5, 0x08E5, 0x0084, 0x00A4, 0x0064, 0x0083, 0x08C5, 0x114B,
  0x1230, 0x1AD2, 0x351A, 0x2D7A, 0x35DB, 0x2DDA, 0x4DF9, 0x11C9, 0x3516, 0x33F4, 0x0106, 0x4E36,
  0x46D7, 0x1CCF, 0x09E8, 0x0023, 0x00E5, 0x1A2A, 0x08E5, 0x0042, 0x0063, 0x0042, 0x0083, 0x0043,
  0x08E5, 0x1167, 0x1105, 0x18E6, 0x3169, 0x10A4, 0x00A4, 0x19C9, 0x19C8, 0x0063, 0x00A4, 0x08E3,
  0xB509, 0x39A3, 0x0085, 0x08E6, 0x00E6, 0x0948, 0x0107, 0x0085, 0x00A5, 0x00A5, 0x0106, 0x0907,
  0x0907, 0x0106, 0x0907, 0x0106, 0x0106, 0x0927, 0x0107, 0x00E6, 0x00C6, 0x0947, 0x19EA, 0x0948,
  0x0948, 0x11AA, 0x1A6D, 0x00E5, 0x00A4, 0x00E6, 0x0106, 0x00C5, 0x00A4, 0x0906, 0x2A4B, 0x122B,
  0x2BAF, 0x12AC, 0x12EC, 0x134E, 0x130D, 0x1B8F, 0x12AD, 0x120B, 0x00A5, 0x08C5, 0x0926, 0x0083,
  0x0083, 0x0063, 0x0042, 0x2125, 0x0042, 0x00A4, 0x134E, 0x571B, 0x573C, 0x3E59, 0x1269, 0x0967,
  0x00E6, 0x1967, 0x0022, 0x31C9, 0x330E, 0x2B8E, 0x534D, 0x2187, 0x0948, 0x00A5, 0x0042, 0x0043,
  0x00C5, 0x0084, 0x0063, 0x08C5, 0x08C5, 0x08C4, 0x0063, 0x0042, 0x0063, 0x18C4, 0x3104, 0x4944,
  0x59A5, 0x1882, 0x0001, 0x0042, 0x0063, 0x0064, 0x0063, 0x0083, 0x0084, 0x0084, 0x0063, 0x0063,
  0x08C4, 0x0084, 0x00A5, 0x00A5, 0x0927, 0x1147, 0x0084, 0x00A5, 0x00C7, 0x00A7, 0x08A7, 0x08C6,
  0x0084, 0x0043, 0x0022, 0x0022, 0x0022, 0x0043, 0x0043, 0x0043, 0x08A4, 0x08C5, 0x0885, 0x1907,
  0x1907, 0x18C7, 0x2128, 0x1907, 0x18C6, 0x18E7, 0x18E7, 0x18E7, 0x20E7, 0x20E7, 0x2909, 0x20E7,
  0x2907, 0x3929, 0x1086, 0x0000, 0x2A28, 0x21E9, 0x1887, 0x20E8, 0x18E8, 0x08E6, 0x0906, 0x0968,
  0x09A9, 0x120A, 0x2ACC, 0x3B2E, 0x438F, 0x43AF, 0x6CB3, 0xBEDB, 0xAE39, 0x1166, 0x0904, 0x0925,
  0x1145, 0x1145, 0x1145, 0x0083, 0x0001, 0x0022, 0x0022, 0x08A4, 0x0063, 0x0001, 0x0044, 0x218A,
  0x18C7, 0x392C, 0x30CA, 0xAB37, 0x50ED, 0xBBF8, 0x590E, 0xB357, 0x380A, 0x8A33, 0xAAF5, 0xAA95,
  0x410B, 0x426D, 0x430F, 0x5DF9, 0x85FB, 0xA4D9, 0xD53D, 0x9D3A, 0x6F1C, 0x779D, 0x673C, 0x675C,
  0x7FBE, 0x5DF7, 0x0A09, 0x11A9, 0x00C5, 0x08C4, 0x0084, 0x00A4, 0x0063, 0x00A4, 0x08E5, 0x31AE,
  0x31F1, 0x116D, 0x12B1, 0x2C56, 0x3559, 0x35BA, 0x45B8, 0x1187, 0x34B5, 0x2B93, 0x00E6, 0x4D94,
  0x4ED7, 0x2D72, 0x0A08, 0x0023, 0x0906, 0x224A, 0x08E5, 0x0043, 0x0063, 0x0042, 0x00A4, 0x0063,
  0x10E5, 0x1126, 0x10E4, 0x10A4, 0x18C5, 0x08A4, 0x0084, 0x19C9, 0x19C8, 0x0063, 0x00A4, 0x08E3,
  0xACE9, 0x39A4, 0x00A5, 0x0907, 0x08E7, 0x0989, 0x0968, 0x00A5, 0x00A5, 0x00A5, 0x0947, 0x0947,
  0x0927, 0x0927, 0x0927, 0x0927, 0x0948, 0x0948, 0x0927, 0x1168, 0x0927, 0x1188, 0x21EA, 0x0948,
  0x1149, 0x11CA, 0x1A8D, 0x0106, 0x00C5, 0x0907, 0x08E6, 0x00E6, 0x08C5, 0x0906, 0x19C9, 0x1AAD,
  0x2BB0, 0x1B0E, 0x130D, 0x2472, 0x2452, 0x0AAD, 0x1B0F, 0x1A2B, 0x2106, 0x08E5, 0x08E5, 0x00A4,
  0x00A4, 0x0063, 0x0862, 0x2945, 0x0063, 0x00A4, 0x1B6E, 0x5F5C, 0x4F5C, 0x2E39, 0x126A, 0x1187,
  0x00C5, 0x0063, 0x0022, 0x39C9, 0x63CE, 0x6CAD, 0x73AC, 0x2167, 0x0948, 0x0085, 0x0042, 0x0863,
  0x08C5, 0x08E5, 0x00A4, 0x0083, 0x0063, 0x0022, 0x0862, 0x28E4, 0x4965, 0x69C5, 0x81E4, 0x6963,
  0x6183, 0x4103, 0x0001, 0x0042, 0x0042, 0x0043, 0x0043, 0x0063, 0x08A4, 0x0063, 0x0043, 0x0043,
  0x0063, 0x0063, 0x0064, 0x00A5, 0x08E6, 0x08E6, 0x0085, 0x08E6, 0x08C6, 0x00A6, 0x0086, 0x08C7,
  0x08E7, 0x0907, 0x08E6, 0x0084, 0x0043, 0x0864, 0x10A5, 0x18C6, 0x18E7, 0x10C6, 0x10A6, 0x18E7,
  0x18C6, 0x10A6, 0x2128, 0x18E7, 0x18C6, 0x2107, 0x2108, 0x18E8, 0x18E8, 0x2108, 0x292A, 0x18E8,
  0x10C6, 0x20E8, 0x1085, 0x0000, 0x432C, 0x2A8B, 0x0002, 0x0063, 0x0084, 0x0926, 0x2A4A, 0x434E,
  0x4BCF, 0x4BCF, 0xAE7A, 0xEFDF, 0xE7DF, 0xE7DF, 0xEFFF, 0xAE9B, 0x4B70, 0x0904, 0x0904, 0x0924,
  0x1145, 0x1145, 0x1145, 0x08A3, 0x0021, 0x0042, 0x0042, 0x08C5, 0x0063, 0x0001, 0x0065, 0x298A,
  0x18A7, 0x412D, 0x390B, 0xB378, 0x48AD, 0xA316, 0x7190, 0xC3D9, 0x9254, 0xBB78, 0xCBB9, 0xDC1B,
  0x30A8, 0x428E, 0x2ACE, 0x4577, 0x5E1A, 0x7558, 0xCD9C, 0x8D59, 0x673C, 0x675C, 0x6F7D, 0x6F5D,
  0x4658, 0x5E18, 0x0A2A, 0x09A9, 0x00E5, 0x08C5, 0x00A4, 0x00A4, 0x0063, 0x00A4, 0x08E5, 0x49AE,
  0x8277, 0x6214, 0x31D1, 0x11AE, 0x0A2F, 0x3496, 0x44D5, 0x0926, 0x34B5, 0x33B3, 0x0107, 0x55B5,
  0x6739, 0x2DD3, 0x0A29, 0x0022, 0x0926, 0x2AAB, 0x0905, 0x0063, 0x0063, 0x0042, 0x08C4, 0x0063,
  0x0905, 0x1146, 0x1105, 0x0884, 0x0883, 0x0883, 0x0063, 0x08E5, 0x08C5, 0x0063, 0x00A4, 0x08A4,
  0x5AEA, 0x2166, 0x00A5, 0x1107, 0x0907, 0x11CA, 0x1A4B, 0x00A5, 0x00C5, 0x00C5, 0x1188, 0x0947,
  0x0927, 0x0907, 0x0907, 0x0907, 0x0948, 0x0927, 0x0927, 0x19A8, 0x0907, 0x1188, 0x19C9, 0x0928,
  0x0928, 0x0969, 0x1AAE, 0x0126, 0x00C5, 0x1147, 0x29A8, 0x00E5, 0x08E6, 0x00E5, 0x0988, 0x22AD,
  0x2BAF, 0x12ED, 0x138F, 0x2576, 0x1D56, 0x030E, 0x1B91, 0x1A4C, 0x30E6, 0x0884, 0x0084, 0x11C9,
  0x0967, 0x0063, 0x08A4, 0x29A7, 0x0084, 0x00C4, 0x1B8F, 0x36FC, 0x26BA, 0x66BB, 0x1A4A, 0x1147,
  0x0084, 0x0043, 0x0022, 0x39A9, 0x636E, 0x63CE, 0x632D, 0x2967, 0x1147, 0x0063, 0x0842, 0x10C4,
  0x00C4, 0x0043, 0x0022, 0x0842, 0x28A3, 0x4924, 0x6164, 0x71A4, 0x7183, 0x7162, 0x81E3, 0x8A85,
  0x6183, 0x5164, 0x0001, 0x0042, 0x0043, 0x0043, 0x0063, 0x0084, 0x0064, 0x0043, 0x0043, 0x0043,
  0x0064, 0x0064, 0x0085, 0x00C6, 0x0108, 0x00E7, 0x00E8, 0x0949, 0x0929, 0x0908, 0x0928, 0x0949,
  0x1169, 0x0907, 0x0908, 0x08A5, 0x0043, 0x0885, 0x18A6, 0x1886, 0x18C7, 0x10A6, 0x1085, 0x18C7,
  0x18A7, 0x18C7, 0x2949, 0x18E7, 0x18C7, 0x1908, 0x1929, 0x1108, 0x1128, 0x1128, 0x1128, 0x0948,
  0x1148, 0x214A, 0x1086, 0x0000, 0x3B0B, 0x2A8B, 0x0002, 0x0084, 0x0906, 0x2209, 0xA638, 0xCF3C,
  0xCF3C, 0xC6FC, 0x7D56, 0x64B5, 0x64D6, 0x5CB5, 0x5C74, 0x5455, 0x224B, 0x00E4, 0x0925, 0x0924,
  0x1145, 0x1145, 0x1145, 0x1104, 0x0022, 0x0022, 0x0042, 0x0083, 0x0042, 0x0001, 0x0885, 0x29AA,
  0x18A7, 0x414D, 0x1867, 0x30C9, 0x38AB, 0xAB57, 0x510D, 0x61AF, 0x8A53, 0xAAF6, 0x3089, 0x494B,
  0x1886, 0x3A8E, 0x4CB5, 0x5EBB, 0x671C, 0x6E5A, 0x75DA, 0x4D16, 0x56FB, 0x46BA, 0x6F7D, 0x6F5D,
  0x4E99, 0x5617, 0x0A29, 0x09A8, 0x00E5, 0x08C5, 0x00A4, 0x0084, 0x0063, 0x00A4, 0x08E5, 0x1109,
  0x396F, 0x6A14, 0x8AD8, 0x6A95, 0x31CF, 0x094C, 0x220C, 0x08E5, 0x3474, 0x4456, 0x0968, 0x55F6,
  0x56D7, 0x2DF3, 0x0A49, 0x0022, 0x00A4, 0x1A09, 0x1146, 0x0063, 0x0084, 0x0043, 0x00A4, 0x0063,
  0x0906, 0x1187, 0x21A8, 0x08C4, 0x08A4, 0x0883, 0x0084, 0x0906, 0x0906, 0x0063, 0x00A5, 0x08C5,
  0x10E6, 0x1107, 0x08E6, 0x1128, 0x0907, 0x11EA, 0x22CD, 0x00A5, 0x08E6, 0x00E6, 0x1188, 0x0927,
  0x0927, 0x0906, 0x08E6, 0x0906, 0x0906, 0x1168, 0x1188, 0x0906, 0x00E6, 0x1147, 0x19C9, 0x0948,
  0x0948, 0x0989, 0x1AAE, 0x0126, 0x0906, 0x1168, 0x1147, 0x0906, 0x08E6, 0x00E6, 0x1189, 0x124C,
  0x2C11, 0x1390, 0x1CF5, 0x2679, 0x1DD7, 0x1D15, 0x1C53, 0x22CD, 0x40E6, 0x1063, 0x00A4, 0x11A8,
  0x0926, 0x0063, 0x08C5, 0x326B, 0x00A4, 0x00E5, 0x1BD0, 0x473C, 0x4F3D, 0x5535, 0x0926, 0x00A5,
  0x0063, 0x0085, 0x0043, 0x31A9, 0x3A4C, 0x2A4C, 0x52AD, 0x2988, 0x1126, 0x0043, 0x0842, 0x10C4,
  0x08C5, 0x28C4, 0x4924, 0x6164, 0x6984, 0x6943, 0x7162, 0x79C3, 0x71C3, 0x8265, 0x8223, 0x92A5,
  0x71C4, 0x4944, 0x0001, 0x0043, 0x0043, 0x0063, 0x0084, 0x1127, 0x324D, 0x324E, 0x3A4F, 0x324F,
  0x3A90, 0x42D1, 0x4AD2, 0x52F2, 0x5B74, 0x6354, 0x6BB5, 0x7BF6, 0x73D6, 0x6395, 0x73B5, 0x7C17,
  0x3AF1, 0x0908, 0x08E7, 0x00A6, 0x0064, 0x10A6, 0x1086, 0x1086, 0x18C7, 0x10A6, 0x18A6, 0x20C7,
  0x18C8, 0x1909, 0x216A, 0x10E8, 0x0908, 0x1169, 0x1189, 0x11CA, 0x19EA, 0x1A0B, 0x11EB, 0x11EA,
  0x11CA, 0x216B, 0x1086, 0x0000, 0x3289, 0x226C, 0x0023, 0x00C5, 0x1987, 0x19E8, 0x226B, 0x224B,
  0x3B90, 0x3B90, 0x3B91, 0x3BB2, 0x3BD3, 0x3BD3, 0x43D3, 0x4372, 0x1187, 0x0904, 0x0924, 0x0924,
  0x1145, 0x1145, 0x1145, 0x1125, 0x0062, 0x0022, 0x0083, 0x08C4, 0x0083, 0x0021, 0x0885, 0x29AA,
  0x10A7, 0x396C, 0x1045, 0x2047, 0x71D0, 0xAB17, 0x386A, 0x2008, 0x694F, 0xBB58, 0x408A, 0x2887,
  0x0865, 0x42AE, 0x2B0F, 0x3432, 0x4D56, 0x5EBB, 0x5F3D, 0x4659, 0x4EBA, 0x4EBA, 0x777D, 0x777D,
  0x4E99, 0x4DD6, 0x0A09, 0x0988, 0x00C5, 0x08E5, 0x00A4, 0x0083, 0x0063, 0x08C5, 0x08E5, 0x3B0F,
  0x3331, 0x116B, 0x294D, 0x6213, 0x7A76, 0x6A34, 0x41AD, 0x10A5, 0x124D, 0x3353, 0x09EB, 0x5637,
  0x5696, 0x3E14, 0x0A49, 0x0043, 0x0022, 0x00A4, 0x0905, 0x0083, 0x0063, 0x0043, 0x0084, 0x0022,
  0x1106, 0x1167, 0x19A8, 0x08C4, 0x08A4, 0x00A4, 0x08C5, 0x00A4, 0x1168, 0x00C5, 0x0084, 0x08C6,
  0x08C6, 0x1107, 0x08E7, 0x0928, 0x0107, 0x120B, 0x2ACD, 0x00C5, 0x00E6, 0x00E6, 0x1188, 0x0927,
  0x0907, 0x0907, 0x0906, 0x0906, 0x0907, 0x1168, 0x1168, 0x1148, 0x0927, 0x1168, 0x19A9, 0x0928,
  0x0928, 0x0969, 0x1A8D, 0x0926, 0x1147, 0x11A9, 0x0928, 0x0907, 0x0907, 0x0907, 0x11CA, 0x1AEE,
  0x2C12, 0x1390, 0x1CD5, 0x2E59, 0x2E59, 0x1CF5, 0x1C33, 0x22AD, 0x5107, 0x1084, 0x00A4, 0x00E6,
  0x00E6, 0x0084, 0x0084, 0x00A5, 0x00A4, 0x00C5, 0x1AED, 0x3CB4, 0x234F, 0x09C9, 0x10E5, 0x2126,
  0x0085, 0x0085, 0x0043, 0x31C9, 0x4A0B, 0x51C9, 0x6A8C, 0x31A8, 0x1147, 0x0063, 0x0862, 0x20C4,
  0x4945, 0x7164, 0x7183, 0x6143, 0x48A1, 0x6184, 0x69C4, 0x6A04, 0x7A85, 0x7A64, 0x7A03, 0x8264,
  0x71A3, 0x5164, 0x0001, 0x0063, 0x0043, 0x0043, 0x0064, 0x1189, 0x5A8F, 0x7A71, 0x9313, 0x9334,
  0x9B55, 0x8AF4, 0x9B36, 0x9B76, 0xA417, 0xA3D7, 0xB49A, 0xBD1B, 0xABF8, 0xA376, 0xBBF8, 0xBC39,
  0x42F2, 0x0128, 0x08E6, 0x00A5, 0x0885, 0x18E8, 0x18A7, 0x18C8, 0x2129, 0x10C8, 0x10C7, 0x10E7,
  0x10C7, 0x1948, 0x1168, 0x0968, 0x11C9, 0x11EA, 0x122A, 0x124B, 0x122B, 0x1A4B, 0x5C32, 0x6472,
  0x6C93, 0x6BF3, 0x10A8, 0x0000, 0x29E8, 0x220A, 0x0065, 0x08E6, 0x0063, 0x00C5, 0x1A0A, 0x0968,
  0x3BD1, 0x43F3, 0x4413, 0x4C34, 0x4C54, 0x5475, 0x5414, 0x3B10, 0x0905, 0x0904, 0x0924, 0x0904,
  0x1125, 0x1125, 0x1125, 0x1145, 0x08A4, 0x0043, 0x0063, 0x0063, 0x0063, 0x0001, 0x0885, 0x21AA,
  0x10C7, 0x314B, 0x0825, 0x8AB3, 0xC3B9, 0xAAD6, 0xC3B9, 0xBB59, 0xCB79, 0xCB9A, 0xCBB9, 0x61AD,
  0x0864, 0x428E, 0x21EA, 0x11A9, 0x09CA, 0x1AEE, 0x2BF1, 0x2452, 0x6F1C, 0x673B, 0x56DA, 0x779C,
  0x4E99, 0x4DD6, 0x09E9, 0x0968, 0x00A4, 0x08C5, 0x00A4, 0x0063, 0x0063, 0x08E5, 0x00E6, 0x4BB0,
  0x9E9B, 0x7DD9, 0x3B91, 0x098B, 0x190B, 0x59D2, 0x7232, 0x18C5, 0x192A, 0x29EF, 0x09CA, 0x5E36,
  0x5EB7, 0x3DF4, 0x1249, 0x08E5, 0x0084, 0x0022, 0x0063, 0x00A4, 0x0063, 0x0022, 0x0063, 0x1063,
  0x18E5, 0x1167, 0x21C9, 0x1126, 0x00A4, 0x0084, 0x08C4, 0x0063, 0x1188, 0x08E6, 0x0084, 0x08E6,
  0x08E7, 0x1108, 0x0907, 0x1189, 0x0927, 0x11CA, 0x228C, 0x00C5, 0x00E6, 0x0106, 0x11A9, 0x0107,
  0x0907, 0x0907, 0x0927, 0x0907, 0x0907, 0x0927, 0x0927, 0x0927, 0x0927, 0x1168, 0x11A9, 0x0927,
  0x0927, 0x0948, 0x228D, 0x0946, 0x1126, 0x19EA, 0x0928, 0x0907, 0x08E6, 0x10E6, 0x11EA, 0x2390,
  0x23D0, 0x132F, 0x0AEF, 0x1433, 0x1433, 0x030F, 0x1C13, 0x2A8D, 0x5927, 0x18C5, 0x00C5, 0x122B,
  0x1A6C, 0x00C5, 0x0063, 0x00A4, 0x0084, 0x00C5, 0x0106, 0x00C5, 0x18E5, 0x49A6, 0x9B2A, 0x59C7,
  0x0064, 0x0085, 0x0064, 0x420A, 0x7AAC, 0x71E9, 0x726B, 0x29A8, 0x1147, 0x0064, 0x0862, 0x38E3,
  0x6943, 0x6101, 0x69C3, 0x7A66, 0x5983, 0x6163, 0x5983, 0x82C6, 0x8AC5, 0x8AC5, 0x8A64, 0x92C6,
  0x79E4, 0x5985, 0x0002, 0x0063, 0x0084, 0x08C5, 0x0084, 0x1169, 0x6A8F, 0xCB33, 0xAC97, 0xA5B7,
  0xB515, 0xABB4, 0xD4F9, 0x95B8, 0x967A, 0xA539, 0xC63D, 0xBE7D, 0xBCB8, 0xD476, 0xF67B, 0xE5DB,
  0x5332, 0x0128, 0x08E6, 0x08A5, 0x0044, 0x10A7, 0x0886, 0x0886, 0x10C6, 0x0064, 0x0064, 0x0084,
  0x0064, 0x0906, 0x11A9, 0x09C9, 0x332E, 0x74F4, 0x7D35, 0x7D56, 0x7D55, 0x8DB7, 0xCFBE, 0xC73D,
  0xD77E, 0xA63B, 0x18C9, 0x0001, 0x1966, 0x1988, 0x0085, 0x0907, 0x0063, 0x08C5, 0x1A0A, 0x0947,
  0x3B70, 0x43D3, 0x3BB2, 0x3BB2, 0x43F3, 0x3B30, 0x32B0, 0x2A2C, 0x0104, 0x0924, 0x0904, 0x0904,
  0x1125, 0x1125, 0x1125, 0x1145, 0x08E4, 0x0042, 0x0042, 0x0042, 0x0042, 0x0001, 0x08A6, 0x21AA,
  0x10A6, 0x292A, 0x0023, 0x2087, 0x2888, 0x2888, 0x38CA, 0x38CB, 0x38CA, 0x38A9, 0x30C9, 0x1886,
  0x0064, 0x3A8D, 0x2A4B, 0x2A2B, 0x2A4B, 0x0947, 0x09A9, 0x126C, 0x23B0, 0x3CF4, 0x5E58, 0x5EB9,
  0x7F9D, 0x6617, 0x09C8, 0x0967, 0x00A4, 0x08C5, 0x00A4, 0x0063, 0x0063, 0x1105, 0x08C5, 0x116A,
  0x2B0F, 0x5C73, 0x8619, 0x75B8, 0x5474, 0x1A2D, 0x298B, 0x18C5, 0x498E, 0x6A33, 0x1169, 0x45D5,
  0x4655, 0x3DF3, 0x0A28, 0x00A4, 0x08E5, 0x0063, 0x0084, 0x0063, 0x0042, 0x1883, 0x28C4, 0x20C4,
  0x0883, 0x00C5, 0x0905, 0x1987, 0x1167, 0x08C5, 0x00A4, 0x0084, 0x1168, 0x00E5, 0x00A5, 0x0907,
  0x0907, 0x1128, 0x0907, 0x11A9, 0x11A9, 0x11C9, 0x2ACD, 0x00C5, 0x08E6, 0x00E6, 0x1A0A, 0x1189,
  0x0106, 0x0927, 0x1148, 0x0927, 0x19C9, 0x11E9, 0x0968, 0x0947, 0x0927, 0x1168, 0x19A9, 0x0907,
  0x0906, 0x0948, 0x1A4C, 0x0106, 0x1168, 0x1A0B, 0x0948, 0x1107, 0x41A9, 0x4168, 0x19EA, 0x23D1,
  0x2BD1, 0x130F, 0x024D, 0x13F2, 0x0C32, 0x02EE, 0x2454, 0x2AAD, 0x5907, 0x18A5, 0x0084, 0x00C5,
  0x0906, 0x0084, 0x0064, 0x0085, 0x0085, 0x00C6, 0x00A5, 0x4986, 0x9268, 0x7185, 0x6944, 0x4924,
  0x0064, 0x0085, 0x0085, 0x4A2B, 0x82AD, 0x828B, 0x82ED, 0x31A8, 0x1147, 0x0084, 0x1083, 0x3103,
  0x6143, 0x8225, 0x7265, 0x7245, 0x79C3, 0x71A3, 0x69C3, 0x9326, 0x8AA5, 0x8A64, 0x9264, 0x8181,
  0x9225, 0x5165, 0x0022, 0x0063, 0x0063, 0x08A4, 0x0063, 0x1989, 0x6A8F, 0xCB75, 0x8D17, 0x96B7,
  0xBE96, 0xBC53, 0xE579, 0xB699, 0x8CD3, 0xBC35, 0xEE7C, 0xF75E, 0xD4F7, 0xE517, 0xF67A, 0xE578,
  0x5B74, 0x0128, 0x08E6, 0x08A5, 0x0864, 0x10C7, 0x08A7, 0x08A5, 0x08A5, 0x0063, 0x00C4, 0x08E5,
  0x1188, 0x2ACC, 0x64F4, 0x8596, 0xAEBB, 0xE7FF, 0xE7FF, 0xDFFF, 0xDFFF, 0xE7FF, 0x7DD9, 0x33F5,
  0x4456, 0x4395, 0x18C9, 0x0001, 0x1946, 0x21EA, 0x00C6, 0x1168, 0x0084, 0x08E5, 0x1A2A, 0x0127,
  0x334F, 0x3B71, 0x4392, 0x4372, 0x4392, 0x2A8E, 0x420E, 0x31AA, 0x00E3, 0x0904, 0x0904, 0x0904,
  0x1125, 0x1125, 0x1125, 0x1145, 0x1124, 0x0022, 0x0043, 0x0083, 0x0042, 0x0001, 0x08A6, 0x21AA,
  0x10A6, 0x316A, 0x18A5, 0x20C5, 0x18A5, 0x0864, 0x0864, 0x0864, 0x0884, 0x0064, 0x1106, 0x1948,
  0x1127, 0x3AAD, 0x32CD, 0x2AAC, 0x3ACD, 0x1188, 0x226C, 0x2B0F, 0x22CD, 0x1ACD, 0x12ED, 0x0AEC,
  0x23AF, 0x2B8E, 0x09A8, 0x0947, 0x00A4, 0x0906, 0x00A4, 0x0042, 0x0083, 0x1106, 0x00C5, 0x1168,
  0x0989, 0x0969, 0x120B, 0x3BB0, 0x75B8, 0x8E7B, 0x6C94, 0x10E5, 0x192A, 0x31AE, 0x0927, 0x244F,
  0x2D31, 0x3572, 0x09E8, 0x0084, 0x00C5, 0x0084, 0x0084, 0x20C5, 0x3106, 0x3126, 0x20A3, 0x0021,
  0x0042, 0x0064, 0x00A4, 0x0063, 0x00A4, 0x1147, 0x1167, 0x00A5, 0x1189, 0x0906, 0x00A5, 0x0927,
  0x08E6, 0x1107, 0x1127, 0x0927, 0x0927, 0x120B, 0x2B0E, 0x00A5, 0x08E6, 0x00E6, 0x19C9, 0x0968,
  0x0907, 0x0907, 0x0927, 0x0947, 0x4BAF, 0x330D, 0x0968, 0x0948, 0x0927, 0x0968, 0x1188, 0x0907,
  0x0906, 0x0948, 0x120B, 0x0127, 0x1168, 0x1189, 0x0948, 0x08E6, 0x92EE, 0x8A6B, 0x220A, 0x2433,
  0x2412, 0x130F, 0x2432, 0x2EBA, 0x2699, 0x1D36, 0x1C53, 0x228C, 0x6128, 0x18E6, 0x00E6, 0x08E6,
  0x08E6, 0x0907, 0x1989, 0x19AA, 0x118A, 0x0949, 0x00A5, 0x5186, 0x6944, 0x3082, 0x3082, 0x38E4,
  0x0064, 0x00A5, 0x0085, 0x526B, 0x7B2F, 0x7B4E, 0x6B4F, 0x2187, 0x1147, 0x0064, 0x1083, 0x3103,
  0x6983, 0x8A65, 0x8285, 0xA387, 0xA2C5, 0xA2C6, 0x8A44, 0x9AA5, 0x89C2, 0x9A43, 0xA264, 0xBB27,
  0xA2C8, 0x4104, 0x0023, 0x0064, 0x0063, 0x08C4, 0x0063, 0x1148, 0x6A2F, 0xCB14, 0xCCF8, 0xDE7A,
  0xE5B8, 0xE477, 0xED59, 0xEF1C, 0xBC34, 0xCB94, 0xF67C, 0xF75E, 0xE5B9, 0xF63A, 0xE599, 0xCCD9,
  0x4B53, 0x0949, 0x08E6, 0x08C5, 0x08A5, 0x1949, 0x1108, 0x08C6, 0x08C5, 0x08A5, 0x1189, 0x11EA,
  0x2AEE, 0x336F, 0x7577, 0x8DD8, 0x85FA, 0x54F8, 0x5D18, 0x54F7, 0x4CD7, 0x4C96, 0x3C35, 0x2B93,
  0x3373, 0x2A91, 0x18A9, 0x0001, 0x2166, 0x2A2B, 0x00E7, 0x1168, 0x0084, 0x00C4, 0x222B, 0x0927,
  0x3B50, 0x32F0, 0x3B0F, 0x3B0F, 0x32CF, 0x2A2D, 0x6AD2, 0x2968, 0x00E3, 0x0904, 0x0904, 0x0904,
  0x1125, 0x1125, 0x1125, 0x1125, 0x1145, 0x0042, 0x0084, 0x08E5, 0x0063, 0x0001, 0x08A6, 0x21AA,
  0x08A5, 0x398B, 0x3148, 0x3947, 0x2905, 0x0884, 0x10C5, 0x10E6, 0x10E6, 0x00A5, 0x220B, 0x32AE,
  0x328D, 0x3ACD, 0x3B0D, 0x32CD, 0x32ED, 0x1188, 0x2A8C, 0x3B4F, 0x3B4F, 0x334F, 0x336F, 0x2B2E,
  0x0A0A, 0x1A0A, 0x1189, 0x0927, 0x00A4, 0x1106, 0x00A4, 0x0043, 0x0084, 0x0906, 0x00C5, 0x0107,
  0x0988, 0x11A9, 0x11C9, 0x11A9, 0x120B, 0x2B4F, 0x5C12, 0x1105, 0x4BF1, 0x4C53, 0x0947, 0x0167,
  0x1269, 0x1229, 0x08E5, 0x00A4, 0x08C5, 0x0063, 0x28E5, 0x5167, 0x2926, 0x18E5, 0x0000, 0x0062,
  0x0042, 0x0022, 0x08A4, 0x08C4, 0x0043, 0x0063, 0x0946, 0x1188, 0x11EA, 0x0927, 0x00C6, 0x0907,
  0x6B50, 0x420B, 0x08E6, 0x0906, 0x00C5, 0x120A, 0x2AED, 0x00A5, 0x08E6, 0x00E6, 0x1168, 0x0907,
  0x0907, 0x0907, 0x0927, 0x0927, 0x0148, 0x0968, 0x0948, 0x0928, 0x0927, 0x0968, 0x11A8, 0x0906,
  0x0106, 0x0947, 0x09A9, 0x0126, 0x0947, 0x1189, 0x0948, 0x08E6, 0x8AAD, 0x81EA, 0x220A, 0x2494,
  0x2CB4, 0x132F, 0x1C11, 0x2699, 0x2658, 0x1411, 0x1BF2, 0x224B, 0x6108, 0x2127, 0x11C9, 0x00C5,
  0x0907, 0x74B5, 0x8517, 0x7CD6, 0x7D78, 0x3B70, 0x0023, 0x51A7, 0x38C3, 0x0821, 0x38E3, 0x4145,
  0x0063, 0x08C5, 0x0043, 0x4A6C, 0x53D3, 0x4BF3, 0x4BD2, 0x1968, 0x1127, 0x0063, 0x1083, 0x3124,
  0x6143, 0x9285, 0x8A44, 0xA2A4, 0x91E2, 0x99E3, 0xA244, 0xAAA5, 0x9A45, 0x8A45, 0x5964, 0x38E3,
  0x28A3, 0x1883, 0x0064, 0x0084, 0x0084, 0x1106, 0x0043, 0x19AA, 0x6AB1, 0xA272, 0xAAF4, 0xC457,
  0xCBD7, 0xD418, 0xC4D9, 0xCEBD, 0xA4B8, 0x93F7, 0xA55A, 0x953A, 0x8D1A, 0x957B, 0x7478, 0x7C99,
  0x64B8, 0x0949, 0x08E6, 0x08C5, 0x08A6, 0x1149, 0x08C7, 0x08E7, 0x08C5, 0x0084, 0x1A0B, 0x1A4C,
  0x1A4D, 0x22AE, 0x1A8E, 0x0A4D, 0x33B3, 0x4CB8, 0x4C77, 0x4457, 0x4456, 0x3C16, 0x33B4, 0x2B52,
  0x2B32, 0x2A0E, 0x18A8, 0x0002, 0x21A7, 0x2A6C, 0x0107, 0x1148, 0x0084, 0x00C4, 0x224B, 0x0927,
  0x332F, 0x32F0, 0x4391, 0x43B1, 0x4392, 0x220D, 0x4A4E, 0x1105, 0x0904, 0x0904, 0x0904, 0x0904,
  0x1125, 0x1125, 0x1125, 0x1125, 0x1145, 0x08A3, 0x0042, 0x0083, 0x0063, 0x0021, 0x08A6, 0x21AA,
  0x08A5, 0x318A, 0x3127, 0x3947, 0x20E4, 0x0884, 0x08A4, 0x10C5, 0x10E6, 0x0084, 0x21CA, 0x21CA,
  0x1947, 0x1947, 0x1987, 0x1988, 0x32AC, 0x1188, 0x2A6C, 0x224C, 0x222B, 0x224B, 0x226B, 0x2A8C,
  0x11C9, 0x1A0A, 0x1188, 0x0947, 0x00C5, 0x1126, 0x08A4, 0x0043, 0x0084, 0x00C5, 0x21C8, 0x5BCF,
  0x2A6A, 0x0967, 0x0967, 0x0967, 0x11A9, 0x09A9, 0x21CA, 0x18E4, 0x2A8B, 0x7D96, 0x19E9, 0x0084,
  0x0084, 0x0084, 0x0084, 0x0084, 0x00A4, 0x1083, 0x5167, 0x18A3, 0x10A4, 0x0862, 0x0042, 0x0063,
  0x0062, 0x0022, 0x0042, 0x08A4, 0x0063, 0x0063, 0x0043, 0x0947, 0x2AED, 0x0968, 0x00C6, 0x0907,
  0xAC34, 0x624C, 0x00A5, 0x0907, 0x0107, 0x09CA, 0x1A4B, 0x00E6, 0x08E6, 0x0906, 0x0927, 0x0927,
  0x0927, 0x0928, 0x0928, 0x0927, 0x0948, 0x0148, 0x0928, 0x1188, 0x19A8, 0x0927, 0x1168, 0x0927,
  0x0927, 0x0948, 0x120B, 0x0947, 0x1168, 0x1189, 0x0968, 0x08E6, 0x92EE, 0x8A0B, 0x1A0A, 0x2494,
  0x2CD5, 0x1370, 0x0B0E, 0x2D76, 0x1412, 0x020B, 0x1BD1, 0x222B, 0x58E7, 0x2967, 0x228B, 0x0084,
  0x1128, 0x9D17, 0xB435, 0xAB74, 0x6311, 0x4BD2, 0x0023, 0x59C7, 0x6145, 0x5965, 0x59A6, 0x3965,
  0x0043, 0x0043, 0x0022, 0x3A6C, 0x42CF, 0x3A6D, 0x3A4C, 0x10E5, 0x1947, 0x0063, 0x1062, 0x3103,
  0x6963, 0x9224, 0x9204, 0x9A24, 0x9A66, 0x9225, 0x71E5, 0x40C2, 0x2062, 0x0822, 0x0842, 0x0042,
  0x0063, 0x0043, 0x0063, 0x0064, 0x0043, 0x0064, 0x0063, 0x1989, 0x42B0, 0x3A0E, 0x3A0E, 0x39EE,
  0x422F, 0x3A2E, 0x2A2F, 0x2A90, 0x2A6F, 0x2A90, 0x226F, 0x1A8F, 0x1A6F, 0x1A6F, 0x1A4F, 0x2290,
  0x3B72, 0x0948, 0x08E6, 0x08A5, 0x0884, 0x2107, 0x18C7, 0x1107, 0x08A5, 0x08A5, 0x1A0B, 0x22CF,
  0x2B11, 0x2B10, 0x3392, 0x22EF, 0x2B30, 0x3BB4, 0x3BB4, 0x3BB4, 0x3393, 0x3373, 0x3332, 0x22AF,
  0x1A0C, 0x08C7, 0x1887, 0x0002, 0x21C7, 0x32CD, 0x0907, 0x1148, 0x0064, 0x00C4, 0x226C, 0x0127,
  0x32EE, 0x32EF, 0x5C96, 0x5497, 0x4C15, 0x220C, 0x1989, 0x08E4, 0x0904, 0x08E4, 0x0904, 0x0904,
  0x0905, 0x1125, 0x1125, 0x1124, 0x1125, 0x08E4, 0x0063, 0x0083, 0x0062, 0x0001, 0x08C6, 0x21AA,
  0x08A5, 0x318B, 0x4169, 0x3947, 0x20E5, 0x08C5, 0x08C5, 0x10E6, 0x10E5, 0x0084, 0x21EA, 0x21EA,
  0x1968, 0x19A9, 0x21A8, 0x08E5, 0x2A8C, 0x1188, 0x226C, 0x330F, 0x2B30, 0x22AD, 0x2A8C, 0x328C,
  0x1188, 0x19EA, 0x11A9, 0x0926, 0x00C4, 0x1126, 0x00A4, 0x0042, 0x0083, 0x00C4, 0x2A09, 0x9D94,
  0xB636, 0x9D73, 0x5BAE, 0x2A8A, 0x09A8, 0x0106, 0x1947, 0x20E4, 0x0063, 0x0906, 0x1168, 0x00E6,
  0x0906, 0x00C6, 0x00A4, 0x0063, 0x0043, 0x3925, 0x1862, 0x0883, 0x18C4, 0x0001, 0x0042, 0x0022,
  0x0022, 0x0002, 0x0001, 0x0063, 0x0043, 0x0043, 0x0023, 0x0084, 0x19EA, 0x1188, 0x00C6, 0x1107,
  0x9B30, 0x61AA, 0x08E6, 0x1127, 0x0107, 0x11A9, 0x226C, 0x0106, 0x0907, 0x0906, 0x32AC, 0x0968,
  0x0907, 0x0927, 0x0928, 0x0907, 0x11CA, 0x126D, 0x09CA, 0x1188, 0x19A8, 0x0947, 0x0948, 0x1148,
  0x0927, 0x0989, 0x3B90, 0x1188, 0x1146, 0x11A8, 0x0968, 0x0907, 0x9B2F, 0x928C, 0x1A0A, 0x24B4,
  0x2C73, 0x1B50, 0x024C, 0x1390, 0x1390, 0x020B, 0x1B90, 0x19EA, 0x50E7, 0x2967, 0x1A4A, 0x00A5,
  0x1169, 0x9CD7, 0xE57A, 0xFDDC, 0xAC57, 0x53D2, 0x0023, 0x5A49, 0x59C6, 0x30E3, 0x0862, 0x0023,
  0x2087, 0x516C, 0x18A6, 0x0084, 0x0063, 0x0023, 0x0043, 0x0043, 0x0083, 0x0022, 0x1062, 0x20C2,
  0x7206, 0x79E4, 0x6184, 0x4104, 0x30E4, 0x1863, 0x0864, 0x0084, 0x0084, 0x08C5, 0x0083, 0x0022,
  0x0083, 0x0084, 0x0063, 0x0084, 0x0043, 0x0063, 0x0084, 0x08C5, 0x0906, 0x08E6, 0x0906, 0x0906,
  0x00E6, 0x00E6, 0x00E5, 0x0906, 0x00C5, 0x00C5, 0x00C5, 0x00C4, 0x1124, 0x1945, 0x2165, 0x1946,
  0x00E5, 0x08E6, 0x08E6, 0x10C6, 0x28C5, 0x4106, 0x28C5, 0x10E6, 0x0084, 0x08C5, 0x226D, 0x3351,
  0x3BB3, 0x3372, 0x4415, 0x1AAF, 0x22AF, 0x3352, 0x3351, 0x3352, 0x3352, 0x2B32, 0x2AF1, 0x096A,
  0x11A9, 0x29EC, 0x20A8, 0x0001, 0x3229, 0x432F, 0x00E7, 0x0948, 0x0084, 0x00A4, 0x224B, 0x0107,
  0x32ED, 0x226D, 0x3B31, 0x3352, 0x3B11, 0x21EB, 0x0906, 0x0904, 0x0904, 0x08E4, 0x08E4, 0x08E4,
  0x1105, 0x1105, 0x1125, 0x1124, 0x1124, 0x1104, 0x08C5, 0x0083, 0x0062, 0x0001, 0x08C7, 0x21A9,
  0x08A5, 0x318A, 0x3948, 0x3926, 0x2106, 0x1128, 0x1128, 0x1127, 0x10E5, 0x0083, 0x21EA, 0x2A4B,
  0x2A4B, 0x32AD, 0x3ACD, 0x1127, 0x224B, 0x1168, 0x222B, 0x3310, 0x43F3, 0x332F, 0x2AAC, 0x32AC,
  0x1188, 0x19CA, 0x1189, 0x0926, 0x00A4, 0x1126, 0x00A4, 0x0042, 0x0083, 0x08E5, 0x0926, 0x1A4A,
  0x436D, 0x74B1, 0x95B4, 0xB677, 0xA5D5, 0x8CF2, 0x4AAA, 0x18A3, 0x0063, 0x00A5, 0x0906, 0x0907,
  0x09A9, 0x0168, 0x00E5, 0x0063, 0x28C4, 0x30E4, 0x0000, 0x18A4, 0x1062, 0x0001, 0x0001, 0x0001,
  0x0001, 0x0001, 0x0001, 0x0043, 0x0043, 0x0002, 0x0002, 0x0044, 0x00C5, 0x1107, 0x1127, 0x08E6,
  0xAB51, 0x6A0B, 0x08E6, 0x0927, 0x0947, 0x0968, 0x19C9, 0x00E6, 0x0927, 0x0927, 0x3B6F, 0x0988,
  0x00E6, 0x0907, 0x0927, 0x0107, 0x228C, 0x4473, 0x22ED, 0x0107, 0x0927, 0x0948, 0x0127, 0x0927,
  0x0927, 0x11CA, 0x5CB4, 0x32EC, 0x0906, 0x11A8, 0x0948, 0x1127, 0x6A6C, 0x7A4B, 0x19E9, 0x2515,
  0x2CB3, 0x12EE, 0x0ACD, 0x3576, 0x2DD7, 0x1C11, 0x1B50, 0x220B, 0x50E7, 0x2127, 0x11C9, 0x0085,
  0x1149, 0x8C76, 0xBBD6, 0xDD1A, 0xB4B8, 0x5BF2, 0x00A5, 0x19A8, 0x0063, 0x0064, 0x18A6, 0x7A51,
  0xD3BA, 0xF49E, 0x498C, 0x0002, 0x0063, 0x0084, 0x1106, 0x1105, 0x10C4, 0x0883, 0x1062, 0x1082,
  0x0842, 0x0862, 0x0063, 0x0084, 0x0084, 0x0084, 0x0085, 0x0084, 0x00A4, 0x0063, 0x0882, 0x4206,
  0x2145, 0x0063, 0x0084, 0x00A4, 0x0023, 0x0063, 0x0063, 0x08C5, 0x08E5, 0x08C5, 0x08C5, 0x00A4,
  0x00A4, 0x00A4, 0x00A4, 0x08E5, 0x08E5, 0x08C4, 0x39E7, 0x6B6A, 0x944C, 0xAD2F, 0xAD0F, 0x7BAC,
  0x1105, 0x08C6, 0x0907, 0x18E6, 0x38E6, 0x30C5, 0x20A4, 0x10E6, 0x0063, 0x08C5, 0x224C, 0x3372,
  0x3BB3, 0x2B51, 0x4435, 0x1A8E, 0x1A6D, 0x2AF0, 0x2AF0, 0x2AF0, 0x2AF0, 0x2B10, 0x22AF, 0x0108,
  0x64D5, 0x853A, 0x28CA, 0x0000, 0x3229, 0x434F, 0x00E7, 0x1148, 0x0084, 0x00A4, 0x222B, 0x0107,
  0x2AAC, 0x226D, 0x43D2, 0x3B72, 0x3B11, 0x19AA, 0x00E4, 0x0904, 0x0904, 0x0904, 0x08E4, 0x08E4,
  0x1105, 0x1105, 0x1104, 0x1124, 0x1124, 0x1125, 0x08E5, 0x0063, 0x0063, 0x0001, 0x08E7, 0x21A9,
  0x08A5, 0x316A, 0x3127, 0x3126, 0x20E5, 0x1108, 0x1128, 0x1107, 0x1106, 0x0083, 0x19C9, 0x2A4B,
  0x2A4B, 0x32ED, 0x3AED, 0x1147, 0x19EA, 0x0927, 0x220A, 0x220A, 0x224B, 0x222B, 0x224B, 0x2A6B,
  0x1168, 0x1189, 0x1188, 0x0906, 0x00C4, 0x1126, 0x08A4, 0x0042, 0x08A4, 0x00A4, 0x1147, 0x43B0,
  0x43F1, 0x3BD0, 0x4431, 0x43AE, 0x5C0F, 0x744F, 0x5B0B, 0x1882, 0x0063, 0x00A4, 0x08E6, 0x0127,
  0x43B0, 0x7597, 0x438F, 0x0083, 0x3905, 0x1021, 0x0000, 0x0841, 0x0000, 0x0000, 0x0000, 0x0001,
  0x0001, 0x0001, 0x0001, 0x0002, 0x0002, 0x0001, 0x0002, 0x0023, 0x0022, 0x0884, 0x21A8, 0x08A5,
  0xA2AF, 0x71EB, 0x08E6, 0x1188, 0x11C9, 0x0147, 0x08C6, 0x518B, 0x1907, 0x0927, 0x0968, 0x1188,
  0x21C9, 0x0927, 0x0927, 0x0927, 0x0927, 0x0147, 0x0947, 0x0948, 0x0947, 0x0947, 0x0947, 0x0927,
  0x0927, 0x11EB, 0x6514, 0x4BAF, 0x0905, 0x1188, 0x0927, 0x1147, 0x2106, 0x4127, 0x21E9, 0x2555,
  0x2D14, 0x23B0, 0x1B4F, 0x2CF5, 0x24D4, 0x1370, 0x130F, 0x1A2B, 0x28A5, 0x10E6, 0x1188, 0x0064,
  0x1148, 0xA559, 0x9313, 0x8A30, 0xA415, 0x6432, 0x00A5, 0x1A0A, 0x00A5, 0x08A6, 0xA335, 0xF47E,
  0xBB79, 0x51CD, 0x10E6, 0x0083, 0x0064, 0x0084, 0x1926, 0x1926, 0x10E5, 0x08A3, 0x1082, 0x1082,
  0x0042, 0x0063, 0x0063, 0x0083, 0x0084, 0x0064, 0x0084, 0x00A4, 0x0063, 0x18C2, 0x72E6, 0xF6F2,
  0x41E5, 0x0002, 0x00A4, 0x0084, 0x0022, 0x0043, 0x0063, 0x0084, 0x00A4, 0x08C5, 0x00A4, 0x0084,
  0x00A4, 0x0083, 0x0884, 0x08C5, 0x08A4, 0x00A4, 0x2985, 0x41E6, 0x39A5, 0x41E6, 0x39C5, 0x2966,
  0x08E5, 0x00A5, 0x1128, 0x10E6, 0x30E6, 0x38E6, 0x20A5, 0x1926, 0x0063, 0x08A4, 0x222C, 0x2B30,
  0x3BB3, 0x33B3, 0x3392, 0x1A8E, 0x1A4D, 0x2ACF, 0x2ACF, 0x2AF0, 0x22CF, 0x22CF, 0x228F, 0x08E8,
  0x9DB7, 0xAE1C, 0x28AA, 0x0000, 0x3208, 0x432F, 0x0107, 0x1148, 0x0084, 0x00A4, 0x220A, 0x0106,
  0x226B, 0x226C, 0x4C32, 0x4C12, 0x4BF2, 0x1188, 0x08E4, 0x0904, 0x0904, 0x0904, 0x0904, 0x0904,
  0x0905, 0x1105, 0x0904, 0x1104, 0x1104, 0x1124, 0x08E4, 0x0062, 0x0062, 0x0002, 0x08E7, 0x19A9,
  0x08A5, 0x298A, 0x3147, 0x3105, 0x20E5, 0x0907, 0x1129, 0x1128, 0x1106, 0x0083, 0x19A9, 0x2A2B,
  0x2A6C, 0x2AAD, 0x3ACC, 0x1127, 0x19EA, 0x0926, 0x21C9, 0x220A, 0x2A6C, 0x2A6C, 0x326C, 0x326B,
  0x1148, 0x1168, 0x1168, 0x0906, 0x00C5, 0x0905, 0x0083, 0x0042, 0x0083, 0x00A4, 0x0926, 0x2AED,
  0x332E, 0x332E, 0x3B90, 0x22ED, 0x2B0D, 0x00E5, 0x0063, 0x18C3, 0x0063, 0x0084, 0x08E6, 0x00E6,
  0x74F5, 0xE7FF, 0x85D8, 0x53F0, 0x4229, 0x0021, 0x0862, 0x0000, 0x0000, 0x0000, 0x0000, 0x0001,
  0x0001, 0x0001, 0x0001, 0x0042, 0x08A3, 0x0001, 0x0002, 0x0907, 0x2ACD, 0x19A8, 0x08E6, 0x00E6,
  0x61CA, 0x69CB, 0x0907, 0x11A9, 0x1A2A, 0x1A0A, 0x1107, 0x49CC, 0x1948, 0x0927, 0x0927, 0x2209,
  0x4B2D, 0x0907, 0x0928, 0x0106, 0x0927, 0x0927, 0x0927, 0x0947, 0x11A8, 0x0948, 0x0927, 0x0927,
  0x0907, 0x1A0B, 0x7535, 0x434D, 0x0926, 0x1988, 0x0927, 0x0927, 0x1106, 0x3907, 0x29E9, 0x2575,
  0x2535, 0x1BAF, 0x132E, 0x0AED, 0x0B2E, 0x136F, 0x23D1, 0x2A0B, 0x28A5, 0x00A4, 0x1148, 0x00A5,
  0x1148, 0x6C33, 0x8C95, 0x8C34, 0x9494, 0x3A8C, 0x00C6, 0x11CA, 0x00A4, 0x08A5, 0x92D3, 0x92B4,
  0x20A7, 0x0002, 0x0083, 0x0083, 0x0063, 0x0043, 0x0023, 0x0023, 0x0023, 0x0022, 0x18A3, 0x10A3,
  0x0063, 0x0062, 0x0062, 0x0083, 0x0063, 0x0022, 0x0022, 0x0001, 0x3123, 0xB46A, 0xCD4C, 0x5A24,
  0x18C3, 0x0042, 0x08C5, 0x08A4, 0x0022, 0x0043, 0x0064, 0x00A4, 0x0084, 0x08A4, 0x0084, 0x0083,
  0x0084, 0x0063, 0x0063, 0x08C4, 0x0083, 0x0063, 0x0063, 0x0043, 0x0063, 0x0063, 0x0063, 0x00A4,
  0x08A5, 0x00A4, 0x0927, 0x08A5, 0x3906, 0x4927, 0x30E6, 0x1126, 0x0063, 0x08A4, 0x2A8D, 0x2ACF,
  0x3331, 0x3351, 0x2B31, 0x1A6E, 0x1A2D, 0x2AAF, 0x22AE, 0x22AF, 0x228E, 0x228E, 0x1A4E, 0x1129,
  0xB618, 0xCEDD, 0x312C, 0x0001, 0x1105, 0x21EB, 0x0928, 0x1148, 0x0085, 0x00A4, 0x19A9, 0x00E6,
  0x222A, 0x228C, 0x4BF2, 0x43D2, 0x3B51, 0x1167, 0x1104, 0x1125, 0x0925, 0x0904, 0x0904, 0x0904,
  0x0905, 0x0905, 0x0904, 0x0904, 0x1104, 0x1104, 0x1104, 0x0083, 0x0062, 0x0022, 0x08E8, 0x19A9,
  0x08A5, 0x298A, 0x3146, 0x3105, 0x20C4, 0x0908, 0x0949, 0x1149, 0x0906, 0x0083, 0x19A9, 0x2A4B,
  0x2A4B, 0x32AD, 0x3AAC, 0x1147, 0x222B, 0x0906, 0x19C9, 0x222B, 0x2A8C, 0x2A4B, 0x2A2B, 0x2A0A,
  0x1147, 0x19A9, 0x1988, 0x08E6, 0x00A4, 0x1106, 0x0083, 0x0062, 0x0063, 0x0084, 0x0927, 0x3BB1,
  0x2B0E, 0x1A2A, 0x2ACD, 0x22EE, 0x334F, 0x0968, 0x08C4, 0x18A3, 0x0062, 0x0084, 0x08E5, 0x0906,
  0x19EA, 0x5CD5, 0x3391, 0x4C32, 0x3B0E, 0x0926, 0x1105, 0x08A4, 0x08E6, 0x18C4, 0x0000, 0x0001,
  0x0083, 0x1188, 0x1988, 0x8D73, 0x95B3, 0x21E8, 0x00A5, 0x5432, 0x4411, 0x09A9, 0x08E6, 0x2948,
  0x2927, 0x2969, 0x1127, 0x19EA, 0x1A6C, 0x330D, 0x0927, 0x0107, 0x0127, 0x0106, 0x0106, 0x0947,
  0x0927, 0x0927, 0x0907, 0x00E6, 0x00E6, 0x0107, 0x0927, 0x0927, 0x0927, 0x0947, 0x0927, 0x0927,
  0x0907, 0x1A0B, 0x7D15, 0x0947, 0x0926, 0x1188, 0x0947, 0x0927, 0x10E5, 0x59C9, 0x4AAC, 0x35F7,
  0x2D14, 0x34D3, 0x2C93, 0x2CF4, 0x3514, 0x23AF, 0x1ACC, 0x2927, 0x5969, 0x0043, 0x00A5, 0x0085,
  0x00A4, 0x1107, 0x2969, 0xAC75, 0x8350, 0x0064, 0x00E5, 0x11A9, 0x0084, 0x0084, 0x0864, 0x0044,
  0x0042, 0x0063, 0x0043, 0x0042, 0x0042, 0x0043, 0x0023, 0x0044, 0x0064, 0x0043, 0x1082, 0x10A3,
  0x0084, 0x0063, 0x0063, 0x0062, 0x0041, 0x1061, 0x20C2, 0x7308, 0xCD8E, 0x72A5, 0x3122, 0x0042,
  0x0063, 0x0063, 0x08E5, 0x0064, 0x0022, 0x0043, 0x0064, 0x0084, 0x0083, 0x00A4, 0x0084, 0x0083,
  0x0083, 0x0883, 0x10C3, 0x2145, 0x2965, 0x2966, 0x1105, 0x00A4, 0x08C5, 0x08C5, 0x08C5, 0x08C5,
  0x08A5, 0x00A5, 0x0927, 0x10A5, 0x3906, 0x2884, 0x2906, 0x1126, 0x0063, 0x08C5, 0x226C, 0x1A2C,
  0x22AE, 0x1A6D, 0x22AF, 0x1A6D, 0x120C, 0x228E, 0x228E, 0x228E, 0x226D, 0x226D, 0x1A2D, 0x08E8,
  0x9DB7, 0xA63C, 0x18C9, 0x0002, 0x0063, 0x220B, 0x1148, 0x0928, 0x0085, 0x00A4, 0x1188, 0x00C6,
  0x1A0A, 0x226C, 0x4BB2, 0x4BD3, 0x32CE, 0x08E5, 0x1125, 0x1125, 0x1145, 0x1145, 0x1145, 0x1125,
  0x08E4, 0x1104, 0x0904, 0x0904, 0x1104, 0x0904, 0x0904, 0x08C4, 0x0042, 0x0022, 0x0908, 0x19A9,
  0x08A5, 0x216A, 0x3126, 0x3104, 0x20C4, 0x0928, 0x116A, 0x1149, 0x1106, 0x0084, 0x19EA, 0x224B,
  0x224B, 0x32CD, 0x3ACC, 0x0946, 0x222B, 0x00C5, 0x21A9, 0x1988, 0x1167, 0x1988, 0x19A9, 0x21C9,
  0x0927, 0x19C9, 0x19A9, 0x08E5, 0x0084, 0x1126, 0x0083, 0x0063, 0x0063, 0x00A4, 0x1147, 0x228D,
  0x332F, 0x1A4B, 0x2AAC, 0x22AC, 0x2ACD, 0x0947, 0x08A4, 0x18A3, 0x0043, 0x0084, 0x08E6, 0x00E6,
  0x1188, 0x22CF, 0x126D, 0x0168, 0x120B, 0x0968, 0x00C5, 0x00C6, 0x0107, 0x3147, 0x0821, 0x0000,
  0x08C3, 0x22EC, 0x226B, 0x3B2D, 0x19C8, 0x19A9, 0x0927, 0x64D4, 0x332E, 0x222B, 0x41EA, 0xBB92,
  0x49EB, 0x0107, 0x0928, 0x1A2B, 0x4453, 0x120A, 0x0107, 0x434E, 0x740B, 0x7C09, 0x6B28, 0x4A89,
  0x0927, 0x0927, 0x0927, 0x0906, 0x1946, 0x1967, 0x0927, 0x0947, 0x0927, 0x0926, 0x0906, 0x0927,
  0x0927, 0x11CA, 0x222B, 0x0107, 0x0947, 0x1188, 0x0947, 0x1127, 0x18A5, 0x61C9, 0x4AAC, 0x34F4,
  0x0A6C, 0x0189, 0x11A9, 0x320C, 0x2169, 0x0084, 0x0926, 0x2ACD, 0x00A5, 0x0064, 0x0084, 0x00A4,
  0x00A4, 0x00A4, 0x0884, 0x8A4E, 0x71ED, 0x0042, 0x00A4, 0x11A9, 0x0085, 0x0064, 0x0043, 0x0063,
  0x0043, 0x0042, 0x0043, 0x0042, 0x0022, 0x0084, 0x1169, 0x00A6, 0x0044, 0x0023, 0x10A3, 0x1083,
  0x0043, 0x0063, 0x0063, 0x0042, 0x5226, 0x8B89, 0x93AA, 0x8348, 0x41E5, 0x08A3, 0x0083, 0x1924,
  0x08A3, 0x0084, 0x0907, 0x0043, 0x0022, 0x0043, 0x0063, 0x0083, 0x0083, 0x0083, 0x0083, 0x0063,
  0x0883, 0x52A9, 0x9CB0, 0xAD10, 0xACEF, 0xA4F0, 0x3A08, 0x00A4, 0x0084, 0x08A4, 0x08C4, 0x08A4,
  0x08A4, 0x08A5, 0x0927, 0x10A5, 0x4927, 0x4106, 0x3147, 0x1126, 0x0063, 0x08E5, 0x224C, 0x1A0B,
  0x2AAE, 0x1A4D, 0x228E, 0x122C, 0x11EB, 0x1A6D, 0x1A6D, 0x226E, 0x1A4D, 0x226D, 0x224D, 0x08E8,
  0x7516, 0x6D5A, 0x10C9, 0x0022, 0x0083, 0x1988, 0x1169, 0x1148, 0x0085, 0x0084, 0x1168, 0x00C5,
  0x19EA, 0x1A0B, 0x224D, 0x1A0C, 0x1188, 0x08E4, 0x0904, 0x0904, 0x1125, 0x1145, 0x1145, 0x1125,
  0x08E4, 0x0904, 0x0904, 0x0904, 0x10E4, 0x08E4, 0x08E4, 0x08E4, 0x0042, 0x0022, 0x08E7, 0x21C8,
  0x08A5, 0x218A, 0x3146, 0x30E4, 0x20E5, 0x1149, 0x1149, 0x1949, 0x10E6, 0x0884, 0x2A2B, 0x2A6C,
  0x226C, 0x32ED, 0x3ACC, 0x0906, 0x220A, 0x4209, 0x6ACB, 0x7AEB, 0x7AAA, 0x82AA, 0x728B, 0x31EA,
  0x0927, 0x19EA, 0x19C9, 0x08C5, 0x0084, 0x1126, 0x0083, 0x0063, 0x0063, 0x00A4, 0x1988, 0x430E,
  0x32ED, 0x1A0A, 0x224B, 0x1A6B, 0x228C, 0x0946, 0x08A4, 0x18A3, 0x0063, 0x0084, 0x08E6, 0x00C6,
  0x0947, 0x22AD, 0x120B, 0x0127, 0x11CA, 0x0968, 0x00C5, 0x00C5, 0x10E6, 0x28C4, 0x0021, 0x0000,
  0x0082, 0x1A08, 0x0107, 0x0148, 0x0127, 0x0928, 0x0927, 0x7D55, 0x5C51, 0x430D, 0x62EE, 0xC312,
  0x6A0C, 0x0928, 0x0948, 0x1A6C, 0x3C74, 0x2B0E, 0x222B, 0x6C92, 0xCDCE, 0xFF0E, 0xEE0C, 0x93EB,
  0x1127, 0x0927, 0x0927, 0x1127, 0x39C7, 0x39E8, 0x1147, 0x1128, 0x0907, 0x00C5, 0x00C5, 0x0927,
  0x2A09, 0x19C9, 0x00E6, 0x00C6, 0x0927, 0x1188, 0x0948, 0x1107, 0x71CA, 0x40E5, 0x08C6, 0x0127,
  0x00E6, 0x00A5, 0x2908, 0xD3F6, 0xCC36, 0x9537, 0x6556, 0x232E, 0x00A5, 0x0064, 0x0084, 0x0083,
  0x0083, 0x0084, 0x0063, 0x714B, 0x612A, 0x0022, 0x0084, 0x19A9, 0x0085, 0x0043, 0x0043, 0x0063,
  0x0043, 0x0043, 0x0063, 0x21EA, 0x19E9, 0x19EA, 0x118A, 0x1989, 0x0907, 0x0002, 0x0883, 0x08A4,
  0x0043, 0x0043, 0x0063, 0x0042, 0x1081, 0x20E2, 0x1081, 0x0021, 0x0022, 0x00A4, 0x0062, 0xA48D,
  0x5246, 0x0043, 0x0907, 0x0043, 0x0022, 0x0043, 0x0063, 0x0063, 0x0083, 0x0083, 0x0063, 0x0062,
  0x0063, 0x10C3, 0x2124, 0x2144, 0x2124, 0x1904, 0x08C4, 0x00A5, 0x0084, 0x08A4, 0x08C4, 0x08A4,
  0x0084, 0x08C5, 0x0906, 0x0863, 0x4107, 0x40E6, 0x3168, 0x1127, 0x0064, 0x00C5, 0x226D, 0x224D,
  0x226D, 0x1A4D, 0x2AEF, 0x120C, 0x11EB, 0x22AE, 0x22AF, 0x226E, 0x1A4D, 0x1A4D, 0x1A2D, 0x1108,
  0x95B8, 0x85BB, 0x18C9, 0x0042, 0x0062, 0x00A4, 0x1169, 0x1149, 0x0085, 0x00A4, 0x1147, 0x00A5,
  0x19E9, 0x1A0B, 0x5C55, 0x5414, 0x0905, 0x08E4, 0x08E4, 0x08E4, 0x0904, 0x0904, 0x0904, 0x08E4,
  0x08E4, 0x0904, 0x0904, 0x08E4, 0x0904, 0x08E4, 0x08E4, 0x0904, 0x0062, 0x0022, 0x08E7, 0x21C8,
  0x0063, 0x1928, 0x2106, 0x28E5, 0x20E5, 0x10E6, 0x2107, 0x2907, 0x3107, 0x4128, 0x41AA, 0x324C,
  0x2AAD, 0x2AAD, 0x2A4B, 0x08E6, 0x1168, 0x29C8, 0x3A09, 0x4229, 0x4A2A, 0x522A, 0x522A, 0x320A,
  0x0927, 0x19C9, 0x19A9, 0x00C5, 0x0083, 0x1126, 0x08A4, 0x0883, 0x0063, 0x0084, 0x2A0A, 0x9D97,
  0x328C, 0x1A0A, 0x220A, 0x1A2A, 0x226B, 0x0926, 0x0884, 0x20A3, 0x0063, 0x0084, 0x08E6, 0x00A5,
  0x0906, 0x224B, 0x0988, 0x0106, 0x11C9, 0x1188, 0x00C5, 0x00A5, 0x2905, 0x1021, 0x0000, 0x0021,
  0x0000, 0x0863, 0x19AB, 0x098A, 0x0948, 0x0948, 0x0927, 0x6CD3, 0x5431, 0x3B0D, 0x530E, 0x5929,
  0x396A, 0x0948, 0x0908, 0x1A6C, 0x3412, 0x22AD, 0x224C, 0x1169, 0x39E9, 0x5A48, 0x5228, 0x2987,
  0x0907, 0x0927, 0x0927, 0x0907, 0x0907, 0x1147, 0x0927, 0x3187, 0x51E6, 0x6245, 0x5226, 0x08E5,
  0x73EC, 0x3229, 0x1189, 0x00C5, 0x0927, 0x1168, 0x0948, 0x1128, 0x61A9, 0x3906, 0x00A5, 0x00C6,
  0x00C6, 0x00C5, 0x18E7, 0xA332, 0xA352, 0x29A9, 0x23AF, 0x12CD, 0x0084, 0x0063, 0x0063, 0x0083,
  0x0083, 0x0083, 0x0063, 0x798C, 0x592A, 0x0022, 0x0083, 0x1188, 0x0064, 0x0043, 0x0062, 0x0042,
  0x1086, 0x0844, 0x00C5, 0x11CA, 0x11C9, 0x0968, 0x0085, 0x1989, 0x19A9, 0x0002, 0x0043, 0x08A5,
  0x0064, 0x0043, 0x0063, 0x0042, 0x08A3, 0x18E4, 0x0021, 0x0043, 0x08A4, 0x00A4, 0x0862, 0x8AA7,
  0x4984, 0x0084, 0x08E6, 0x0023, 0x0022, 0x0043, 0x0063, 0x0063, 0x0083, 0x0063, 0x0042, 0x0063,
  0x0063, 0x0063, 0x08C5, 0x00C5, 0x08C5, 0x00A5, 0x00C5, 0x00A5, 0x0084, 0x08A4, 0x08C4, 0x0884,
  0x0084, 0x08E6, 0x08C5, 0x0022, 0x20C5, 0x28C5, 0x2988, 0x1126, 0x0084, 0x00C5, 0x226D, 0x1A6D,
  0x1A0B, 0x1A0C, 0x2AEF, 0x11EB, 0x11CB, 0x1A6D, 0x1A4D, 0x42D0, 0x2A4D, 0x1A0C, 0x19EB, 0x08C6,
  0x63F3, 0x8D5B, 0x210A, 0x0022, 0x0042, 0x0905, 0x19A9, 0x1149, 0x0085, 0x00A4, 0x1127, 0x00A5,
  0x19E9, 0x19C9, 0x2A4C, 0x220B, 0x00E4, 0x08E4, 0x08E4, 0x08E4, 0x08E4, 0x08E4, 0x0904, 0x0904,
  0x08E4, 0x0904, 0x0904, 0x0904, 0x0904, 0x0904, 0x0904, 0x0904, 0x08A3, 0x0022, 0x08E7, 0x21C8,
  0x0021, 0x0021, 0x0021, 0x0021, 0x0021, 0x0021, 0x0822, 0x0821, 0x1022, 0x1042, 0x1084, 0x08E7,
  0x00E7, 0x0928, 0x19CA, 0x1189, 0x1147, 0x0927, 0x0968, 0x0948, 0x0948, 0x0948, 0x0927, 0x29E9,
  0x1127, 0x19C9, 0x19A8, 0x08C5, 0x0083, 0x10E5, 0x08A3, 0x0883, 0x0063, 0x0084, 0x2A2A, 0xA5D8,
  0x328C, 0x1A0A, 0x19EA, 0x1189, 0x224B, 0x0906, 0x0883, 0x20C3, 0x0063, 0x0084, 0x08E6, 0x00A5,
  0x08C5, 0x19C9, 0x0947, 0x00E6, 0x11A9, 0x11A9, 0x00C5, 0x08A4, 0x28C4, 0x0001, 0x0001, 0x0021,
  0x0000, 0x0002, 0x198B, 0x09AA, 0x3A8C, 0x73B1, 0x1168, 0x1188, 0x0947, 0x21E9, 0x19C9, 0x00E6,
  0x0948, 0x0969, 0x00E7, 0x22AD, 0x4CD5, 0x120B, 0x1189, 0x0908, 0x0928, 0x0928, 0x0928, 0x0927,
  0x0907, 0x0927, 0x0927, 0x0927, 0x0927, 0x0947, 0x0927, 0x39A7, 0x8AC7, 0xBC48, 0x9BC9, 0x10E4,
  0x52EA, 0x21C8, 0x11A9, 0x1168, 0x19A8, 0x1988, 0x1947, 0x1127, 0x08E6, 0x00A5, 0x00E6, 0x0907,
  0x1168, 0x00E6, 0x00A5, 0x0885, 0x0043, 0x0022, 0x230E, 0x1AEE, 0x0063, 0x0043, 0x0063, 0x0063,
  0x0083, 0x0083, 0x0043, 0x4929, 0x28C6, 0x0022, 0x0063, 0x1188, 0x0084, 0x0043, 0x0062, 0x0043,
  0x10A7, 0x0845, 0x0906, 0x00E6, 0x0148, 0x1A2B, 0x0907, 0x19EB, 0x19A9, 0x0002, 0x0864, 0x08C5,
  0x0064, 0x0043, 0x0084, 0x0042, 0x08A3, 0x10C4, 0x0063, 0x0064, 0x0084, 0x0064, 0x0883, 0x18A2,
  0x0842, 0x08A5, 0x08C6, 0x0022, 0x0042, 0x0043, 0x0063, 0x0083, 0x0083, 0x0063, 0x0062, 0x0063,
  0x0063, 0x0084, 0x08E5, 0x0906, 0x00C4, 0x0084, 0x0084, 0x00A4, 0x0084, 0x08A4, 0x08A4, 0x0884,
  0x08A5, 0x1106, 0x00A4, 0x0042, 0x10E5, 0x1906, 0x1988, 0x0906, 0x00A4, 0x00A5, 0x2AAD, 0x22AE,
  0x11EB, 0x120B, 0x22AE, 0x09AA, 0x118A, 0x120C, 0x1A0B, 0x7BB3, 0x5331, 0x3AEF, 0x19CB, 0x0085,
  0x5413, 0x755C, 0x18A9, 0x0022, 0x0022, 0x1105, 0x19A9, 0x1149, 0x0085, 0x00A4, 0x0927, 0x00A5,
  0x19C9, 0x11A9, 0x19EA, 0x00E4, 0x00C3, 0x08C3, 0x08C3, 0x08E4, 0x08E4, 0x0903, 0x0904, 0x0923,
  0x08E4, 0x08E4, 0x08E4, 0x08E4, 0x0904, 0x0904, 0x0904, 0x08E4, 0x08E4, 0x0043, 0x08E7, 0x21C9,
  0x0020, 0x0021, 0x0001, 0x0001, 0x0000, 0x0021, 0x0021, 0x0000, 0x0000, 0x0001, 0x0022, 0x08E6,
  0x0928, 0x00C7, 0x00E7, 0x0927, 0x2168, 0x622A, 0x6A4A, 0x6A6A, 0x726A, 0x726A, 0x6A49, 0x420A,
  0x0927, 0x19A9, 0x1988, 0x08E5, 0x0083, 0x10E5, 0x08A4, 0x0083, 0x0063, 0x0084, 0x21CA, 0x94D5,
  0x3A8C, 0x19E9, 0x19C9, 0x0927, 0x224B, 0x0906, 0x0883, 0x20A3, 0x0063, 0x0084, 0x08E6, 0x00A5,
  0x08C5, 0x19E9, 0x0127, 0x00C5, 0x11CA, 0x11AA, 0x00A5, 0x3905, 0x30C3, 0x0841, 0x0021, 0x0042,
  0x0062, 0x0021, 0x1128, 0x1A2C, 0x21EA, 0x4B4F, 0x0968, 0x0107, 0x00E7, 0x0107, 0x00E7, 0x0928,
  0x0969, 0x0969, 0x0928, 0x11CA, 0x2B50, 0x1A4C, 0x0107, 0x0928, 0x0969, 0x0948, 0x1169, 0x0928,
  0x0927, 0x0948, 0x0968, 0x0947, 0x0947, 0x1148, 0x1148, 0x1947, 0x2967, 0x3166, 0x2946, 0x0906,
  0x0906, 0x0947, 0x1188, 0x1188, 0x11A8, 0x2947, 0x8AAC, 0x39A8, 0x0127, 0x00E6, 0x00C6, 0x0127,
  0x11EA, 0x00E6, 0x00C5, 0x00A5, 0x00C5, 0x00A5, 0x09A9, 0x11CA, 0x00A4, 0x0063, 0x0022, 0x0063,
  0x0084, 0x0063, 0x0063, 0x0063, 0x0064, 0x0043, 0x0063, 0x1126, 0x0064, 0x0043, 0x0043, 0x0023,
  0x0886, 0x10A7, 0x0927, 0x00E6, 0x1169, 0x1A2C, 0x016A, 0x1A0B, 0x19A9, 0x0001, 0x0063, 0x08A4,
  0x0043, 0x0043, 0x0063, 0x0042, 0x0063, 0x08E5, 0x1127, 0x0085, 0x0085, 0x0084, 0x08C5, 0x0083,
  0x0043, 0x0064, 0x08A5, 0x0022, 0x0022, 0x0043, 0x0084, 0x0063, 0x0063, 0x0063, 0x0063, 0x0083,
  0x0084, 0x0064, 0x08C5, 0x08E6, 0x0083, 0x0063, 0x0083, 0x00A5, 0x0084, 0x0084, 0x00A4, 0x0884,
  0x08C5, 0x0906, 0x0063, 0x0063, 0x1905, 0x1126, 0x19A9, 0x08E5, 0x00A4, 0x00A5, 0x2A8D, 0x22AE,
  0x11EB, 0x11EB, 0x2AAF, 0x09AA, 0x11AA, 0x1A2C, 0x222D, 0x52D0, 0x118A, 0x0169, 0x19EA, 0x0085,
  0x6453, 0x855A, 0x1088, 0x0022, 0x0022, 0x1105, 0x1188, 0x1149, 0x0085, 0x00A4, 0x0907, 0x00C5,
  0x19C9, 0x11A9, 0x21E9, 0x00E4, 0x00C3, 0x00C3, 0x00C3, 0x08E3, 0x0903, 0x0903, 0x0903, 0x0903,
  0x08E4, 0x08E4, 0x08E4, 0x08E4, 0x08E4, 0x08E4, 0x08E4, 0x08E3, 0x0904, 0x0062, 0x08C6, 0x21C9,
  0x0020, 0x0021, 0x0000, 0x0001, 0x0000, 0x0021, 0x0021, 0x0001, 0x0021, 0x0001, 0x0021, 0x0042,
  0x1149, 0x0949, 0x0948, 0x00C6, 0x1127, 0x3967, 0x49C9, 0x41E9, 0x41A7, 0x41C8, 0x3946, 0x39C8,
  0x1126, 0x1989, 0x19A8, 0x08C5, 0x0083, 0x10E4, 0x08E4, 0x0063, 0x0062, 0x0084, 0x1126, 0x29C9,
  0x2A4B, 0x19C9, 0x19A8, 0x0926, 0x224B, 0x0906, 0x0883, 0x20A3, 0x0083, 0x0084, 0x08E5, 0x00C5,
  0x00C5, 0x11C9, 0x0107, 0x00C5, 0x11CA, 0x19EB, 0x20C6, 0x38C5, 0x0821, 0x0041, 0x0021, 0x0062,
  0x0082, 0x0082, 0x0042, 0x2A8D, 0x0989, 0x0989, 0x0969, 0x0108, 0x0107, 0x0907, 0x00E7, 0x00C6,
  0x0107, 0x0107, 0x11A9, 0x11CA, 0x09EB, 0x22AD, 0x0968, 0x0928, 0x0969, 0x0948, 0x1169, 0x1148,
  0x0947, 0x2AAB, 0x2ACB, 0x226A, 0x224A, 0x19C8, 0x1188, 0x0968, 0x0948, 0x0928, 0x0927, 0x1169,
  0x0927, 0x0927, 0x1188, 0x0988, 0x11A8, 0x1946, 0x59E8, 0x31A7, 0x0967, 0x1188, 0x0906, 0x2ACD,
  0x3BB0, 0x0947, 0x21E9, 0x0926, 0x0927, 0x0948, 0x0968, 0x0927, 0x43D2, 0x222B, 0x1967, 0x00A5,
  0x00A4, 0x0043, 0x0022, 0x0023, 0x0084, 0x08E5, 0x08A4, 0x0063, 0x0022, 0x0022, 0x0042, 0x0022,
  0x0886, 0x292B, 0x1148, 0x0928, 0x00C7, 0x0148, 0x120C, 0x1A0B, 0x19A8, 0x0001, 0x0043, 0x08A5,
  0x0063, 0x0043, 0x0063, 0x0043, 0x0063, 0x1126, 0x21E8, 0x00A5, 0x0064, 0x0064, 0x0084, 0x0063,
  0x0042, 0x0084, 0x08C5, 0x0022, 0x0043, 0x0063, 0x00A4, 0x0063, 0x0063, 0x0063, 0x0083, 0x0084,
  0x0043, 0x0084, 0x08E5, 0x0906, 0x08E4, 0x08E4, 0x08E5, 0x08E5, 0x0084, 0x0084, 0x00A4, 0x0084,
  0x00A5, 0x0906, 0x0043, 0x0043, 0x0884, 0x08C5, 0x1988, 0x08C5, 0x08A4, 0x00A5, 0x1A0B, 0x228E,
  0x11EB, 0x1A0C, 0x226D, 0x0989, 0x0969, 0x11EB, 0x11CB, 0x0989, 0x3BB2, 0x4C34, 0x224D, 0x0065,
  0x7BB1, 0xB518, 0x20A7, 0x0001, 0x0022, 0x1105, 0x1148, 0x0928, 0x0085, 0x00A4, 0x0906, 0x00C5,
  0x19A8, 0x1188, 0x08E4, 0x00A2, 0x00A3, 0x00C3, 0x00C3, 0x00E3, 0x0903, 0x0903, 0x08E3, 0x00C3,
  0x08E4, 0x08E4, 0x0904, 0x1104, 0x0904, 0x08E4, 0x08E3, 0x08E3, 0x08E3, 0x00A3, 0x08E6, 0x21C8,
  0x0021, 0x0021, 0x0000, 0x0001, 0x0001, 0x0022, 0x0001, 0x0001, 0x0021, 0x0001, 0x0821, 0x0001,
  0x0064, 0x222C, 0x220B, 0x00C6, 0x0906, 0x0948, 0x1168, 0x1188, 0x0947, 0x1188, 0x00A4, 0x59E8,
  0x3167, 0x1188, 0x1988, 0x08C5, 0x0083, 0x08C4, 0x08E4, 0x0063, 0x0042, 0x0083, 0x0926, 0x11C9,
  0x222B, 0x11A8, 0x11A8, 0x0927, 0x224B, 0x0906, 0x0884, 0x18A3, 0x0063, 0x0083, 0x08C5, 0x00A5,
  0x00C4, 0x11A9, 0x0106, 0x00A5, 0x11AA, 0x19AA, 0x3927, 0x1842, 0x0042, 0x0042, 0x0021, 0x0041,
  0x0062, 0x0041, 0x0001, 0x1167, 0x1A4B, 0x11A9, 0x0969, 0x0928, 0x0908, 0x0907, 0x0928, 0x226B,
  0x226A, 0x226A, 0x1188, 0x0907, 0x0107, 0x434D, 0x53CF, 0x0947, 0x1189, 0x1188, 0x1189, 0x0948,
  0x1147, 0x29E8, 0x08E4, 0x00A3, 0x0083, 0x2A29, 0x19A8, 0x0948, 0x1168, 0x1148, 0x1148, 0x1168,
  0x0948, 0x1148, 0x11A8, 0x11C9, 0x11A9, 0x0926, 0x0905, 0x0947, 0x0967, 0x0906, 0x0084, 0x2AED,
  0x2B0D, 0x0084, 0x0084, 0x00A5, 0x0947, 0x222B, 0x11A9, 0x00E6, 0x32EE, 0x1988, 0x1947, 0x08E5,
  0x08C5, 0x08C4, 0x10C4, 0x1905, 0x2146, 0x2986, 0x2966, 0x18C4, 0x0863, 0x0062, 0x0042, 0x0023,
  0x08A6, 0x210A, 0x1168, 0x0928, 0x0949, 0x120B, 0x11CB, 0x1A2C, 0x1989, 0x0002, 0x0043, 0x0084,
  0x0043, 0x0043, 0x0063, 0x0043, 0x0043, 0x21A6, 0x2A49, 0x00A4, 0x0063, 0x0064, 0x0063, 0x0063,
  0x0043, 0x00A5, 0x00A5, 0x0023, 0x0043, 0x0063, 0x00A5, 0x0063, 0x0063, 0x0063, 0x0084, 0x0084,
  0x0063, 0x0084, 0x08C5, 0x08E5, 0x08A3, 0x08A3, 0x08A4, 0x00A4, 0x0084, 0x0084, 0x08C5, 0x00A4,
  0x08E6, 0x0926, 0x0084, 0x296E, 0x216D, 0x1968, 0x1967, 0x0084, 0x08A4, 0x0084, 0x19EA, 0x228E,
  0x1A0C, 0x1A0C, 0x226D, 0x0989, 0x0969, 0x0148, 0x11CA, 0x1A0A, 0x228D, 0x3B92, 0x1A4C, 0x08C6,
  0x4108, 0x79EE, 0x1885, 0x0001, 0x0022, 0x1105, 0x0907, 0x0907, 0x0085, 0x00A4, 0x0906, 0x00A5,
  0x19A8, 0x1148, 0x00A3, 0x00C3, 0x00A3, 0x00C3, 0x08E3, 0x00E3, 0x08E3, 0x08E3, 0x00C3, 0x00C3,
  0x08E4, 0x08E4, 0x08E4, 0x0905, 0x0905, 0x08E4, 0x08E3, 0x08E3, 0x08E3, 0x08C3, 0x1107, 0x21C9,
  0x0020, 0x0000, 0x0000, 0x0000, 0x0021, 0x0042, 0x0000, 0x0001, 0x0000, 0x0021, 0x0821, 0x0000,
  0x0001, 0x118A, 0x224C, 0x08E6, 0x08C5, 0x0906, 0x1988, 0x1988, 0x1167, 0x19A8, 0x08C5, 0x69C8,
  0x4167, 0x1168, 0x1988, 0x00A4, 0x0063, 0x00A4, 0x00A3, 0x0042, 0x0042, 0x0063, 0x0926, 0x19C9,
  0x220A, 0x1188, 0x11A8, 0x0947, 0x222B, 0x0906, 0x0083, 0x18A3, 0x0063, 0x0063, 0x08C5, 0x00A5,
  0x00A4, 0x1189, 0x0927, 0x00C6, 0x11AA, 0x21CB, 0x3927, 0x0821, 0x0042, 0x0042, 0x0021, 0x0000,
  0x0021, 0x0001, 0x0001, 0x0905, 0x22AC, 0x11CA, 0x0969, 0x0107, 0x0907, 0x00E6, 0x19AB, 0x1188,
  0x0906, 0x0926, 0x00A5, 0x0064, 0x0064, 0x1126, 0x1966, 0x0907, 0x1188, 0x0988, 0x11A9, 0x1188,
  0x0906, 0x0083, 0x0063, 0x0063, 0x0084, 0x08A4, 0x3A69, 0x2A29, 0x1168, 0x0947, 0x1148, 0x1168,
  0x00E6, 0x00C5, 0x00C4, 0x00C5, 0x19C9, 0x19C9, 0x1188, 0x0968, 0x0968, 0x0106, 0x00A5, 0x11A9,
  0x226B, 0x0084, 0x0064, 0x0906, 0x0927, 0x0106, 0x00C5, 0x08C5, 0x0042, 0x0001, 0x0062, 0x10C4,
  0x18E4, 0x18E5, 0x10E5, 0x1905, 0x1925, 0x1905, 0x1925, 0x1925, 0x10A4, 0x0863, 0x0063, 0x0043,
  0x0886, 0x210A, 0x1169, 0x00C7, 0x120C, 0x2AAE, 0x096A, 0x1A2D, 0x1989, 0x0002, 0x0043, 0x00A4,
  0x0043, 0x0043, 0x0063, 0x0043, 0x0063, 0x1966, 0x19C8, 0x00A5, 0x0063, 0x0084, 0x0083, 0x0063,
  0x0063, 0x08A6, 0x00A5, 0x0023, 0x0043, 0x0064, 0x0084, 0x0063, 0x0043, 0x0043, 0x0084, 0x0063,
  0x0063, 0x0084, 0x0084, 0x08C5, 0x0883, 0x08A3, 0x08A4, 0x00A4, 0x0084, 0x0084, 0x08C5, 0x00C4,
  0x1167, 0x1167, 0x192A, 0x31F3, 0x296F, 0x1928, 0x1127, 0x08A4, 0x00A4, 0x0084, 0x19CA, 0x2ACF,
  0x1A6D, 0x1A2C, 0x1A2C, 0x0948, 0x11A9, 0x11CA, 0x1A2A, 0x32CD, 0x0064, 0x0107, 0x19CA, 0x08C6,
  0x10A5, 0x18C7, 0x0043, 0x0001, 0x0022, 0x1105, 0x08E6, 0x0907, 0x0085, 0x00A4, 0x08E6, 0x00C5,
  0x19C9, 0x0926, 0x00A2, 0x00C3, 0x00C3, 0x08E3, 0x00E3, 0x00E3, 0x00E3, 0x00E3, 0x00C3, 0x00C3,
  0x08C4, 0x08E4, 0x0904, 0x0904, 0x08E4, 0x08E4, 0x08C3, 0x08E3, 0x08E4, 0x08C3, 0x08E4, 0x1988,
  0x0021, 0x0000, 0x0000, 0x0000, 0x0021, 0x0042, 0x0001, 0x0021, 0x0000, 0x0021, 0x0821, 0x0000,
  0x0022, 0x08A5, 0x21EA, 0x00E5, 0x0084, 0x0064, 0x1968, 0x1968, 0x1147, 0x1988, 0x08C5, 0x59A7,
  0x3147, 0x0927, 0x21A8, 0x2145, 0x2104, 0x39A5, 0x41C6, 0x0883, 0x0042, 0x0063, 0x1106, 0x19A9,
  0x19A9, 0x1188, 0x1188, 0x0947, 0x19EA, 0x1946, 0x2146, 0x0042, 0x08A4, 0x0084, 0x08C5, 0x00A5,
  0x00A4, 0x0968, 0x0927, 0x00E6, 0x09AA, 0x21EB, 0x4147, 0x0821, 0x0021, 0x0042, 0x0021, 0x0000,
  0x0021, 0x0021, 0x0001, 0x08E4, 0x228C, 0x0969, 0x11CA, 0x11AA, 0x0948, 0x0927, 0x0928, 0x0065,
  0x0064, 0x0085, 0x00C6, 0x00A6, 0x08C6, 0x0085, 0x0043, 0x00A4, 0x1967, 0x29E7, 0x21C7, 0x21A8,
  0x1926, 0x08A5, 0x08C5, 0x00C4, 0x00A5, 0x00A4, 0x4269, 0x31E7, 0x2A09, 0x0947, 0x1168, 0x0969,
  0x00C6, 0x0925, 0x19C6, 0x2207, 0x00A4, 0x00A4, 0x0906, 0x0928, 0x0968, 0x0907, 0x00A5, 0x00C5,
  0x1988, 0x0084, 0x0064, 0x00A5, 0x00A5, 0x0084, 0x0063, 0x0083, 0x0042, 0x0863, 0x0863, 0x0001,
  0x0002, 0x00A4, 0x00C5, 0x00C5, 0x00C5, 0x00E5, 0x00E5, 0x0126, 0x0063, 0x0022, 0x0063, 0x0043,
  0x0064, 0x10E8, 0x1189, 0x0129, 0x0949, 0x1149, 0x0949, 0x1A2D, 0x19A9, 0x0001, 0x0043, 0x08A4,
  0x0063, 0x0063, 0x0063, 0x0043, 0x0063, 0x08E5, 0x0906, 0x00A5, 0x0064, 0x0063, 0x0083, 0x0063,
  0x0064, 0x00A5, 0x0085, 0x0023, 0x0042, 0x00A4, 0x0084, 0x0043, 0x0043, 0x08A4, 0x08E5, 0x08C4,
  0x08C5, 0x08E5, 0x08E5, 0x08E5, 0x08A4, 0x08A4, 0x08A4, 0x08E5, 0x0084, 0x0084, 0x08C5, 0x00A5,
  0x1147, 0x00C5, 0x216D, 0x39F5, 0x10CA, 0x0885, 0x1107, 0x08C5, 0x08A4, 0x0063, 0x11CA, 0x2AAE,
  0x1A2C, 0x11CB, 0x11CA, 0x0928, 0x1189, 0x226C, 0x11A9, 0x1189, 0x19CA, 0x19EA, 0x1A0B, 0x00C6,
  0x08A5, 0x08C7, 0x0064, 0x0001, 0x0042, 0x08C4, 0x08E5, 0x0907, 0x0085, 0x00A4, 0x0906, 0x00A5,
  0x1988, 0x08E4, 0x00C3, 0x00C3, 0x00E3, 0x00E3, 0x00E3, 0x00C3, 0x00C3, 0x00C3, 0x00C3, 0x00A3,
  0x08C3, 0x08E4, 0x0904, 0x0905, 0x0905, 0x0905, 0x0904, 0x08E4, 0x08E4, 0x08E3, 0x0082, 0x10E4,
  0x0041, 0x0000, 0x0000, 0x0000, 0x0021, 0x0021, 0x0021, 0x0042, 0x0000, 0x0021, 0x0021, 0x0000,
  0x0042, 0x0022, 0x08E5, 0x00C5, 0x0084, 0x0063, 0x1947, 0x1967, 0x1147, 0x1968, 0x08C5, 0x5187,
  0x2926, 0x0906, 0x1967, 0x10A3, 0x18C3, 0x2944, 0x41C5, 0x10C3, 0x0042, 0x0063, 0x1106, 0x1147,
  0x1168, 0x1168, 0x1188, 0x0947, 0x19CA, 0x2126, 0x3105, 0x0021, 0x0063, 0x0064, 0x08C5, 0x00C5,
  0x00A5, 0x0968, 0x0927, 0x00E5, 0x0989, 0x2A0B, 0x30E6, 0x0000, 0x0021, 0x0042, 0x0021, 0x0000,
  0x0001, 0x0001, 0x0001, 0x0042, 0x21E9, 0x098A, 0x1A8D, 0x1A8D, 0x120B, 0x1169, 0x00E7, 0x00A6,
  0x00C7, 0x00E7, 0x00C6, 0x00C7, 0x0085, 0x0064, 0x0084, 0x00A5, 0x6BCD, 0xADD1, 0x84AF, 0x632B,
  0x62AA, 0x1884, 0x1906, 0x1106, 0x1106, 0x10C5, 0x0863, 0x0884, 0x08C5, 0x19C8, 0x32AC, 0x0907,
  0x00A5, 0x00A4, 0x0946, 0x1166, 0x1084, 0x18A5, 0x0023, 0x10A6, 0x1928, 0x00E6, 0x0084, 0x00A4,
  0x1167, 0x00A5, 0x0064, 0x0084, 0x00A4, 0x08C4, 0x0042, 0x2166, 0x10E5, 0x0063, 0x0022, 0x0042,
  0x0022, 0x10E5, 0x1126, 0x00C5, 0x0084, 0x08C4, 0x0905, 0x00C4, 0x0084, 0x0063, 0x0042, 0x0042,
  0x0043, 0x0064, 0x11AA, 0x0928, 0x0044, 0x0044, 0x3AAF, 0x222D, 0x19A9, 0x0002, 0x0043, 0x0083,
  0x0043, 0x0063, 0x0063, 0x0043, 0x0063, 0x1106, 0x1946, 0x08A5, 0x0064, 0x0063, 0x0083, 0x0063,
  0x0084, 0x00A5, 0x0085, 0x0043, 0x0042, 0x0084, 0x0084, 0x0043, 0x0043, 0x0084, 0x08C5, 0x0084,
  0x0084, 0x0084, 0x0084, 0x00A5, 0x0063, 0x0022, 0x0022, 0x0043, 0x0063, 0x0084, 0x08C5, 0x00A5,
  0x0927, 0x0064, 0x318F, 0x39F5, 0x10CA, 0x0885, 0x08A6, 0x08A5, 0x0084, 0x0063, 0x19CA, 0x1A2C,
  0x11CA, 0x11AA, 0x0969, 0x0928, 0x0127, 0x0968, 0x11A9, 0x11C9, 0x1A0A, 0x11EA, 0x1A0B, 0x00C6,
  0x08A5, 0x1107, 0x0865, 0x0001, 0x0022, 0x0042, 0x08C5, 0x0907, 0x00A5, 0x00A4, 0x0906, 0x00A5,
  0x1126, 0x00A3, 0x00C3, 0x08C3, 0x00C3, 0x00C3, 0x00C3, 0x00C3, 0x00C3, 0x00C3, 0x00C3, 0x00C3,
  0x08C3, 0x08C3, 0x08E4, 0x0904, 0x0905, 0x1125, 0x1125, 0x0925, 0x1105, 0x0904, 0x0882, 0x0041,
  0x0041, 0x0000, 0x0000, 0x0000, 0x0021, 0x0021, 0x0021, 0x0042, 0x0000, 0x0001, 0x0021, 0x0001,
  0x0063, 0x0001, 0x0063, 0x08C5, 0x0084, 0x0084, 0x1127, 0x1947, 0x1126, 0x1147, 0x08C4, 0x4166,
  0x2126, 0x0927, 0x1167, 0x0083, 0x00A4, 0x0082, 0x4A26, 0x1924, 0x0042, 0x08A3, 0x1106, 0x08E6,
  0x1147, 0x1168, 0x1168, 0x0927, 0x11A9, 0x2125, 0x28E4, 0x0022, 0x0043, 0x0064, 0x08E6, 0x08C5,
  0x00A5, 0x0988, 0x0127, 0x00E5, 0x0968, 0x320B, 0x38E6, 0x0000, 0x0021, 0x0021, 0x0021, 0x0001,
  0x0000, 0x0001, 0x0021, 0x0000, 0x19C9, 0x11EB, 0x22AF, 0x1A4D, 0x11AA, 0x0927, 0x00C6, 0x00C7,
  0x00E7, 0x0108, 0x00E7, 0x00C6, 0x0064, 0x00C6, 0x0928, 0x08E6, 0x1987, 0x21A7, 0x29C8, 0x31A8,
  0x5967, 0x8A08, 0x4105, 0x10E5, 0x18C5, 0x61A6, 0x5146, 0x2905, 0x39A7, 0x00A4, 0x1167, 0x0906,
  0x0064, 0x28E7, 0x10A6, 0x0044, 0x1884, 0x20C5, 0x0043, 0x20A5, 0x2107, 0x00E6, 0x0063, 0x0084,
  0x0926, 0x00A4, 0x0063, 0x0084, 0x0083, 0x0062, 0x0042, 0x08C4, 0x1105, 0x0022, 0x0063, 0x0063,
  0x0021, 0x0884, 0x08E5, 0x0063, 0x0063, 0x0063, 0x0063, 0x0063, 0x0063, 0x0083, 0x0083, 0x0063,
  0x0043, 0x0085, 0x11CB, 0x0127, 0x0043, 0x0085, 0x5BF3, 0x222E, 0x198A, 0x0002, 0x0063, 0x0083,
  0x0063, 0x0063, 0x0063, 0x0063, 0x0084, 0x1106, 0x1926, 0x08A4, 0x0064, 0x0063, 0x0083, 0x0063,
  0x0063, 0x08E7, 0x08C8, 0x0044, 0x0043, 0x0084, 0x0063, 0x0023, 0x0043, 0x0043, 0x0043, 0x0043,
  0x0884, 0x0064, 0x0064, 0x08A5, 0x28C4, 0x5187, 0x49C8, 0x39A9, 0x0043, 0x0084, 0x00A5, 0x00C5,
  0x0906, 0x0885, 0x5A74, 0x31B4, 0x0888, 0x0885, 0x08E6, 0x08A4, 0x0084, 0x0063, 0x19CA, 0x11CA,
  0x0948, 0x0968, 0x0969, 0x0948, 0x0989, 0x09C9, 0x11A9, 0x1A0A, 0x11EA, 0x1A8D, 0x11A9, 0x08C6,
  0x08A5, 0x1107, 0x0044, 0x0001, 0x0001, 0x0000, 0x08C5, 0x08E6, 0x0085, 0x00A4, 0x08E6, 0x00A4,
  0x1125, 0x00A2, 0x08E3, 0x08C3, 0x00C3, 0x00C3, 0x00C3, 0x00C3, 0x00C3, 0x00C3, 0x00C3, 0x00C3,
  0x00A3, 0x08C3, 0x00C3, 0x00C3, 0x08E4, 0x0904, 0x0905, 0x0905, 0x0905, 0x0904, 0x0082, 0x0000,
  0x0021, 0x0000, 0x0000, 0x0000, 0x0021, 0x0001, 0x0042, 0x0022, 0x0000, 0x0001, 0x0021, 0x0001,
  0x0063, 0x0001, 0x0064, 0x00C5, 0x0085, 0x0084, 0x1126, 0x1126, 0x0906, 0x1126, 0x08C4, 0x2926,
  0x1126, 0x1167, 0x1167, 0x00C5, 0x0926, 0x1125, 0x1923, 0x1123, 0x1123, 0x1904, 0x1106, 0x0927,
  0x1147, 0x1168, 0x1168, 0x0927, 0x1189, 0x1905, 0x28E4, 0x0001, 0x1126, 0x1987, 0x00A5, 0x08E6,
  0x00A5, 0x0968, 0x0127, 0x00C5, 0x0148, 0x31EB, 0x2084, 0x0000, 0x0022, 0x0022, 0x0021, 0x0021,
  0x0001, 0x0001, 0x0021, 0x0001, 0x0926, 0x228F, 0x2270, 0x11AC, 0x00E8, 0x00C7, 0x00C7, 0x00E7,
  0x00E7, 0x0907, 0x00C7, 0x0085, 0x0064, 0x116A, 0x19CC, 0x00E7, 0x00E7, 0x1148, 0x1968, 0x1948,
  0x5988, 0xA28A, 0x4905, 0x10E5, 0x18C5, 0x8208, 0x71C7, 0x18C4, 0x2126, 0x1147, 0x1188, 0x00C5,
  0x0043, 0x5149, 0x20E7, 0x0084, 0x0064, 0x0043, 0x0064, 0x0043, 0x00A5, 0x1968, 0x08E6, 0x00A4,
  0x08E5, 0x00A4, 0x08E5, 0x08E5, 0x00A4, 0x0042, 0x0062, 0x0883, 0x0042, 0x0022, 0x0063, 0x0062,
  0x0022, 0x0042, 0x00C4, 0x00A4, 0x00E5, 0x00C5, 0x00A4, 0x00A3, 0x00A4, 0x00C3, 0x08C4, 0x08C4,
  0x0084, 0x0084, 0x11A9, 0x0106, 0x0043, 0x0085, 0x5C14, 0x2A2E, 0x198A, 0x0002, 0x0084, 0x0084,
  0x0084, 0x0063, 0x0063, 0x0064, 0x0084, 0x1105, 0x1946, 0x08E5, 0x0064, 0x0064, 0x0084, 0x0063,
  0x0063, 0x08E7, 0x090A, 0x0044, 0x0042, 0x00A4, 0x0063, 0x0043, 0x0043, 0x0043, 0x0064, 0x0043,
  0x08A4, 0x0064, 0x0064, 0x10A5, 0x4125, 0x3105, 0x2968, 0x5C13, 0x32AD, 0x0042, 0x00A4, 0x08E5,
  0x08E5, 0x08C6, 0x4A53, 0x2992, 0x0087, 0x08C6, 0x08C6, 0x08A4, 0x08A4, 0x0063, 0x19A9, 0x11CA,
  0x0947, 0x1168, 0x1189, 0x0948, 0x11CA, 0x2AAE, 0x11CA, 0x1A2B, 0x122B, 0x1A4C, 0x1189, 0x08C5,
  0x00A5, 0x10E7, 0x0043, 0x0001, 0x0001, 0x0001, 0x08C5, 0x08E6, 0x0085, 0x00A4, 0x00C5, 0x1126,
  0x1966, 0x0082, 0x08C3, 0x08E4, 0x08C4, 0x00C3, 0x00C3, 0x00C3, 0x08C3, 0x00C3, 0x00C3, 0x00A3,
  0x00A3, 0x00A3, 0x00A3, 0x00A3, 0x08C3, 0x08C3, 0x08C4, 0x08C4, 0x00C3, 0x00A3, 0x0041, 0x0020,
  0x0021, 0x0000, 0x0000, 0x0000, 0x0021, 0x0001, 0x0042, 0x0021, 0x0001, 0x0021, 0x0821, 0x0021,
  0x0022, 0x0001, 0x0084, 0x00C5, 0x00A5, 0x00A5, 0x1127, 0x1126, 0x08E5, 0x1126, 0x10E5, 0x2126,
  0x0906, 0x1168, 0x1147, 0x00A4, 0x00C5, 0x1167, 0x0904, 0x0903, 0x2A45, 0x1944, 0x10E6, 0x1147,
  0x1988, 0x1168, 0x1167, 0x0906, 0x1188, 0x2126, 0x28E4, 0x0022, 0x10E5, 0x1106, 0x00C5, 0x08E6,
  0x00A5, 0x1148, 0x0907, 0x00C5, 0x0948, 0x320B, 0x1042, 0x0001, 0x0022, 0x0042, 0x0021, 0x0021,
  0x0021, 0x0001, 0x0021, 0x0000, 0x1126, 0x2B32, 0x2AD3, 0x2AD4, 0x2232, 0x19CE, 0x094A, 0x00C6,
  0x0085, 0x00A5, 0x00A5, 0x00A6, 0x08E8, 0x19AD, 0x19EE, 0x118C, 0x0929, 0x0906, 0x42AB, 0x21A9,
  0x18E6, 0x1884, 0x10C5, 0x08C5, 0x08A5, 0x1084, 0x10A5, 0x10E5, 0x0905, 0x1167, 0x1188, 0x08E6,
  0x00A4, 0x08A5, 0x08E6, 0x0063, 0x0084, 0x0084, 0x0084, 0x0064, 0x0084, 0x00A4, 0x08E6, 0x0927,
  0x0906, 0x00A4, 0x08C4, 0x08A4, 0x0083, 0x10A3, 0x2125, 0x10C4, 0x0021, 0x0862, 0x0883, 0x0083,
  0x0083, 0x0842, 0x18A4, 0x1883, 0x0883, 0x00A4, 0x0084, 0x00A4, 0x00C4, 0x08A3, 0x1883, 0x30A3,
  0x38C4, 0x1083, 0x00C4, 0x00A5, 0x0043, 0x00A6, 0x21CB, 0x1169, 0x1168, 0x0022, 0x0064, 0x0085,
  0x0085, 0x0064, 0x0063, 0x0064, 0x00A4, 0x0905, 0x1966, 0x0906, 0x0064, 0x0064, 0x0084, 0x0063,
  0x0063, 0x10C6, 0x10C7, 0x0043, 0x0063, 0x0084, 0x0043, 0x0043, 0x0063, 0x0064, 0x0064, 0x0063,
  0x08A4, 0x0063, 0x0064, 0x0884, 0x28C4, 0x0064, 0x0084, 0x11CA, 0x228C, 0x0043, 0x0084, 0x0906,
  0x08E5, 0x0084, 0x110C, 0x194E, 0x0065, 0x08C6, 0x08A5, 0x00A4, 0x08A4, 0x0064, 0x1188, 0x0948,
  0x0927, 0x0927, 0x0968, 0x0948, 0x00C6, 0x00A5, 0x0147, 0x1A8A, 0x1229, 0x0085, 0x1148, 0x08A5,
  0x0084, 0x18E7, 0x1085, 0x0001, 0x0021, 0x0001, 0x08C5, 0x08E6, 0x0085, 0x0084, 0x00C5, 0x21E8,
  0x19C7, 0x0082, 0x0062, 0x08C3, 0x08C3, 0x00C3, 0x00C3, 0x08E4, 0x08E4, 0x00C3, 0x00C3, 0x00C3,
  0x00A2, 0x00A3, 0x0082, 0x0082, 0x0083, 0x0062, 0x0062, 0x0062, 0x0061, 0x0041, 0x0041, 0x0082,
  0x0041, 0x0000, 0x0000, 0x0000, 0x0021, 0x0021, 0x0042, 0x0001, 0x0000, 0x0021, 0x0801, 0x0021,
  0x0021, 0x0001, 0x0064, 0x0085, 0x0064, 0x00A5, 0x1147, 0x0905, 0x08E5, 0x08E5, 0x10C5, 0x1926,
  0x1126, 0x1167, 0x1146, 0x00C4, 0x00A4, 0x08E5, 0x1124, 0x00E3, 0x1163, 0x1964, 0x1946, 0x0906,
  0x0947, 0x1168, 0x1147, 0x0906, 0x0968, 0x1905, 0x28E4, 0x0002, 0x1105, 0x21A8, 0x00C5, 0x0907,
  0x00A5, 0x0947, 0x0906, 0x00C5, 0x0107, 0x29A9, 0x1863, 0x0001, 0x0022, 0x0042, 0x0022, 0x0022,
  0x0022, 0x0021, 0x0021, 0x0000, 0x08E5, 0x4476, 0x4D7B, 0x559B, 0x3C79, 0x2B15, 0x220F, 0x114A,
  0x00E6, 0x00E6, 0x08E7, 0x114A, 0x19F0, 0x2AF5, 0x3376, 0x2B35, 0x19EF, 0x1108, 0x428B, 0x19C9,
  0x00C5, 0x08C5, 0x00A5, 0x00A4, 0x00A5, 0x00A5, 0x00C6, 0x29E9, 0x3229, 0x00A5, 0x08C5, 0x08E6,
  0x08C5, 0x00A4, 0x0084, 0x0084, 0x0084, 0x00A5, 0x0084, 0x0064, 0x0085, 0x0084, 0x0063, 0x0085,
  0x00A5, 0x0063, 0x0043, 0x0043, 0x0863, 0x2905, 0x0042, 0x0022, 0x0083, 0x08A3, 0x0041, 0x0062,
  0x0842, 0x58A2, 0xA1A3, 0xA1C3, 0x6902, 0x1062, 0x0083, 0x00A4, 0x08C3, 0x1882, 0x8123, 0xC204,
  0xC204, 0x68E3, 0x0863, 0x0084, 0x0043, 0x0085, 0x1927, 0x29EA, 0x0927, 0x0043, 0x0084, 0x00A5,
  0x0085, 0x0043, 0x0063, 0x0063, 0x00A4, 0x08C4, 0x0063, 0x0084, 0x0043, 0x0064, 0x0084, 0x0084,
  0x0063, 0x10C5, 0x10E7, 0x0063, 0x0063, 0x0083, 0x0043, 0x0043, 0x0063, 0x0084, 0x0084, 0x0063,
  0x08A4, 0x0063, 0x0084, 0x0863, 0x28E5, 0x08A5, 0x00A4, 0x0947, 0x1A0A, 0x0063, 0x0084, 0x0906,
  0x00A4, 0x1907, 0x41AE, 0x20EA, 0x0865, 0x08C6, 0x08C5, 0x0084, 0x08A4, 0x0063, 0x1168, 0x0906,
  0x08E6, 0x0948, 0x1148, 0x0907, 0x0906, 0x0906, 0x01C7, 0x0AA9, 0x09E8, 0x00E6, 0x1148, 0x08A5,
  0x0884, 0x10C6, 0x0022, 0x0001, 0x0001, 0x0001, 0x08C5, 0x08E6, 0x0084, 0x0063, 0x1125, 0x326A,
  0x3ACB, 0x2208, 0x08E4, 0x00A3, 0x0082, 0x0082, 0x0062, 0x0062, 0x0082, 0x0082, 0x0082, 0x0082,
  0x0061, 0x0061, 0x0062, 0x0062, 0x0083, 0x00A3, 0x08A3, 0x08C3, 0x08E4, 0x08E4, 0x1125, 0x1946,
  0x08E4, 0x0041, 0x0000, 0x0001, 0x0021, 0x0021, 0x0022, 0x0022, 0x0021, 0x0042, 0x1083, 0x0042,
  0x0001, 0x0001, 0x0907, 0x1148, 0x0927, 0x1147, 0x1147, 0x08E5, 0x08E5, 0x08C5, 0x08A4, 0x08E5,
  0x1127, 0x1147, 0x0926, 0x00C5, 0x0084, 0x10E5, 0x1145, 0x1184, 0x19C4, 0x1143, 0x1146, 0x0927,
  0x0927, 0x1147, 0x0926, 0x08E6, 0x0927, 0x18E5, 0x28C4, 0x0002, 0x1988, 0x32AC, 0x00A5, 0x0927,
  0x00A5, 0x0927, 0x00E6, 0x08E6, 0x0106, 0x2127, 0x1063, 0x0001, 0x0042, 0x0042, 0x0021, 0x0022,
  0x0022, 0x0022, 0x0001, 0x0001, 0x00A5, 0x3C76, 0x5E9C, 0x875D, 0x973E, 0x5DBC, 0x3376, 0x11AC,
  0x0907, 0x0907, 0x0928, 0x19CE, 0x3397, 0x761D, 0x8F1E, 0x765D, 0x3BB7, 0x19CD, 0x1148, 0x1168,
  0x00A5, 0x0085, 0x0084, 0x0084, 0x0063, 0x0085, 0x00C6, 0x00A5, 0x00A4, 0x08E6, 0x00C5, 0x0084,
  0x0084, 0x00A5, 0x00A5, 0x00A5, 0x00A5, 0x00A5, 0x00A5, 0x0084, 0x0085, 0x0084, 0x0064, 0x0085,
  0x00C6, 0x0064, 0x0064, 0x0043, 0x0863, 0x0863, 0x0022, 0x0062, 0x0083, 0x0042, 0x0021, 0x0022,
  0x1021, 0x9123, 0xFC07, 0xFC46, 0xCA64, 0x2041, 0x0062, 0x0062, 0x08A3, 0x2082, 0xB184, 0xFBC7,
  0xFBC7, 0x8923, 0x1083, 0x00A4, 0x0043, 0x0085, 0x08C5, 0x08C5, 0x00A5, 0x0064, 0x0064, 0x0084,
  0x0084, 0x0043, 0x0063, 0x0063, 0x00A4, 0x08A5, 0x0043, 0x10E5, 0x1967, 0x0906, 0x0085, 0x00A5,
  0x0084, 0x0064, 0x0084, 0x0043, 0x0063, 0x0084, 0x0043, 0x0043, 0x0063, 0x0084, 0x0064, 0x0084,
  0x0884, 0x0063, 0x0084, 0x0863, 0x28C4, 0x0084, 0x00A5, 0x0988, 0x19C9, 0x0063, 0x0084, 0x08E5,
  0x00A4, 0x08A4, 0x1085, 0x10A5, 0x0064, 0x08C6, 0x00A5, 0x0084, 0x08A4, 0x0063, 0x1168, 0x0906,
  0x0907, 0x0948, 0x0927, 0x0907, 0x0906, 0x0906, 0x0A08, 0x130B, 0x0A29, 0x00E6, 0x1147, 0x08A5,
  0x08A4, 0x2148, 0x0022, 0x0001, 0x0001, 0x0021, 0x08C5, 0x08E6, 0x0064, 0x0063, 0x3249, 0x538E,
  0x6472, 0x6451, 0x4B8E, 0x432D, 0x3ACB, 0x328A, 0x2A28, 0x21C7, 0x1986, 0x1144, 0x08E3, 0x00C3,
  0x08E4, 0x1104, 0x1125, 0x1946, 0x1946, 0x1966, 0x1966, 0x1966, 0x1946, 0x1946, 0x1146, 0x1946,
  0x1946, 0x1104, 0x0041, 0x0021, 0x0042, 0x0001, 0x0022, 0x0042, 0x0022, 0x0043, 0x10E5, 0x0062,
  0x0000, 0x0001, 0x2A4C, 0x222C, 0x1189, 0x32CE, 0x1168, 0x08C5, 0x08E5, 0x08E5, 0x08C5, 0x08E5,
  0x1127, 0x1147, 0x0906, 0x00C5, 0x0084, 0x08E5, 0x1166, 0x19E5, 0x2204, 0x21E5, 0x1165, 0x0906,
  0x0927, 0x1147, 0x0906, 0x08E5, 0x0927, 0x18E5, 0x28C4, 0x0043, 0x0907, 0x0927, 0x08E6, 0x0927,
  0x00A5, 0x1107, 0x1127, 0x0927, 0x0106, 0x1927, 0x1063, 0x0001, 0x0022, 0x0042, 0x0042, 0x0043,
  0x0043, 0x0022, 0x08C5, 0x224C, 0x1A0D, 0x4478, 0x7EBD, 0xD7DE, 0xF7FF, 0x973E, 0x3438, 0x19EE,
  0x0907, 0x08E7, 0x1128, 0x2251, 0x4479, 0xAF9F, 0xDFFF, 0xBFDF, 0x5D5B, 0x2230, 0x21CB, 0x1989,
  0x10E6, 0x10C5, 0x10E6, 0x1106, 0x2146, 0x4926, 0x4106, 0x10E5, 0x0906, 0x1167, 0x1167, 0x0906,
  0x00E6, 0x00A5, 0x00C6, 0x08E6, 0x08E6, 0x08E6, 0x08E6, 0x08E6, 0x08E6, 0x00E6, 0x00E6, 0x08E6,
  0x08E6, 0x00C5, 0x00A5, 0x00C5, 0x08C5, 0x0022, 0x0042, 0x0083, 0x0083, 0x0042, 0x0021, 0x0022,
  0x0022, 0x50A3, 0x9144, 0xA164, 0x70C3, 0x1021, 0x0042, 0x0042, 0x0063, 0x1062, 0x60A3, 0x9103,
  0x8103, 0x4062, 0x0883, 0x0084, 0x0064, 0x0084, 0x0884, 0x29A7, 0x0064, 0x0064, 0x0064, 0x08A5,
  0x0084, 0x0063, 0x0063, 0x0084, 0x00A5, 0x08A5, 0x0084, 0x08E5, 0x0926, 0x00C5, 0x0064, 0x0085,
  0x0064, 0x0084, 0x00C5, 0x0043, 0x0083, 0x0084, 0x0043, 0x0064, 0x0064, 0x0084, 0x0064, 0x0064,
  0x0884, 0x0063, 0x0084, 0x0863, 0x28E5, 0x0084, 0x00C6, 0x09A9, 0x0947, 0x0063, 0x00A4, 0x08C5,
  0x0084, 0x0084, 0x0063, 0x0084, 0x0064, 0x08C6, 0x0084, 0x0084, 0x00A4, 0x0063, 0x1168, 0x0906,
  0x00E6, 0x0927, 0x0107, 0x08E6, 0x00C6, 0x00A5, 0x0166, 0x0A49, 0x01A7, 0x00A5, 0x1127, 0x08A5,
  0x08A4, 0x2127, 0x0002, 0x0001, 0x0001, 0x0021, 0x08C5, 0x08E6, 0x0043, 0x1966, 0x6410, 0x6C93,
  0x6493, 0x6452, 0x5C31, 0x5C31, 0x5C31, 0x6451, 0x5C31, 0x5C10, 0x53CF, 0x4B8E, 0x432D, 0x3ACB,
  0x21E8, 0x29E8, 0x21E9, 0x21E8, 0x21A8, 0x21A8, 0x1987, 0x1987, 0x1987, 0x1987, 0x1967, 0x1987,
  0x2187, 0x2187, 0x1104, 0x0021, 0x0021, 0x0001, 0x0021, 0x0021, 0x0021, 0x0021, 0x0063, 0x0021,
  0x0000, 0x0002, 0x1168, 0x1189, 0x0907, 0x2AAE, 0x1188, 0x08C5, 0x08E5, 0x08E5, 0x08C5, 0x08C5,
  0x1127, 0x1127, 0x0906, 0x00C4, 0x00A4, 0x08C5, 0x0925, 0x1184, 0x19E4, 0x2225, 0x1165, 0x1146,
  0x0927, 0x1127, 0x0906, 0x00C5, 0x0906, 0x1905, 0x20C4, 0x0064, 0x08C6, 0x00C5, 0x08E6, 0x0927,
  0x00A5, 0x08C6, 0x08E6, 0x00C6, 0x0107, 0x2148, 0x2083, 0x0001, 0x0022, 0x0022, 0x0042, 0x0043,
  0x0042, 0x0002, 0x1126, 0x3371, 0x1A4F, 0x33B6, 0x7E7D, 0xDFDF, 0xFFFF, 0xA77E, 0x2BD6, 0x118B,
  0x08E6, 0x00A5, 0x08E7, 0x1A10, 0x449A, 0xCFDF, 0xFFFF, 0xE7FF, 0x6D9C, 0x19AE, 0x320B, 0x21CA,
  0x40E7, 0x7928, 0x3106, 0x1147, 0x2147, 0x8187, 0x7946, 0x1927, 0x1147, 0x1147, 0x0926, 0x08E6,
  0x00E5, 0x08E5, 0x08C5, 0x0084, 0x0084, 0x0084, 0x0064, 0x0084, 0x00C5, 0x00C5, 0x00C5, 0x00C5,
  0x00C5, 0x00A4, 0x00A4, 0x08C5, 0x00A4, 0x0042, 0x0022, 0x0063, 0x0062, 0x0042, 0x0022, 0x0022,
  0x0042, 0x0842, 0x1822, 0x1801, 0x0822, 0x0062, 0x0062, 0x0063, 0x0063, 0x0063, 0x18A4, 0x20A4,
  0x1884, 0x0862, 0x0083, 0x00A4, 0x0084, 0x0064, 0x0084, 0x1105, 0x0064, 0x0084, 0x0064, 0x0085,
  0x0084, 0x0043, 0x0063, 0x0064, 0x0084, 0x0084, 0x0084, 0x00C5, 0x00A4, 0x00C5, 0x00A4, 0x0084,
  0x0064, 0x00A5, 0x00C6, 0x0043, 0x0084, 0x00A4, 0x0043, 0x0064, 0x0064, 0x0085, 0x0064, 0x0064,
  0x0063, 0x0063, 0x0084, 0x0863, 0x3905, 0x0864, 0x0906, 0x11A9, 0x0927, 0x0064, 0x08A5, 0x08C5,
  0x0084, 0x0084, 0x0064, 0x00A5, 0x0064, 0x08A5, 0x00A4, 0x0084, 0x0084, 0x0063, 0x1148, 0x0907,
  0x08E6, 0x0927, 0x0907, 0x08E6, 0x00C5, 0x00A5, 0x0146, 0x0A28, 0x09C7, 0x00A5, 0x1127, 0x08A5,
  0x08A5, 0x10C5, 0x0043, 0x0042, 0x0000, 0x0021, 0x08C5, 0x08C6, 0x0084, 0x42EC, 0x6431, 0x5C31,
  0x53F0, 0x53D0, 0x53D0, 0x53D0, 0x53F0, 0x5BF0, 0x5C31, 0x5C51, 0x6452, 0x6452, 0x6472, 0x6452,
  0x21C8, 0x21C8, 0x21A7, 0x2187, 0x1987, 0x1967, 0x1967, 0x1946, 0x1946, 0x1145, 0x1125, 0x1125,
  0x1105, 0x1105, 0x08E4, 0x0062, 0x0001, 0x0001, 0x0001, 0x0001, 0x0000, 0x0000, 0x0883, 0x0062,
  0x0000, 0x0001, 0x1168, 0x1989, 0x00A5, 0x0948, 0x1188, 0x08E5, 0x0905, 0x08E5, 0x00A4, 0x08C5,
  0x0906, 0x1126, 0x1106, 0x00A4, 0x0083, 0x08C4, 0x0083, 0x08E3, 0x0963, 0x1A04, 0x2206, 0x1125,
  0x1147, 0x21C9, 0x11A8, 0x08E5, 0x00A5, 0x10C5, 0x20C4, 0x0085, 0x00A6, 0x00A5, 0x08C6, 0x00C5,
  0x00A5, 0x00A5, 0x00C5, 0x0106, 0x0927, 0x1906, 0x38C4, 0x0021, 0x0042, 0x0042, 0x0042, 0x0043,
  0x0042, 0x0022, 0x08C5, 0x2AAE, 0x1A0E, 0x2AF4, 0x44B9, 0x8EFD, 0xCFFF, 0x767C, 0x2B54, 0x19AB,
  0x08E6, 0x00C6, 0x0907, 0x19EF, 0x33D7, 0xA73E, 0xE7FF, 0xCFBF, 0x5CFB, 0x19AD, 0x4ACD, 0x21C9,
  0x48E7, 0x9949, 0x2906, 0x0907, 0x08E6, 0x8188, 0x6127, 0x1127, 0x1148, 0x29E8, 0x2187, 0x00C5,
  0x0906, 0x1147, 0x29C8, 0x1967, 0x00C4, 0x0084, 0x0063, 0x0063, 0x0084, 0x0064, 0x0084, 0x0064,
  0x0064, 0x0064, 0x0043, 0x0084, 0x00A5, 0x0043, 0x0021, 0x0063, 0x0062, 0x0042, 0x0022, 0x0022,
  0x0042, 0x0063, 0x08A4, 0x0063, 0x08A4, 0x0905, 0x0905, 0x1105, 0x1125, 0x08E5, 0x08C4, 0x1105,
  0x08E5, 0x0063, 0x00A4, 0x00C5, 0x0063, 0x0043, 0x0064, 0x0043, 0x0043, 0x0043, 0x0044, 0x0084,
  0x0064, 0x0063, 0x0084, 0x0085, 0x00A5, 0x0084, 0x0084, 0x0064, 0x0064, 0x00A4, 0x08C5, 0x0084,
  0x0064, 0x00A5, 0x00A5, 0x0063, 0x00A5, 0x00A5, 0x0064, 0x0064, 0x0064, 0x0084, 0x0064, 0x0864,
  0x0064, 0x0064, 0x0084, 0x0863, 0x38E5, 0x0884, 0x00C6, 0x0907, 0x0906, 0x0064, 0x08E6, 0x00A5,
  0x0084, 0x0084, 0x0084, 0x08A5, 0x0064, 0x00A5, 0x08A5, 0x0064, 0x0063, 0x0063, 0x1147, 0x08E6,
  0x08E6, 0x0907, 0x0927, 0x08E6, 0x0084, 0x00A5, 0x0946, 0x1A29, 0x11A8, 0x00C5, 0x1127, 0x08C5,
  0x00A5, 0x0085, 0x0884, 0x0062, 0x0000, 0x0021, 0x08C5, 0x00A5, 0x21C8, 0x42CB, 0x42CB, 0x42EC,
  0x3AEC, 0x3AEC, 0x3AEC, 0x42EC, 0x42EC, 0x430C, 0x430D, 0x432D, 0x4B4D, 0x4B6E, 0x4B8E, 0x538F,
  0x08C4, 0x08C4, 0x08C3, 0x08A3, 0x08A3, 0x08A3, 0x0083, 0x0083, 0x0083, 0x00A3, 0x00A3, 0x00A3,
  0x08A3, 0x00A3, 0x00C3, 0x08C3, 0x0021, 0x0001, 0x0001, 0x0001, 0x0000, 0x0000, 0x08C4, 0x0062,
  0x0000, 0x0002, 0x1189, 0x0927, 0x08E6, 0x2A6C, 0x19CA, 0x21EA, 0x220A, 0x220A, 0x1968, 0x08A5,
  0x1127, 0x1126, 0x0906, 0x00A4, 0x0063, 0x10E5, 0x0083, 0x00C3, 0x19E5, 0x19C4, 0x19C5, 0x1145,
  0x1126, 0x1147, 0x1187, 0x19E9, 0x19C9, 0x29A8, 0x20C4, 0x00C6, 0x08E6, 0x0907, 0x19C9, 0x19A9,
  0x1168, 0x08E6, 0x19CA, 0x224C, 0x11C9, 0x2988, 0x38C4, 0x0021, 0x0022, 0x0022, 0x0062, 0x0042,
  0x0022, 0x0022, 0x0022, 0x11AA, 0x224F, 0x3314, 0x2B76, 0x3457, 0x4D5B, 0x33F6, 0x1A2F, 0x116A,
  0x0907, 0x08E6, 0x0907, 0x118C, 0x2293, 0x4CFA, 0x6E5C, 0x659C, 0x3356, 0x092A, 0x1989, 0x0927,
  0x40C6, 0x7107, 0x10E6, 0x0907, 0x08E6, 0x7127, 0x5907, 0x0907, 0x0928, 0x1988, 0x3229, 0x08E6,
  0x08E6, 0x0927, 0x1167, 0x19C8, 0x1147, 0x1987, 0x0905, 0x00E5, 0x00C5, 0x08C6, 0x08E6, 0x00C5,
  0x00A5, 0x0085, 0x0084, 0x00A5, 0x00A5, 0x0043, 0x0021, 0x0062, 0x0063, 0x0042, 0x0022, 0x0022,
  0x0043, 0x0063, 0x00A3, 0x0083, 0x0062, 0x0083, 0x0883, 0x0883, 0x0883, 0x0063, 0x00A4, 0x0083,
  0x0063, 0x0063, 0x0084, 0x0906, 0x1147, 0x08A5, 0x00A6, 0x00A5, 0x08C5, 0x08C5, 0x00A4, 0x08A5,
  0x0084, 0x0043, 0x0084, 0x0085, 0x08C6, 0x00A5, 0x00A5, 0x00A5, 0x00A5, 0x00A5, 0x00A4, 0x00A4,
  0x0884, 0x00A4, 0x00A4, 0x0084, 0x1127, 0x00A6, 0x0085, 0x0085, 0x0085, 0x0084, 0x0084, 0x0884,
  0x0084, 0x0084, 0x0084, 0x0863, 0x28C4, 0x0084, 0x00A5, 0x00C5, 0x08C5, 0x0063, 0x08C5, 0x0084,
  0x0084, 0x0084, 0x0063, 0x00A4, 0x0084, 0x08A5, 0x0084, 0x0084, 0x0063, 0x0063, 0x0906, 0x00C5,
  0x08E6, 0x0906, 0x08E6, 0x1148, 0x21C9, 0x21CA, 0x220A, 0x224B, 0x224B, 0x2A8C, 0x2A2B, 0x00A5,
  0x08A5, 0x08A5, 0x08A5, 0x0042, 0x0000, 0x0021, 0x00A4, 0x0905, 0x3A8B, 0x3A8A, 0x326A, 0x326A,
  0x326A, 0x326A, 0x326A, 0x326A, 0x326A, 0x326A, 0x326A, 0x326A, 0x326A, 0x326A, 0x326A, 0x326A,
  0x0083, 0x0083, 0x00A3, 0x0083, 0x0083, 0x0083, 0x0083, 0x0083, 0x0083, 0x0083, 0x00A3, 0x00A3,
  0x08A4, 0x08A4, 0x00A3, 0x08C4, 0x0882, 0x0000, 0x0001, 0x0001, 0x0000, 0x0001, 0x10E4, 0x0041,
  0x0000, 0x0002, 0x1989, 0x0907, 0x00C6, 0x0927, 0x00E6, 0x00E6, 0x00C5, 0x00C5, 0x08C5, 0x08C5,
  0x0927, 0x0926, 0x0906, 0x00A4, 0x0063, 0x10E5, 0x0083, 0x0083, 0x0904, 0x0943, 0x19A6, 0x19A8,
  0x1167, 0x0927, 0x1167, 0x11A9, 0x222B, 0x21C8, 0x1083, 0x00C5, 0x00A5, 0x08E6, 0x1168, 0x1188,
  0x11A8, 0x00A5, 0x1147, 0x1A2B, 0x11A9, 0x2988, 0x30A4, 0x0001, 0x0001, 0x0001, 0x0063, 0x0043,
  0x0022, 0x0022, 0x0023, 0x2ACE, 0x228F, 0x1A0E, 0x2271, 0x1A71, 0x22B3, 0x1A50, 0x096B, 0x222C,
  0x328D, 0x2A4C, 0x2A4D, 0x198B, 0x19CE, 0x22B3, 0x3376, 0x2B15, 0x19CE, 0x00C7, 0x0948, 0x0107,
  0x38C6, 0x7128, 0x10A5, 0x08C6, 0x00A5, 0x6107, 0x58E7, 0x08E6, 0x08E6, 0x0906, 0x08E6, 0x0907,
  0x0907, 0x0927, 0x1168, 0x11A8, 0x00E5, 0x1167, 0x21E8, 0x1967, 0x1967, 0x1127, 0x0927, 0x0927,
  0x0927, 0x00A5, 0x0085, 0x00C6, 0x0084, 0x0022, 0x0022, 0x0042, 0x0042, 0x0042, 0x0022, 0x0022,
  0x0042, 0x0063, 0x0083, 0x0042, 0x0022, 0x0022, 0x0022, 0x0022, 0x0022, 0x0022, 0x0063, 0x0042,
  0x0022, 0x0063, 0x00A4, 0x00C5, 0x00A5, 0x0064, 0x08E6, 0x1147, 0x1126, 0x1126, 0x0906, 0x08E5,
  0x0906, 0x08E5, 0x08E6, 0x00C6, 0x00C6, 0x00C6, 0x00E6, 0x00E6, 0x00E6, 0x00E6, 0x08E5, 0x00A5,
  0x0084, 0x0084, 0x0084, 0x0085, 0x00E6, 0x0085, 0x0064, 0x0064, 0x0085, 0x0085, 0x0084, 0x0085,
  0x0084, 0x0084, 0x0064, 0x0063, 0x1084, 0x0085, 0x0085, 0x00A5, 0x08E6, 0x0064, 0x0084, 0x00A5,
  0x08E6, 0x08C5, 0x0084, 0x08A4, 0x00A4, 0x0084, 0x08A4, 0x0063, 0x0063, 0x0084, 0x00E5, 0x08E6,
  0x1147, 0x00C6, 0x00A5, 0x08E6, 0x0906, 0x0906, 0x0927, 0x0906, 0x0927, 0x1148, 0x1968, 0x08A5,
  0x08A5, 0x08A5, 0x0884, 0x0021, 0x0001, 0x0021, 0x00A4, 0x2A08, 0x3AAB, 0x328A, 0x328A, 0x326A,
  0x326A, 0x328A, 0x328A, 0x326A, 0x326A, 0x326A, 0x326A, 0x326A, 0x326A, 0x326A, 0x326A, 0x324A,
  0x00A3, 0x00A3, 0x08A3, 0x08A3, 0x08A3, 0x08A3, 0x08A3, 0x08A3, 0x0083, 0x00A3, 0x08A3, 0x08A3,
  0x08A4, 0x08A3, 0x08A3, 0x08C3, 0x08C3, 0x0021, 0x0000, 0x0021, 0x0000, 0x0021, 0x10E4, 0x0021,
  0x0000, 0x0022, 0x1189, 0x00E6, 0x00A5, 0x00C5, 0x00C5, 0x00C5, 0x00E5, 0x08E5, 0x00A4, 0x08C5,
  0x0927, 0x0906, 0x08E5, 0x00A4, 0x0063, 0x10C4, 0x0063, 0x0063, 0x0063, 0x08E3, 0x1125, 0x0926,
  0x19EA, 0x2AAD, 0x226C, 0x228C, 0x330F, 0x2A0A, 0x0863, 0x08A5, 0x0084, 0x1168, 0x1A0B, 0x19EA,
  0x1189, 0x00C5, 0x0927, 0x11A9, 0x0968, 0x2967, 0x28A3, 0x0000, 0x0000, 0x0021, 0x0042, 0x0043,
  0x0043, 0x0043, 0x0064, 0x22CD, 0x1A8E, 0x222D, 0x19EC, 0x116B, 0x118B, 0x096A, 0x0108, 0x00C6,
  0x00A5, 0x00A5, 0x00A6, 0x08E8, 0x0909, 0x116B, 0x118C, 0x118C, 0x0908, 0x0084, 0x0907, 0x0907,
  0x30E6, 0x5927, 0x10A5, 0x08C5, 0x00A4, 0x50E6, 0x48C5, 0x00A4, 0x08C5, 0x00C5, 0x08C5, 0x08C6,
  0x00C6, 0x08E6, 0x0926, 0x1188, 0x00E6, 0x00E6, 0x08E5, 0x08C4, 0x29C8, 0x21A7, 0x0926, 0x00C5,
  0x1147, 0x00C5, 0x08C6, 0x0927, 0x08E6, 0x0022, 0x0021, 0x0022, 0x0022, 0x0042, 0x0042, 0x0022,
  0x0042, 0x0063, 0x0042, 0x0042, 0x0022, 0x0022, 0x0022, 0x0022, 0x0022, 0x0022, 0x0022, 0x0022,
  0x0042, 0x00A4, 0x0084, 0x0084, 0x0064, 0x0064, 0x0064, 0x0044, 0x0023, 0x0022, 0x0044, 0x0064,
  0x0084, 0x08C5, 0x0906, 0x0927, 0x0947, 0x0927, 0x0926, 0x0926, 0x00C5, 0x00A5, 0x0906, 0x00C6,
  0x00E6, 0x0907, 0x0927, 0x0928, 0x0948, 0x0928, 0x0927, 0x1168, 0x11CA, 0x1169, 0x0949, 0x0969,
  0x1169, 0x1189, 0x1169, 0x0927, 0x08A5, 0x0085, 0x0084, 0x00A5, 0x00A5, 0x00A5, 0x0085, 0x0084,
  0x00C5, 0x00A5, 0x0084, 0x0084, 0x0084, 0x0084, 0x08C5, 0x0063, 0x0063, 0x0063, 0x0906, 0x0948,
  0x1168, 0x08E6, 0x0927, 0x1988, 0x1188, 0x1168, 0x1168, 0x0927, 0x08E6, 0x00A5, 0x08C6, 0x00A5,
  0x08A5, 0x08A6, 0x0022, 0x0001, 0x0001, 0x0021, 0x1946, 0x3AAB, 0x3AAB, 0x3AAB, 0x328A, 0x328A,
  0x328A, 0x3A8A, 0x328A, 0x328A, 0x328A, 0x326A, 0x326A, 0x326A, 0x328A, 0x328A, 0x326A, 0x326A,
  0x00A3, 0x00A3, 0x08A3, 0x00A3, 0x00A3, 0x00A3, 0x00A3, 0x0083, 0x0083, 0x0083, 0x0082, 0x08A3,
  0x08A3, 0x08A2, 0x08A2, 0x08A3, 0x08A3, 0x0041, 0x0001, 0x0021, 0x0000, 0x0042, 0x10C4, 0x0001,
  0x0000, 0x0022, 0x1147, 0x00E6, 0x0926, 0x0946, 0x0966, 0x1A07, 0x0985, 0x0945, 0x0926, 0x08C5,
  0x1126, 0x08E5, 0x08C4, 0x0063, 0x0042, 0x08A4, 0x0084, 0x0084, 0x0084, 0x0083, 0x00A4, 0x00A4,
  0x1188, 0x2A8C, 0x2A6C, 0x2A6C, 0x3B0E, 0x21E9, 0x0022, 0x08C5, 0x0084, 0x19EA, 0x2ACE, 0x224C,
  0x224C, 0x224C, 0x2AAD, 0x2AAD, 0x224C, 0x31A9, 0x2083, 0x0000, 0x0000, 0x0021, 0x0063, 0x0042,
  0x0043, 0x0043, 0x0064, 0x228C, 0x1A2C, 0x21EB, 0x1169, 0x0908, 0x0908, 0x08E7, 0x0907, 0x00C6,
  0x0084, 0x00A5, 0x00C6, 0x0907, 0x08E7, 0x08E7, 0x08E7, 0x08E7, 0x00A5, 0x0043, 0x08C6, 0x00E6,
  0x30E6, 0x7189, 0x10A5, 0x08C5, 0x00A4, 0x48C5, 0x48C5, 0x00A4, 0x00A4, 0x08E5, 0x08E5, 0x08E5,
  0x18E6, 0x18E6, 0x0926, 0x1188, 0x0906, 0x0927, 0x08E6, 0x00C5, 0x08C5, 0x19A7, 0x2A69, 0x19A7,
  0x1126, 0x0084, 0x00A5, 0x0907, 0x00E6, 0x0064, 0x0001, 0x0002, 0x0023, 0x0064, 0x0063, 0x0001,
  0x0042, 0x0062, 0x0042, 0x0043, 0x0023, 0x0023, 0x0043, 0x0044, 0x0064, 0x0043, 0x0022, 0x0022,
  0x0063, 0x08C4, 0x08C5, 0x0043, 0x0064, 0x0086, 0x0086, 0x0065, 0x0064, 0x0064, 0x0065, 0x0064,
  0x0064, 0x0064, 0x0064, 0x0085, 0x00A6, 0x00A5, 0x00A5, 0x00A5, 0x08E6, 0x08E6, 0x0927, 0x1189,
  0x11AA, 0x11CB, 0x11AA, 0x11CA, 0x118A, 0x0948, 0x0948, 0x0927, 0x0928, 0x0969, 0x1189, 0x0969,
  0x1169, 0x1169, 0x0969, 0x0927, 0x00A5, 0x0085, 0x0084, 0x0084, 0x0084, 0x00A5, 0x0085, 0x0064,
  0x0064, 0x0063, 0x0064, 0x0064, 0x0063, 0x0063, 0x0063, 0x0063, 0x0043, 0x0063, 0x0064, 0x08E6,
  0x08E6, 0x0084, 0x00A5, 0x00A5, 0x08E6, 0x1127, 0x1148, 0x1168, 0x1168, 0x1147, 0x1147, 0x00A5,
  0x08C5, 0x08A5, 0x0022, 0x0001, 0x0021, 0x0042, 0x21A6, 0x3249, 0x324A, 0x324A, 0x324A, 0x326A,
  0x326A, 0x3A6A, 0x3A8A, 0x3A6A, 0x328A, 0x328A, 0x326A, 0x326A, 0x328A, 0x3A8A, 0x326A, 0x326A,
  0x0082, 0x0082, 0x0062, 0x0062, 0x0062, 0x0062, 0x0062, 0x0062, 0x0042, 0x0062, 0x0062, 0x0062,
  0x0062, 0x0062, 0x0062, 0x0082, 0x0082, 0x0882, 0x0062, 0x0021, 0x0000, 0x0042, 0x10C4, 0x0000,
  0x0000, 0x0042, 0x0906, 0x1148, 0x11A8, 0x00C3, 0x09A5, 0x0964, 0x0103, 0x0103, 0x0926, 0x08C5,
  0x08E5, 0x08C5, 0x08C5, 0x0084, 0x00A4, 0x08C5, 0x00C5, 0x08E6, 0x08E6, 0x08C5, 0x08C5, 0x08C5,
  0x1147, 0x1968, 0x0906, 0x0906, 0x1168, 0x0905, 0x0042, 0x08C5, 0x0083, 0x1147, 0x228D, 0x1A0B,
  0x19A9, 0x19CA, 0x224C, 0x222B, 0x19A9, 0x3967, 0x1021, 0x0000, 0x0000, 0x0062, 0x0063, 0x0042,
  0x0042, 0x0064, 0x0064, 0x19EA, 0x11CA, 0x1189, 0x0906, 0x00C6, 0x0084, 0x08E6, 0x1127, 0x00A5,
  0x0064, 0x0084, 0x0085, 0x0084, 0x0084, 0x00C5, 0x0085, 0x0084, 0x0043, 0x0022, 0x1106, 0x0927,
  0x18C6, 0x30E6, 0x08C5, 0x00A5, 0x0084, 0x48E6, 0x48C5, 0x2144, 0x3A06, 0x0905, 0x0906, 0x0906,
  0x4167, 0x59A8, 0x08E5, 0x1168, 0x0906, 0x1147, 0x08E5, 0x08C5, 0x08C5, 0x00C5, 0x0906, 0x1987,
  0x29E8, 0x1987, 0x0926, 0x120A, 0x0988, 0x08E6, 0x0883, 0x0022, 0x0023, 0x0043, 0x0042, 0x0021,
  0x0042, 0x0063, 0x0064, 0x0064, 0x0064, 0x0064, 0x0044, 0x0064, 0x00A6, 0x00A5, 0x0042, 0x0023,
  0x0043, 0x0884, 0x2106, 0x28C6, 0x28E7, 0x214A, 0x118E, 0x00E9, 0x00A6, 0x0084, 0x08A5, 0x0085,
  0x0065, 0x0085, 0x0085, 0x00A6, 0x0064, 0x0065, 0x0065, 0x0065, 0x0064, 0x0085, 0x00A5, 0x00A6,
  0x00A6, 0x00E7, 0x0128, 0x0928, 0x0907, 0x00C5, 0x00A5, 0x0084, 0x0084, 0x0064, 0x0065, 0x0064,
  0x0085, 0x0085, 0x0085, 0x00A5, 0x0085, 0x0064, 0x0064, 0x0064, 0x00A5, 0x11AA, 0x0948, 0x1189,
  0x11AA, 0x11CA, 0x1168, 0x08E6, 0x08E6, 0x1148, 0x0947, 0x0948, 0x1168, 0x0927, 0x0084, 0x1127,
  0x0906, 0x00A5, 0x00A4, 0x0063, 0x00A5, 0x08C5, 0x0064, 0x0084, 0x0084, 0x0084, 0x08C5, 0x00A5,
  0x00A5, 0x08A5, 0x0022, 0x0001, 0x0021, 0x0041, 0x0082, 0x08A2, 0x08C3, 0x08E3, 0x0904, 0x1125,
  0x1125, 0x1946, 0x1966, 0x1987, 0x21A7, 0x21C7, 0x21E8, 0x29E8, 0x2A08, 0x2A29, 0x2A29, 0x2A29,
  0x0041, 0x0041, 0x0041, 0x0042, 0x0062, 0x0041, 0x0062, 0x0062, 0x0063, 0x0083, 0x0083, 0x0083,
  0x0083, 0x0883, 0x0083, 0x08A3, 0x08A3, 0x08A3, 0x08C3, 0x0041, 0x0000, 0x0063, 0x0883, 0x0000,
  0x0000, 0x0042, 0x08E6, 0x00C5, 0x0966, 0x0102, 0x0103, 0x00C3, 0x0103, 0x0964, 0x0926, 0x08C5,
  0x08E5, 0x0906, 0x19A8, 0x19A8, 0x1988, 0x1967, 0x0927, 0x0906, 0x0906, 0x08E5, 0x08C5, 0x08C5,
  0x1147, 0x1147, 0x1147, 0x1967, 0x1967, 0x1967, 0x08A4, 0x0063, 0x0063, 0x0906, 0x19EA, 0x1188,
  0x19A9, 0x11A9, 0x11A9, 0x224C, 0x328D, 0x4966, 0x1020, 0x0000, 0x0000, 0x0062, 0x0063, 0x0043,
  0x0043, 0x0084, 0x0064, 0x0968, 0x22AD, 0x1168, 0x08C5, 0x00C5, 0x0063, 0x08C5, 0x1106, 0x0063,
  0x0063, 0x0064, 0x0064, 0x0043, 0x0043, 0x0084, 0x00A4, 0x0084, 0x0043, 0x0022, 0x1906, 0x1947,
  0x10C6, 0x2107, 0x10C5, 0x00C5, 0x08C5, 0x28E6, 0x18A4, 0x41A4, 0x6AC7, 0x1105, 0x08E5, 0x08E5,
  0x2906, 0x3926, 0x00C5, 0x00E5, 0x0906, 0x1126, 0x08E5, 0x08C5, 0x1106, 0x1927, 0x08E6, 0x00C5,
  0x0926, 0x2A09, 0x3B0B, 0x2B2C, 0x09C8, 0x00E5, 0x00A4, 0x0064, 0x0044, 0x0023, 0x0063, 0x0022,
  0x0022, 0x0043, 0x0043, 0x0043, 0x0023, 0x0023, 0x0023, 0x0023, 0x0023, 0x0043, 0x0043, 0x0023,
  0x0044, 0x0043, 0x0864, 0x1084, 0x1085, 0x10C7, 0x092B, 0x0909, 0x00A6, 0x0085, 0x00C6, 0x00A5,
  0x0085, 0x00C6, 0x00C7, 0x08E7, 0x00A6, 0x0907, 0x1128, 0x00C7, 0x00A6, 0x1128, 0x08E7, 0x08C6,
  0x00E7, 0x0928, 0x11CA, 0x1169, 0x1168, 0x19C9, 0x1188, 0x0927, 0x0947, 0x11A9, 0x0948, 0x11A9,
  0x11A9, 0x0948, 0x1148, 0x1148, 0x1168, 0x19AA, 0x1189, 0x1189, 0x1189, 0x226D, 0x1A0C, 0x1A2C,
  0x1A2C, 0x1A0B, 0x19EB, 0x0968, 0x0947, 0x19EA, 0x1A0B, 0x1A2B, 0x1A2B, 0x19EA, 0x0968, 0x11A9,
  0x0948, 0x0927, 0x19CA, 0x11A9, 0x19CA, 0x1148, 0x08C5, 0x08E6, 0x08E6, 0x00C5, 0x00C5, 0x0084,
  0x0084, 0x08C5, 0x0042, 0x0001, 0x0042, 0x0041, 0x08C2, 0x08C2, 0x0061, 0x0081, 0x0081, 0x0062,
  0x0061, 0x0061, 0x0061, 0x0062, 0x0082, 0x0082, 0x00A2, 0x00A3, 0x08C3, 0x08E3, 0x08E4, 0x1104,
  0x0062, 0x0083, 0x0062, 0x0062, 0x00A2, 0x0062, 0x0062, 0x0083, 0x0083, 0x0082, 0x00E1, 0x00A2,
  0x0083, 0x0883, 0x0083, 0x08A3, 0x08A3, 0x08A3, 0x08A2, 0x0861, 0x0001, 0x0042, 0x0021, 0x0000,
  0x0000, 0x0042, 0x00A4, 0x0084, 0x0124, 0x0122, 0x00C2, 0x00A3, 0x00E3, 0x0124, 0x1167, 0x08E6,
  0x1147, 0x19A9, 0x220A, 0x19A9, 0x19A9, 0x21C9, 0x21E9, 0x21E9, 0x1167, 0x0906, 0x1147, 0x1147,
  0x220A, 0x32AC, 0x2A6B, 0x2A4B, 0x2A2A, 0x19A8, 0x00A4, 0x0063, 0x0083, 0x0084, 0x1127, 0x1147,
  0x0947, 0x0127, 0x120B, 0x4413, 0x2A4C, 0x2905, 0x0821, 0x0000, 0x0000, 0x0062, 0x0042, 0x0043,
  0x0043, 0x0084, 0x0044, 0x0988, 0x2B2F, 0x0927, 0x08E6, 0x00C6, 0x00A5, 0x00C6, 0x08C5, 0x0084,
  0x0064, 0x0084, 0x00A5, 0x00C6, 0x00A5, 0x00A6, 0x00A5, 0x0064, 0x0084, 0x0084, 0x0085, 0x00A4,
  0x08C5, 0x18E6, 0x08C5, 0x08C5, 0x08E6, 0x08C5, 0x00A4, 0x41A5, 0x5A26, 0x08E5, 0x08E6, 0x08C5,
  0x2126, 0x3967, 0x00C5, 0x08E6, 0x0906, 0x1126, 0x1106, 0x0906, 0x2126, 0x3987, 0x1147, 0x0927,
  0x0927, 0x0906, 0x19C7, 0x22EA, 0x128A, 0x00E5, 0x0084, 0x0064, 0x0085, 0x0085, 0x08E6, 0x08C6,
  0x0064, 0x0064, 0x0043, 0x0843, 0x0864, 0x0043, 0x0044, 0x0044, 0x0064, 0x0864, 0x1843, 0x2843,
  0x2043, 0x1885, 0x08A5, 0x0085, 0x0085, 0x00A5, 0x1128, 0x08A6, 0x0064, 0x0085, 0x00C6, 0x08C6,
  0x08E6, 0x0907, 0x0907, 0x0907, 0x00C6, 0x0907, 0x0907, 0x00E7, 0x0907, 0x1127, 0x0927, 0x1148,
  0x0928, 0x0908, 0x00C7, 0x08E7, 0x00A5, 0x08E6, 0x0906, 0x08E6, 0x0907, 0x11CA, 0x11A9, 0x11C9,
  0x222B, 0x11CA, 0x0948, 0x00E6, 0x0948, 0x224C, 0x1A0B, 0x19EB, 0x19CB, 0x1A0B, 0x11AA, 0x0968,
  0x0968, 0x11A9, 0x11EA, 0x19EA, 0x11CA, 0x1A2B, 0x11AA, 0x11AA, 0x1A0B, 0x1A0B, 0x228D, 0x330F,
  0x22AD, 0x228D, 0x2AAD, 0x228D, 0x2AAD, 0x228D, 0x226C, 0x226C, 0x226C, 0x222B, 0x1988, 0x0084,
  0x0084, 0x08C5, 0x0022, 0x0001, 0x08A3, 0x0062, 0x21A6, 0x2A08, 0x21C7, 0x21A6, 0x21A6, 0x1965,
  0x1104, 0x08C3, 0x08C2, 0x08A2, 0x00A2, 0x0082, 0x0061, 0x0061, 0x0061, 0x0061, 0x0041, 0x0041,
  0x0062, 0x08A3, 0x0082, 0x0082, 0x08C3, 0x0062, 0x0062, 0x0082, 0x0042, 0x11A1, 0x3381, 0x0980,
  0x0062, 0x0083, 0x0882, 0x00A3, 0x08A3, 0x08A3, 0x0882, 0x0861, 0x0021, 0x0022, 0x0001, 0x0021,
  0x0001, 0x0084, 0x08A4, 0x0063, 0x00E4, 0x00C2, 0x0103, 0x00E4, 0x00E3, 0x0144, 0x1167, 0x08E5,
  0x0906, 0x1988, 0x1988, 0x1167, 0x1967, 0x1167, 0x1187, 0x19A8, 0x19A8, 0x21A8, 0x2A2A, 0x32CD,
  0x4BD0, 0x5C52, 0x3AED, 0x222A, 0x220A, 0x1126, 0x08E6, 0x00A4, 0x08E5, 0x08E6, 0x1988, 0x1188,
  0x1189, 0x2B30, 0x5538, 0x4454, 0x220A, 0x1905, 0x0021, 0x0021, 0x0020, 0x0042, 0x0022, 0x0043,
  0x0042, 0x0084, 0x0064, 0x09A9, 0x33F2, 0x0129, 0x0949, 0x096A, 0x096A, 0x096A, 0x0908, 0x08E7,
  0x00C6, 0x00C6, 0x0908, 0x0929, 0x094A, 0x098C, 0x09CC, 0x09CC, 0x016A, 0x094A, 0x0929, 0x00A5,
  0x08E6, 0x1107, 0x08E6, 0x08C5, 0x08C5, 0x08E6, 0x08E6, 0x2145, 0x3185, 0x0906, 0x0906, 0x08E6,
  0x1926, 0x1905, 0x00A4, 0x08E5, 0x08E5, 0x0906, 0x1126, 0x08E6, 0x20E5, 0x3146, 0x08E6, 0x0906,
  0x0907, 0x0947, 0x0147, 0x0A6B, 0x0A2A, 0x00C5, 0x0084, 0x0064, 0x0064, 0x00A5, 0x00A5, 0x08E6,
  0x10A5, 0x2084, 0x5905, 0x50C5, 0x1084, 0x0885, 0x08A6, 0x08C6, 0x08A5, 0x18A5, 0x4084, 0x98C4,
  0x9063, 0x3863, 0x18C6, 0x08C6, 0x00A5, 0x08E7, 0x1969, 0x08C5, 0x0085, 0x08C6, 0x08C6, 0x0085,
  0x0085, 0x0085, 0x00A5, 0x00A5, 0x00C5, 0x0906, 0x00C5, 0x0085, 0x0085, 0x0085, 0x0907, 0x1128,
  0x1148, 0x1168, 0x00C6, 0x00A6, 0x00A6, 0x00C6, 0x00A6, 0x0085, 0x00A6, 0x0085, 0x0085, 0x0084,
  0x1147, 0x1188, 0x1168, 0x19CA, 0x224C, 0x1A0B, 0x0989, 0x1189, 0x1189, 0x11AA, 0x11A9, 0x19A9,
  0x1168, 0x19EA, 0x226C, 0x1A0B, 0x11CA, 0x11EA, 0x0968, 0x0948, 0x1188, 0x0968, 0x1189, 0x1189,
  0x0989, 0x0968, 0x0989, 0x09A9, 0x11EA, 0x11A9, 0x11CA, 0x11CA, 0x11A9, 0x1189, 0x0085, 0x0084,
  0x00A5, 0x0084, 0x0022, 0x0041, 0x08A2, 0x0041, 0x29C7, 0x3A8A, 0x326A, 0x3269, 0x3249, 0x2A09,
  0x21A6, 0x1986, 0x1986, 0x1965, 0x1965, 0x1945, 0x1124, 0x1124, 0x1144, 0x1124, 0x1124, 0x1104,
  0x0061, 0x08A3, 0x0082, 0x08A3, 0x1125, 0x0082, 0x0062, 0x0082, 0x0042, 0x0961, 0x22C1, 0x0920,
  0x0062, 0x0883, 0x0083, 0x00A3, 0x08A3, 0x00A3, 0x0882, 0x0861, 0x0041, 0x0021, 0x0021, 0x0021,
  0x0001, 0x08C5, 0x0063, 0x08C5, 0x0905, 0x00A2, 0x0123, 0x00A3, 0x00C3, 0x0965, 0x0926, 0x08C5,
  0x19A8, 0x1988, 0x0905, 0x0905, 0x1126, 0x1167, 0x1126, 0x0906, 0x08E5, 0x1106, 0x19A8, 0x434E,
  0x53B0, 0x3AAC, 0x2A4A, 0x2A6B, 0x3AAC, 0x3A4B, 0x1967, 0x08E5, 0x00E6, 0x1168, 0x11A9, 0x11A9,
  0x230F, 0x6E7C, 0x4D17, 0x120B, 0x220B, 0x08A4, 0x0000, 0x0000, 0x0001, 0x0022, 0x0021, 0x0022,
  0x0042, 0x0063, 0x0023, 0x0968, 0x4495, 0x1A4F, 0x2312, 0x4D38, 0x661A, 0x2BB3, 0x012A, 0x0908,
  0x00A6, 0x11AB, 0x1A4D, 0x22D0, 0x124F, 0x0A50, 0x4CB7, 0x86BC, 0x3CB7, 0x2B13, 0x19AC, 0x00C6,
  0x1106, 0x1968, 0x1127, 0x1126, 0x08C5, 0x00C5, 0x08E6, 0x0906, 0x1147, 0x1147, 0x0906, 0x00C4,
  0x08E5, 0x08C5, 0x1147, 0x1147, 0x0926, 0x08C5, 0x08E6, 0x08E5, 0x2147, 0x29A9, 0x1988, 0x00E6,
  0x0947, 0x0947, 0x0A0A, 0x130E, 0x0A2A, 0x00E5, 0x0063, 0x0064, 0x0085, 0x08C6, 0x08E7, 0x08C6,
  0x30C5, 0x50A5, 0x90C4, 0x78C4, 0x2085, 0x0085, 0x0064, 0x0023, 0x0043, 0x0844, 0x2864, 0xA1A7,
  0xA1E8, 0x30E6, 0x0065, 0x0064, 0x0064, 0x08E7, 0x220E, 0x11AB, 0x00A6, 0x08C7, 0x0908, 0x08E7,
  0x21EB, 0x1A0C, 0x19EB, 0x0907, 0x0084, 0x00A5, 0x1168, 0x220B, 0x2A6D, 0x19EB, 0x1169, 0x0908,
  0x11AA, 0x2AAE, 0x228E, 0x1A0C, 0x11AB, 0x11EB, 0x1A2C, 0x2ACF, 0x222C, 0x00C6, 0x0085, 0x0084,
  0x0023, 0x0002, 0x0022, 0x0084, 0x0927, 0x1169, 0x1A2B, 0x228D, 0x2A8D, 0x11CA, 0x11A9, 0x1188,
  0x0927, 0x00E6, 0x0107, 0x0948, 0x19EB, 0x1A0B, 0x11EA, 0x11A9, 0x0948, 0x0948, 0x11CA, 0x1A0B,
  0x1A2B, 0x1A2B, 0x1A4C, 0x1A2C, 0x224C, 0x11CA, 0x11C9, 0x11A9, 0x11A9, 0x19EA, 0x1188, 0x0927,
  0x1147, 0x08A5, 0x0021, 0x0061, 0x08A3, 0x0061, 0x29C7, 0x3AAB, 0x328A, 0x326A, 0x326A, 0x2A29,
  0x21C7, 0x21C7, 0x21E7, 0x2186, 0x1986, 0x2A08, 0x29E7, 0x1986, 0x21C7, 0x21A6, 0x21A6, 0x2186,
  0x0061, 0x08A2, 0x0082, 0x0082, 0x08E3, 0x0082, 0x0082, 0x0082, 0x0083, 0x0062, 0x0061, 0x0062,
  0x0082, 0x0083, 0x0083, 0x0082, 0x0082, 0x0062, 0x0061, 0x0861, 0x0041, 0x0041, 0x0021, 0x0021,
  0x0001, 0x08C5, 0x0063, 0x0063, 0x0946, 0x0986, 0x0965, 0x00C4, 0x00A3, 0x00C3, 0x00A4, 0x08E5,
  0x1988, 0x1968, 0x1988, 0x1967, 0x21A8, 0x21A8, 0x1167, 0x1126, 0x1126, 0x1106, 0x1146, 0x32AB,
  0x530D, 0x3209, 0x328C, 0x32AD, 0x3A8C, 0x31E9, 0x21A8, 0x1167, 0x0947, 0x0948, 0x120B, 0x5D78,
  0x661B, 0x3C13, 0x11EB, 0x0948, 0x0927, 0x0906, 0x19A8, 0x1146, 0x0883, 0x0021, 0x0042, 0x0883,
  0x0021, 0x0042, 0x00C5, 0x1A2B, 0x3372, 0x22F2, 0x4D39, 0x8F3D, 0xA7DF, 0x65D9, 0x2311, 0x0969,
  0x0948, 0x3B51, 0x3BB3, 0x3C35, 0x4D79, 0x7E9D, 0xA71D, 0xB79E, 0x871E, 0x2B94, 0x0086, 0x0063,
  0x08A5, 0x324C, 0x3B2F, 0x432F, 0x19C9, 0x08A5, 0x10C5, 0x1947, 0x3AAE, 0x32EE, 0x222B, 0x00C4,
  0x0083, 0x08E5, 0x2A2B, 0x2A8D, 0x328D, 0x1168, 0x00C5, 0x08C5, 0x21C9, 0x432F, 0x3B2F, 0x11C9,
  0x0967, 0x0946, 0x126B, 0x2C94, 0x2D56, 0x2BB1, 0x1147, 0x0044, 0x00A5, 0x1969, 0x21EB, 0x224D,
  0x218A, 0x5127, 0xB166, 0x6083, 0x28C5, 0x21CA, 0x220B, 0x198A, 0x08A5, 0x1065, 0x4086, 0x89A8,
  0x92CC, 0x52EF, 0x3B11, 0x19CB, 0x00A6, 0x0086, 0x21ED, 0x2AD1, 0x2AB1, 0x3333, 0x1A2D, 0x0949,
  0x1169, 0x19CC, 0x4331, 0x328E, 0x2A6D, 0x222C, 0x1A0B, 0x118A, 0x19EB, 0x324D, 0x42F0, 0x3ACF,
  0x118A, 0x1A2D, 0x228E, 0x1A0C, 0x228E, 0x3392, 0x2B51, 0x3372, 0x3351, 0x098A, 0x00C7, 0x1168,
  0x19EB, 0x19EB, 0x1168, 0x00C6, 0x0044, 0x0044, 0x0064, 0x00A5, 0x00A5, 0x1127, 0x220A, 0x222A,
  0x1A0A, 0x1A0B, 0x19EA, 0x11A9, 0x11C9, 0x11C9, 0x11C9, 0x11A9, 0x1189, 0x1168, 0x11A9, 0x1A0A,
  0x1189, 0x0948, 0x1189, 0x11AA, 0x11A9, 0x0907, 0x1148, 0x0927, 0x0906, 0x0927, 0x0907, 0x08E6,
  0x1127, 0x00A4, 0x0062, 0x0061, 0x08A3, 0x0061, 0x29E7, 0x3AAA, 0x328A, 0x326A, 0x326A, 0x2A29,
  0x21C7, 0x21E7, 0x29E8, 0x1125, 0x08E4, 0x21C7, 0x21A7, 0x1965, 0x29E8, 0x21A7, 0x21A6, 0x2186,
  0x0082, 0x0882, 0x0082, 0x0082, 0x0082, 0x0062, 0x0062, 0x0062, 0x0062, 0x0061, 0x0041, 0x0061,
  0x0041, 0x0041, 0x0041, 0x0041, 0x0020, 0x0000, 0x0882, 0x0881, 0x0041, 0x0061, 0x0041, 0x0021,
  0x0021, 0x0884, 0x0022, 0x0063, 0x0906, 0x0927, 0x00E5, 0x00A4, 0x0062, 0x0042, 0x0022, 0x1126,
  0x1988, 0x1967, 0x1967, 0x1967, 0x2188, 0x29C9, 0x29C9, 0x21A8, 0x2188, 0x21A8, 0x324A, 0x4B4E,
  0x636E, 0x4AED, 0x3AED, 0x3ACD, 0x42AC, 0x4A4B, 0x29A9, 0x0927, 0x1A6C, 0x5D78, 0x65B9, 0x3C13,
  0x1AAD, 0x0989, 0x00E6, 0x0948, 0x228D, 0x3B91, 0x4C96, 0x4391, 0x1106, 0x0000, 0x1127, 0x3B0E,
  0x0001, 0x0001, 0x5495, 0x5D17, 0x1A0D, 0x120E, 0x4D18, 0xBFBE, 0xE7FF, 0x8EDD, 0x2BB3, 0x00E8,
  0x226D, 0x4C35, 0x4C55, 0x1A2C, 0x1ACF, 0x6DDA, 0xD7DF, 0xC79E, 0x7E9C, 0x44B7, 0x3B50, 0x08A5,
  0x0043, 0x19A9, 0x43B1, 0x3B0F, 0x222B, 0x2906, 0x2906, 0x08C5, 0x3A6C, 0x3AEE, 0x32CD, 0x1167,
  0x0083, 0x00A4, 0x0906, 0x32AD, 0x32CE, 0x2AAD, 0x0907, 0x00A5, 0x00C5, 0x220A, 0x3B0F, 0x22AD,
  0x1A4B, 0x0106, 0x00E5, 0x0A0A, 0x130E, 0x22EE, 0x32AE, 0x1969, 0x0064, 0x0043, 0x0084, 0x11AA,
  0x226E, 0x5A6D, 0xA987, 0x4842, 0x0002, 0x0063, 0x1148, 0x220B, 0x2A8D, 0x3A4D, 0x416A, 0x68A6,
  0x5084, 0x2989, 0x3B11, 0x43B3, 0x4393, 0x220C, 0x00C7, 0x0044, 0x0929, 0x226F, 0x3C14, 0x4496,
  0x3392, 0x11CA, 0x08E7, 0x00A6, 0x198A, 0x2AAE, 0x4414, 0x4413, 0x228E, 0x096A, 0x0949, 0x1149,
  0x19AA, 0x2AAE, 0x2B10, 0x228E, 0x1A2D, 0x120C, 0x120D, 0x1A8E, 0x22F0, 0x2B30, 0x2ACF, 0x228D,
  0x228E, 0x22AE, 0x226D, 0x228E, 0x3371, 0x2A8D, 0x08E7, 0x00A5, 0x0043, 0x0002, 0x0002, 0x0022,
  0x08C5, 0x1188, 0x1A0A, 0x222B, 0x1148, 0x1188, 0x1168, 0x0927, 0x00C5, 0x00A5, 0x0084, 0x00A5,
  0x00C5, 0x00C5, 0x00C6, 0x0906, 0x0907, 0x00A5, 0x0906, 0x0906, 0x00C5, 0x08C5, 0x00A5, 0x08C5,
  0x00A5, 0x0062, 0x0082, 0x0061, 0x0883, 0x0062, 0x29C7, 0x3AAB, 0x3AAA, 0x328A, 0x328A, 0x3249,
  0x2A08, 0x2A08, 0x21E8, 0x1965, 0x1124, 0x1125, 0x0904, 0x1986, 0x2A08, 0x21C7, 0x2186, 0x21A6,
  0x0041, 0x0041, 0x0021, 0x0000, 0x0000, 0x0000, 0x0000, 0x0020, 0x0000, 0x0000, 0x0000, 0x0000,
  0x0000, 0x0000, 0x0000, 0x0000, 0x0000, 0x0021, 0x1104, 0x0882, 0x0021, 0x0061, 0x0061, 0x0021,
  0x0021, 0x0062, 0x0001, 0x0063, 0x0063, 0x0063, 0x0083, 0x0084, 0x08A4, 0x08A4, 0x0022, 0x1106,
  0x08E5, 0x00A4, 0x08C4, 0x08A4, 0x08C5, 0x1906, 0x08C5, 0x1106, 0x2168, 0x1926, 0x1967, 0x3AAB,
  0x52CC, 0x2A2A, 0x222A, 0x2A2A, 0x2A0A, 0x29A8, 0x1147, 0x22AE, 0x6599, 0x4D37, 0x2B30, 0x0989,
  0x0907, 0x0106, 0x11CA, 0x2B30, 0x54D6, 0x4C95, 0x2B0F, 0x1168, 0x08A4, 0x0000, 0x32CD, 0x5473,
  0x0000, 0x0042, 0x2AEE, 0x11AA, 0x0929, 0x22AF, 0x6E5B, 0xBF7E, 0xE7FF, 0x5518, 0x016B, 0x0949,
  0x3310, 0x3B92, 0x2A8E, 0x0064, 0x0065, 0x09ED, 0xC73D, 0xC79E, 0x663B, 0x4497, 0x222C, 0x08A5,
  0x0084, 0x1127, 0x4350, 0x32CE, 0x326D, 0x18E5, 0x10C4, 0x0883, 0x2147, 0x21A9, 0x1988, 0x08E6,
  0x0063, 0x00A4, 0x0084, 0x1968, 0x2A6C, 0x32CE, 0x222B, 0x1127, 0x08E5, 0x08C5, 0x19A9, 0x1A6C,
  0x2B70, 0x1A8C, 0x0A4B, 0x020A, 0x0188, 0x0127, 0x1189, 0x2A0B, 0x1127, 0x00A5, 0x08A5, 0x0085,
  0x0908, 0x5A0C, 0xB20A, 0x69A9, 0x2127, 0x0084, 0x0023, 0x0064, 0x1127, 0x19EB, 0x42CF, 0x9AAE,
  0x8189, 0x2085, 0x0024, 0x1128, 0x224D, 0x4C15, 0x4415, 0x228E, 0x118A, 0x0929, 0x0949, 0x1A6E,
  0x3392, 0x4475, 0x4455, 0x3371, 0x1A4C, 0x0128, 0x0128, 0x11EC, 0x3310, 0x3C55, 0x3C55, 0x22CF,
  0x1189, 0x0948, 0x11CA, 0x224C, 0x2A8E, 0x22AF, 0x22D0, 0x1A6E, 0x09CB, 0x098A, 0x0969, 0x224D,
  0x2ACF, 0x228E, 0x19EB, 0x1A0C, 0x222C, 0x19CB, 0x226D, 0x2AEF, 0x22AD, 0x19EA, 0x0906, 0x00A5,
  0x0064, 0x0043, 0x0022, 0x0043, 0x0084, 0x08C5, 0x0927, 0x1147, 0x0907, 0x1168, 0x11A9, 0x19CA,
  0x0927, 0x00E6, 0x00C6, 0x00E6, 0x00E6, 0x00A5, 0x00C5, 0x0907, 0x0927, 0x08E6, 0x08E6, 0x0927,
  0x0083, 0x0061, 0x0082, 0x0062, 0x08A3, 0x0062, 0x08C3, 0x1124, 0x1125, 0x1145, 0x21C7, 0x2A29,
  0x2A28, 0x2A28, 0x2A28, 0x2A08, 0x2A08, 0x29C8, 0x21A7, 0x2A08, 0x2A29, 0x2A08, 0x21C7, 0x29E7,
  0x0000, 0x0000, 0x0000, 0x0020, 0x0882, 0x0881, 0x0000, 0x0000, 0x0000, 0x0000, 0x0000, 0x0000,
  0x0000, 0x0000, 0x0000, 0x0000, 0x0000, 0x0062, 0x1925, 0x0882, 0x0021, 0x0041, 0x0061, 0x0061,
  0x0022, 0x0042, 0x0001, 0x0083, 0x0042, 0x0063, 0x08C4, 0x0906, 0x1147, 0x1106, 0x0022, 0x1106,
  0x08C5, 0x00A4, 0x00A4, 0x00A4, 0x08A4, 0x0884, 0x0084, 0x1106, 0x1927, 0x10E5, 0x29E8, 0x6CB2,
  0x3AAC, 0x32AC, 0x3B0D, 0x2A4B, 0x21E9, 0x19A9, 0x3B92, 0x4CB6, 0x33B2, 0x120C, 0x0969, 0x0948,
  0x1A0B, 0x2AEE, 0x54B5, 0x5D37, 0x4413, 0x1A0B, 0x0927, 0x1147, 0x1105, 0x0000, 0x2A6B, 0x5433,
  0x0000, 0x0062, 0x19A9, 0x0908, 0x116A, 0x54D7, 0x877F, 0xAF5D, 0xC79E, 0x44D7, 0x09AB, 0x2AAF,
  0x43D3, 0x32D0, 0x198A, 0x00A5, 0x096A, 0x33D3, 0xC77E, 0xC7BE, 0x6E5C, 0x2B33, 0x19EC, 0x1989,
  0x0064, 0x08C5, 0x324C, 0x2A2C, 0x2A2C, 0x0927, 0x00A4, 0x00A4, 0x0083, 0x1126, 0x1988, 0x1967,
  0x0083, 0x0042, 0x0083, 0x0084, 0x08E5, 0x21C9, 0x2A2B, 0x1988, 0x08E5, 0x08C5, 0x00A4, 0x0147,
  0x1A8C, 0x23F1, 0x2D56, 0x24F5, 0x01EA, 0x0968, 0x00E6, 0x1148, 0x21A9, 0x2A2B, 0x324C, 0x2A4E,
  0x194A, 0x40A6, 0x9167, 0x5AAD, 0x3310, 0x2AF0, 0x19EC, 0x08C6, 0x0064, 0x0084, 0x1107, 0x526D,
  0x6AF0, 0x4A4D, 0x29A9, 0x08C6, 0x0065, 0x2210, 0x3375, 0x4476, 0x3BD3, 0x3B52, 0x220C, 0x1169,
  0x00C7, 0x118A, 0x2AEF, 0x3BF3, 0x5D59, 0x5D18, 0x5496, 0x222D, 0x0908, 0x11AB, 0x226E, 0x3371,
  0x43F3, 0x43B2, 0x32AE, 0x00E7, 0x0085, 0x0928, 0x118A, 0x22AF, 0x2B10, 0x228E, 0x118A, 0x00C7,
  0x0908, 0x11AA, 0x11CA, 0x1989, 0x08C6, 0x0085, 0x00A5, 0x0907, 0x11CA, 0x2ACE, 0x2ACE, 0x224C,
  0x08C6, 0x08C6, 0x0084, 0x0043, 0x0022, 0x0022, 0x0023, 0x0022, 0x0043, 0x0063, 0x08E6, 0x1148,
  0x0947, 0x1188, 0x1188, 0x19C9, 0x19C9, 0x11A9, 0x19C9, 0x1189, 0x00C6, 0x00E6, 0x00C5, 0x08C5,
  0x0062, 0x0061, 0x0082, 0x0041, 0x08A3, 0x08C3, 0x0062, 0x0000, 0x0000, 0x0000, 0x1103, 0x2A28,
  0x2A49, 0x2A29, 0x2A29, 0x2A29, 0x2A28, 0x2A28, 0x2A29, 0x2A28, 0x2A29, 0x2A28, 0x2A28, 0x2A08,
  0x1965, 0x10E3, 0x0882, 0x1966, 0x2A2A, 0x21A7, 0x0881, 0x0061, 0x0020, 0x0000, 0x0000, 0x0000,
  0x0000, 0x0000, 0x0000, 0x0000, 0x0000, 0x0021, 0x08A3, 0x0861, 0x0021, 0x0041, 0x0041, 0x0061,
  0x0062, 0x0022, 0x0021, 0x0083, 0x0042, 0x1126, 0x1126, 0x1126, 0x1126, 0x08C5, 0x0042, 0x1106,
  0x08E5, 0x1106, 0x1126, 0x1926, 0x18E5, 0x2106, 0x2106, 0x18E5, 0x18C5, 0x2105, 0x31C8, 0x432D,
  0x4B6E, 0x5C11, 0x53AF, 0x328C, 0x328D, 0x228D, 0x2AEF, 0x120B, 0x0948, 0x1169, 0x0928, 0x19EB,
  0x2ACE, 0x3B50, 0x19EA, 0x2A8C, 0x0947, 0x08E5, 0x0926, 0x1126, 0x1946, 0x0000, 0x1988, 0x19A9,
  0x0001, 0x0883, 0x220B, 0x0907, 0x116A, 0x1A2D, 0x2BF4, 0xBF7E, 0xFFFF, 0x65B9, 0x11ED, 0x116A,
  0x0949, 0x08E7, 0x00C6, 0x0927, 0x1A4E, 0x559A, 0xBF9E, 0xCFDF, 0x4455, 0x0908, 0x1127, 0x08E5,
  0x0063, 0x0063, 0x08A4, 0x08A4, 0x0884, 0x0084, 0x0083, 0x0083, 0x0063, 0x08A4, 0x1146, 0x1147,
  0x00C5, 0x00A4, 0x08E5, 0x1126, 0x00A5, 0x0906, 0x1947, 0x08E6, 0x08E5, 0x10E6, 0x1106, 0x00E5,
  0x09A8, 0x0A0A, 0x0A8C, 0x1CB4, 0x1C12, 0x09C9, 0x1168, 0x08E6, 0x00A5, 0x1147, 0x1148, 0x19AB,
  0x31CF, 0x48EA, 0x8148, 0x2126, 0x1189, 0x1169, 0x118A, 0x0907, 0x0084, 0x0084, 0x0864, 0x18C6,
  0x10A6, 0x10E6, 0x29A9, 0x1127, 0x08E7, 0x21B0, 0x114D, 0x19AB, 0x00E7, 0x00E6, 0x1148, 0x1149,
  0x00E7, 0x00E6, 0x00C6, 0x00E7, 0x19EB, 0x2ACF, 0x3311, 0x328F, 0x220D, 0x2A0D, 0x29AB, 0x1928,
  0x0907, 0x1149, 0x0949, 0x00E7, 0x00C7, 0x00A6, 0x0085, 0x00A6, 0x00A5, 0x00A5, 0x00C6, 0x00A6,
  0x00C6, 0x0085, 0x0064, 0x0064, 0x10C6, 0x00A5, 0x0064, 0x0885, 0x1907, 0x0085, 0x00A5, 0x00A5,
  0x00A5, 0x00A5, 0x0064, 0x08A5, 0x0064, 0x0064, 0x0063, 0x0043, 0x0063, 0x0043, 0x0043, 0x0022,
  0x0042, 0x0063, 0x0063, 0x0906, 0x1147, 0x1147, 0x1127, 0x0907, 0x1168, 0x11A9, 0x1168, 0x0062,
  0x0061, 0x0062, 0x0082, 0x0041, 0x08A3, 0x10E4, 0x08E4, 0x08A2, 0x0041, 0x0000, 0x10E3, 0x2A08,
  0x2A28, 0x2A28, 0x3229, 0x3229, 0x2A29, 0x2A49, 0x2A49, 0x2A49, 0x2A49, 0x2A29, 0x2A28, 0x2A08,
  0x2A08, 0x2186, 0x10E4, 0x1125, 0x1946, 0x1145, 0x1986, 0x2A29, 0x21A6, 0x1104, 0x08C2, 0x0861,
  0x0040, 0x0000, 0x0000, 0x0000, 0x0000, 0x0000, 0x0000, 0x0041, 0x0041, 0x0041, 0x0041, 0x0061,
  0x0061, 0x0021, 0x0042, 0x0083, 0x0022, 0x0042, 0x0063, 0x0063, 0x0063, 0x0042, 0x0063, 0x0905,
  0x1926, 0x31A8, 0x39A8, 0x3988, 0x3147, 0x2926, 0x2906, 0x2926, 0x20E5, 0x20E5, 0x31A8, 0x53D0,
  0x6472, 0x3AAC, 0x328C, 0x3B0F, 0x224C, 0x11EB, 0x0127, 0x0907, 0x08E6, 0x1148, 0x0948, 0x0948,
  0x0969, 0x0968, 0x0127, 0x6CB3, 0x3AAC, 0x08C5, 0x1126, 0x00A4, 0x08C4, 0x0000, 0x1988, 0x1148,
  0x0000, 0x1106, 0x224C, 0x00C6, 0x11AB, 0x1A2E, 0x2BD3, 0x8EDB, 0x7D56, 0x3350, 0x0129, 0x00C6,
  0x0085, 0x0085, 0x00A5, 0x1169, 0x11AB, 0x2B71, 0xCF7E, 0xDFDF, 0x330F, 0x0044, 0x08A5, 0x00A4,
  0x0043, 0x0043, 0x0063, 0x0042, 0x0022, 0x0063, 0x0084, 0x0084, 0x0084, 0x0083, 0x00A4, 0x00A4,
  0x00A4, 0x08C5, 0x0906, 0x1167, 0x0906, 0x1126, 0x08E5, 0x08E5, 0x1106, 0x1106, 0x1147, 0x0967,
  0x1AAC, 0x09EA, 0x0ACD, 0x2597, 0x136F, 0x0168, 0x0906, 0x00C6, 0x0084, 0x0023, 0x10A6, 0x08C7,
  0x296E, 0x410C, 0x38C7, 0x18A5, 0x0043, 0x0864, 0x20E7, 0x2128, 0x08A5, 0x0064, 0x0885, 0x1885,
  0x1064, 0x0043, 0x0084, 0x00A6, 0x08E7, 0x21CE, 0x112A, 0x21AB, 0x08C6, 0x0085, 0x08C6, 0x08E6,
  0x08E6, 0x0907, 0x0907, 0x0907, 0x1148, 0x1128, 0x08E7, 0x00E7, 0x0929, 0x0908, 0x0907, 0x08E7,
  0x00A5, 0x08E7, 0x00C6, 0x00C7, 0x00A6, 0x00A5, 0x00A5, 0x08C7, 0x0085, 0x0084, 0x0085, 0x00A5,
  0x00C5, 0x00A5, 0x08A5, 0x0884, 0x10C6, 0x0084, 0x0064, 0x0085, 0x08E6, 0x08E6, 0x08C5, 0x08C5,
  0x1107, 0x08C5, 0x0063, 0x0884, 0x0064, 0x0064, 0x0063, 0x0084, 0x0084, 0x0043, 0x0064, 0x0063,
  0x0022, 0x0022, 0x0022, 0x0022, 0x0001, 0x0002, 0x0043, 0x0043, 0x00A4, 0x0927, 0x0905, 0x0061,
  0x0062, 0x0061, 0x0062, 0x0061, 0x08A3, 0x0042, 0x0082, 0x08C3, 0x08E3, 0x00A2, 0x08C3, 0x1125,
  0x1125, 0x1124, 0x1125, 0x1945, 0x1986, 0x1986, 0x2186, 0x21A7, 0x21C7, 0x21C7, 0x21C7, 0x21E7,
  0x1104, 0x1965, 0x29C7, 0x29E8, 0x2A09, 0x21C8, 0x3229, 0x3ACC, 0x3ACC, 0x430D, 0x4B6E, 0x432D,
  0x3249, 0x1124, 0x0000, 0x0000, 0x0000, 0x0020, 0x0020, 0x0041, 0x0041, 0x0041, 0x0041, 0x0041,
  0x0041, 0x0061, 0x0062, 0x0042, 0x0022, 0x0043, 0x08C5, 0x00C5, 0x1106, 0x0042, 0x0884, 0x10C5,
  0x2106, 0x41A9, 0x49A9, 0x3147, 0x10A4, 0x0063, 0x0042, 0x0883, 0x0883, 0x0063, 0x1967, 0x538F,
  0x42CD, 0x3A6C, 0x2A0B, 0x11AA, 0x0147, 0x0968, 0x08C5, 0x0084, 0x1948, 0x1168, 0x0927, 0x0948,
  0x120B, 0x432F, 0x2A6B, 0x32ED, 0x1188, 0x08C5, 0x08E5, 0x00A4, 0x08A4, 0x0000, 0x1988, 0x19A9,
  0x0001, 0x1106, 0x2A8D, 0x0948, 0x11AC, 0x4C35, 0x971D, 0x9EBB, 0x7D56, 0x3BB2, 0x11EC, 0x0969,
  0x0928, 0x0928, 0x118A, 0x3352, 0x3C35, 0x6D98, 0xDFBE, 0xEFFF, 0x7578, 0x32F0, 0x32CF, 0x326D,
  0x2A0B, 0x29A9, 0x320A, 0x29C9, 0x1127, 0x0906, 0x08C5, 0x00A4, 0x00A4, 0x08C5, 0x08E5, 0x08C5,
  0x00C4, 0x08C5, 0x1126, 0x19C8, 0x00C5, 0x00C4, 0x08E5, 0x08E5, 0x08C5, 0x08C5, 0x0926, 0x0967,
  0x1ACD, 0x0A6B, 0x0BD1, 0x267A, 0x020A, 0x00E6, 0x00C5, 0x0085, 0x08C6, 0x10C6, 0x314A, 0x32D0,
  0x4335, 0x5170, 0x392B, 0x1908, 0x0085, 0x0064, 0x0885, 0x18C6, 0x2989, 0x326D, 0x52D0, 0x51ED,
  0x20E7, 0x0884, 0x1106, 0x08C5, 0x00A6, 0x21AE, 0x196D, 0x322F, 0x00C6, 0x00A5, 0x08E7, 0x08C6,
  0x00C6, 0x00A5, 0x00A5, 0x08E7, 0x1148, 0x2988, 0x1906, 0x0085, 0x00A5, 0x00A5, 0x0084, 0x0085,
  0x0084, 0x08C6, 0x00C6, 0x00A6, 0x0085, 0x0084, 0x0085, 0x08C7, 0x0085, 0x00A5, 0x0085, 0x00A6,
  0x00C6, 0x0084, 0x08E6, 0x10C5, 0x18C6, 0x0884, 0x0043, 0x0063, 0x08C5, 0x00A5, 0x00C5, 0x08C6,
  0x08C6, 0x0085, 0x0064, 0x08A5, 0x08A6, 0x08A5, 0x0043, 0x08A5, 0x00A5, 0x0063, 0x00A5, 0x0084,
  0x0043, 0x0063, 0x0084, 0x0063, 0x0043, 0x0063, 0x0064, 0x0022, 0x0001, 0x0021, 0x0061, 0x0061,
  0x0082, 0x0062, 0x0062, 0x0061, 0x08A3, 0x0041, 0x0000, 0x0000, 0x0021, 0x0062, 0x08A3, 0x08C4,
  0x00A3, 0x0062, 0x0041, 0x0021, 0x0020, 0x0020, 0x0020, 0x0021, 0x0041, 0x0041, 0x0061, 0x0061,
  0x29E8, 0x3249, 0x3A8B, 0x42EC, 0x432E, 0x4B4E, 0x4B4E, 0x4B4E, 0x4B4E, 0x4B4E, 0x4B2E, 0x326B,
  0x21E8, 0x1966, 0x0020, 0x0041, 0x0062, 0x0082, 0x08A3, 0x0861, 0x0020, 0x0041, 0x0041, 0x0041,
  0x0041, 0x0041, 0x0061, 0x0041, 0x0042, 0x0042, 0x08C4, 0x0084, 0x0063, 0x0022, 0x10C5, 0x10C5,
  0x3167, 0x3168, 0x2947, 0x10C5, 0x08C5, 0x08C5, 0x08A4, 0x10E5, 0x0083, 0x0063, 0x1926, 0x3A0B,
  0x3A8D, 0x220A, 0x0106, 0x0948, 0x11AA, 0x00E6, 0x0906, 0x1967, 0x08E5, 0x00A5, 0x00E6, 0x0168,
  0x4C52, 0xAE7A, 0x74B4, 0x53B0, 0x19A8, 0x08E5, 0x08E5, 0x00A4, 0x0883, 0x0000, 0x08A4, 0x21A9,
  0x0022, 0x0023, 0x21EA, 0x4BB1, 0x1A0D, 0x2B11, 0x5D58, 0xC7BE, 0xDFFF, 0x5599, 0x3C96, 0x3372,
  0x19EC, 0x2A8F, 0x224E, 0x33B4, 0x455A, 0x871D, 0xDFDE, 0xD7DF, 0x65D9, 0x3C35, 0x3351, 0x2A0C,
  0x320B, 0x29A9, 0x2189, 0x1147, 0x0906, 0x08E5, 0x08C5, 0x0905, 0x00C5, 0x08E5, 0x08E5, 0x08C5,
  0x0084, 0x0084, 0x0906, 0x1988, 0x1988, 0x1988, 0x1126, 0x0906, 0x0905, 0x08E5, 0x0906, 0x0988,
  0x130D, 0x0A6B, 0x0BB0, 0x2F7D, 0x1432, 0x0188, 0x00E6, 0x0084, 0x08E6, 0x18E6, 0x2929, 0x29CC,
  0x4AB3, 0x6A34, 0x59D0, 0x194A, 0x00C6, 0x0085, 0x0064, 0x0884, 0x0885, 0x1128, 0x4A4F, 0x7B36,
  0x5292, 0x1109, 0x1106, 0x00A5, 0x00A7, 0x29F1, 0x3275, 0x2A51, 0x00A5, 0x00A5, 0x08E6, 0x0084,
  0x0043, 0x10A3, 0x10A4, 0x08C6, 0x0907, 0x1905, 0x3144, 0x51C5, 0x4186, 0x0085, 0x10C5, 0x4185,
  0x49A5, 0x1906, 0x00C6, 0x00A6, 0x0085, 0x0064, 0x0085, 0x08E6, 0x0085, 0x0085, 0x0085, 0x08C6,
  0x00C6, 0x08A5, 0x10E6, 0x2106, 0x2127, 0x216A, 0x1128, 0x0907, 0x1168, 0x1147, 0x08E6, 0x1128,
  0x1128, 0x0908, 0x19AB, 0x21EC, 0x0908, 0x08C6, 0x0064, 0x08C6, 0x00A5, 0x0084, 0x0084, 0x0063,
  0x0063, 0x0063, 0x0084, 0x0043, 0x0043, 0x0084, 0x0084, 0x0022, 0x0042, 0x0062, 0x0062, 0x0062,
  0x0062, 0x0062, 0x0082, 0x0041, 0x08C3, 0x08C3, 0x08A2, 0x0062, 0x0021, 0x0020, 0x0021, 0x0062,
  0x08A3, 0x10E4, 0x1104, 0x08E4, 0x08A3, 0x08A3, 0x0882, 0x0082, 0x0082, 0x0061, 0x0041, 0x0041,
  0x53B0, 0x53B0, 0x538F, 0x4B4F, 0x3AED, 0x328B, 0x2A2A, 0x2A09, 0x21C8, 0x1145, 0x1125, 0x08C4,
  0x1105, 0x1966, 0x08A3, 0x08C3, 0x08E4, 0x08E4, 0x10E4, 0x0882, 0x0020, 0x0041, 0x0041, 0x0041,
  0x0041, 0x0041, 0x0061, 0x0061, 0x0042, 0x0022, 0x0042, 0x0043, 0x08A4, 0x08A4, 0x08A4, 0x0063,
  0x0884, 0x0084, 0x0084, 0x0084, 0x0084, 0x0884, 0x08A5, 0x08A4, 0x08A5, 0x2168, 0x31CA, 0x2189,
  0x00A5, 0x0085, 0x0907, 0x1169, 0x19A9, 0x21E9, 0x1147, 0x0063, 0x08A4, 0x08C5, 0x00E6, 0x0989,
  0x2B0E, 0x120A, 0x2A4B, 0xB6BB, 0x32CC, 0x00A5, 0x08E5, 0x00A4, 0x0063, 0x0001, 0x0001, 0x0063,
  0x0022, 0x0022, 0x0002, 0x222C, 0x2A8F, 0x22B0, 0x2BF4, 0x767B, 0x8F1C, 0x3D17, 0x4518, 0x2B31,
  0x19EC, 0x2AAF, 0x2A8F, 0x4435, 0x5579, 0x769C, 0xCFBE, 0xCFBE, 0x661A, 0x4518, 0x4435, 0x29EB,
  0x29CA, 0x2189, 0x1947, 0x08C5, 0x08C5, 0x08C5, 0x08E5, 0x29E9, 0x1967, 0x1947, 0x0905, 0x08E5,
  0x08C5, 0x08E5, 0x0927, 0x1127, 0x1127, 0x1988, 0x1967, 0x1147, 0x1967, 0x1147, 0x1168, 0x124B,
  0x2C93, 0x134F, 0x13D1, 0x371D, 0x2535, 0x01C9, 0x0947, 0x00E6, 0x0906, 0x00C6, 0x2149, 0x21AB,
  0x4250, 0x6212, 0x498E, 0x1129, 0x00C6, 0x00A5, 0x00A5, 0x0085, 0x0064, 0x0043, 0x0024, 0x20C9,
  0x4210, 0x42D3, 0x3AAE, 0x1967, 0x00A6, 0x2A33, 0x32B8, 0x21F0, 0x0084, 0x00A5, 0x08C6, 0x0884,
  0x18A4, 0x7207, 0x61C7, 0x18E5, 0x00A5, 0x3186, 0x8B69, 0x9368, 0x4984, 0x2924, 0x2904, 0xAC09,
  0x93A9, 0x00A4, 0x00E6, 0x00C6, 0x0085, 0x0043, 0x0085, 0x0085, 0x0064, 0x0064, 0x0084, 0x08C6,
  0x00A5, 0x00A5, 0x10E5, 0x2106, 0x2107, 0x1929, 0x198B, 0x2AAF, 0x3B50, 0x2AAD, 0x19C9, 0x08E6,
  0x00A5, 0x08C6, 0x196A, 0x21ED, 0x114A, 0x1129, 0x116A, 0x1169, 0x0928, 0x0948, 0x0907, 0x00C5,
  0x0906, 0x0906, 0x0907, 0x00A5, 0x0064, 0x0084, 0x0064, 0x0063, 0x0082, 0x0082, 0x0062, 0x0062,
  0x0062, 0x0062, 0x0082, 0x0041, 0x08C4, 0x1105, 0x1105, 0x1104, 0x1104, 0x10E3, 0x08A3, 0x0041,
  0x0021, 0x0041, 0x08A3, 0x1105, 0x1125, 0x1125, 0x1104, 0x1104, 0x1104, 0x1104, 0x1104, 0x08E4,
  0x328B, 0x2A29, 0x21E8, 0x1987, 0x1987, 0x1986, 0x1966, 0x21A7, 0x2186, 0x00A3, 0x1125, 0x1967,
  0x1987, 0x2187, 0x08C3, 0x08E4, 0x10E4, 0x08E4, 0x1104, 0x0882, 0x0000, 0x0041, 0x0041, 0x0041,
  0x0041, 0x0041, 0x0061, 0x0061, 0x0041, 0x0084, 0x08C5, 0x0063, 0x08E5, 0x08A4, 0x0043, 0x0063,
  0x10C5, 0x1106, 0x1106, 0x1106, 0x1105, 0x18E5, 0x2947, 0x2927, 0x39EB, 0x320B, 0x1127, 0x0064,
  0x0084, 0x08E6, 0x1968, 0x08E6, 0x21C9, 0x1967, 0x0042, 0x0063, 0x10E5, 0x08E6, 0x00E6, 0x11EA,
  0x228C, 0x1A0A, 0x0106, 0x0988, 0x1168, 0x00C5, 0x0084, 0x00A4, 0x0083, 0x0001, 0x0042, 0x08A4,
  0x0022, 0x0022, 0x1127, 0x2A6E, 0x11CB, 0x3310, 0x4495, 0x4DB9, 0x3CD5, 0x3CD6, 0x2BB3, 0x11EC,
  0x11AA, 0x118A, 0x11CB, 0x22B0, 0x33D4, 0x5558, 0xBF5D, 0xEFFF, 0x6E1A, 0x3CB7, 0x3310, 0x2148,
  0x2989, 0x2989, 0x31C9, 0x21A8, 0x1126, 0x1947, 0x08E5, 0x3A8B, 0x322A, 0x1146, 0x08E5, 0x08E5,
  0x0906, 0x1147, 0x1988, 0x1988, 0x08E5, 0x1126, 0x0926, 0x0926, 0x1126, 0x1147, 0x1188, 0x09C9,
  0x1B4F, 0x132E, 0x0AED, 0x1411, 0x0AAC, 0x0988, 0x0927, 0x0907, 0x0907, 0x1948, 0x214A, 0x3B92,
  0x5456, 0x51AF, 0x30C9, 0x10E7, 0x08C6, 0x0085, 0x0085, 0x0085, 0x0084, 0x0064, 0x20A7, 0x30A8,
  0x312A, 0x196A, 0x2A2B, 0x430C, 0x328B, 0x19CC, 0x114D, 0x00A7, 0x0085, 0x00A5, 0x08A4, 0x10A4,
  0x0884, 0x2905, 0x2905, 0x08C5, 0x00A5, 0x0084, 0x08A4, 0x18A3, 0x6AA7, 0x9BA8, 0x59E4, 0x30E2,
  0x2924, 0x00C5, 0x00C6, 0x00A6, 0x0064, 0x0043, 0x0085, 0x0084, 0x0063, 0x0063, 0x0063, 0x08C6,
  0x00A5, 0x00A4, 0x1906, 0x3988, 0x3968, 0x18E7, 0x08A6, 0x1169, 0x19A9, 0x08E6, 0x29EA, 0x1989,
  0x0085, 0x0044, 0x08A6, 0x1109, 0x194A, 0x198A, 0x19AB, 0x19AA, 0x1168, 0x11A9, 0x19EA, 0x11A9,
  0x0127, 0x0969, 0x0968, 0x0948, 0x0907, 0x0907, 0x08E6, 0x0062, 0x0082, 0x0062, 0x0062, 0x0062,
  0x0062, 0x0062, 0x0082, 0x0041, 0x08E4, 0x1125, 0x1125, 0x1105, 0x1125, 0x1125, 0x1125, 0x1104,
  0x08C3, 0x0882, 0x0021, 0x0062, 0x10E4, 0x1125, 0x1125, 0x1105, 0x1105, 0x1105, 0x0904, 0x08E4,
  0x2185, 0x1145, 0x21A7, 0x1125, 0x1105, 0x1125, 0x1146, 0x1987, 0x1966, 0x00A3, 0x1946, 0x21C8,
  0x21C8, 0x21A7, 0x08E4, 0x08C3, 0x08E4, 0x08E4, 0x1104, 0x0882, 0x0000, 0x0041, 0x0041, 0x0061,
  0x0061, 0x0041, 0x0061, 0x0061, 0x0061, 0x0083, 0x0063, 0x0063, 0x08C5, 0x0043, 0x0063, 0x08C4,
  0x1105, 0x10C4, 0x08A4, 0x08A5, 0x10C5, 0x2906, 0x3989, 0x4A2C, 0x29AA, 0x00A5, 0x0064, 0x0084,
  0x10E6, 0x1106, 0x08E5, 0x1988, 0x29E9, 0x10C4, 0x0063, 0x0063, 0x0084, 0x08E6, 0x00E6, 0x1188,
  0x0967, 0x0987, 0x0927, 0x1189, 0x1148, 0x00C5, 0x0084, 0x00A4, 0x0083, 0x0001, 0x00A4, 0x08C5,
  0x0022, 0x0084, 0x4392, 0x2AD0, 0x1A2E, 0x5D17, 0x6DDA, 0x4D16, 0x6E19, 0x4517, 0x3BD3, 0x2A8D,
  0x0928, 0x1169, 0x11AB, 0x2AB0, 0x3BD4, 0x4D18, 0xB73D, 0xEFFF, 0x6E3B, 0x2BB3, 0x19CB, 0x1948,
  0x29AA, 0x2988, 0x31E9, 0x1987, 0x08E5, 0x1126, 0x0906, 0x322A, 0x21C9, 0x0906, 0x08E5, 0x08E5,
  0x00C5, 0x00E5, 0x0926, 0x1167, 0x00E5, 0x08E5, 0x0926, 0x1968, 0x1968, 0x1988, 0x1167, 0x0127,
  0x12AC, 0x0A8C, 0x132E, 0x24B3, 0x01C9, 0x0126, 0x00E6, 0x00C6, 0x08E6, 0x1107, 0x2149, 0x2B10,
  0x555A, 0x6A93, 0x920F, 0x3108, 0x08C6, 0x00C6, 0x00A5, 0x00A5, 0x0084, 0x0085, 0x410B, 0x9233,
  0x494B, 0x0023, 0x0064, 0x1147, 0x3AED, 0x53D2, 0x4B72, 0x1989, 0x0043, 0x00A5, 0x0084, 0x10C5,
  0x0064, 0x0044, 0x0064, 0x0085, 0x00A5, 0x00A5, 0x00A5, 0x0063, 0x2104, 0x3943, 0x7286, 0x3124,
  0x10A5, 0x08E6, 0x00A5, 0x00A6, 0x0064, 0x0064, 0x0085, 0x00A5, 0x08A5, 0x0063, 0x00A5, 0x1168,
  0x1169, 0x1168, 0x1968, 0x2988, 0x41AA, 0x318A, 0x18E8, 0x196A, 0x1969, 0x1128, 0x2A2C, 0x220C,
  0x0908, 0x08E7, 0x1108, 0x08C8, 0x10E8, 0x08C7, 0x0085, 0x0085, 0x0043, 0x0022, 0x00A5, 0x0948,
  0x0927, 0x11CA, 0x1A0B, 0x1A0C, 0x11EB, 0x19EB, 0x08C4, 0x0061, 0x0062, 0x0062, 0x0062, 0x0062,
  0x0062, 0x0062, 0x0082, 0x0041, 0x10E4, 0x1125, 0x1125, 0x1125, 0x1945, 0x1945, 0x1145, 0x1945,
  0x1945, 0x1145, 0x08E3, 0x0061, 0x0021, 0x08A3, 0x1125, 0x1125, 0x1105, 0x1105, 0x1105, 0x0905,
  0x3206, 0x1965, 0x1125, 0x0905, 0x29E7, 0x10E4, 0x0042, 0x1125, 0x1986, 0x00A3, 0x1125, 0x21C8,
  0x19C7, 0x19A7, 0x08E4, 0x08E4, 0x10E4, 0x08E4, 0x1104, 0x0882, 0x0000, 0x0041, 0x0041, 0x0041,
  0x0041, 0x0041, 0x0041, 0x0061, 0x0061, 0x0061, 0x0042, 0x0063, 0x0084, 0x0063, 0x0063, 0x08C5,
  0x1926, 0x18E5, 0x18E6, 0x18E5, 0x2127, 0x39AA, 0x422C, 0x1948, 0x0084, 0x00A5, 0x08E6, 0x1107,
  0x08C5, 0x1947, 0x322A, 0x3ACC, 0x5C31, 0x1966, 0x0883, 0x0884, 0x0084, 0x1168, 0x0969, 0x11E9,
  0x2BED, 0x2BCD, 0x11A8, 0x222B, 0x0927, 0x00C5, 0x00A5, 0x08C5, 0x0883, 0x0001, 0x1127, 0x08E6,
  0x0002, 0x08E6, 0x19CB, 0x096A, 0x1A2D, 0x2311, 0x3C96, 0x765B, 0xAFBF, 0x5578, 0x122D, 0x0928,
  0x08E7, 0x0907, 0x19AB, 0x2A6F, 0x22D0, 0x3C55, 0x7DF9, 0xB71C, 0x4CF7, 0x4496, 0x2A8E, 0x2A0C,
  0x29EB, 0x31EA, 0x422B, 0x1947, 0x1147, 0x1127, 0x08E5, 0x08C5, 0x08E5, 0x1126, 0x1127, 0x1126,
  0x08E5, 0x1126, 0x1988, 0x19A8, 0x1967, 0x21A8, 0x1967, 0x1988, 0x21A9, 0x19A9, 0x11A8, 0x0167,
  0x1B4E, 0x128B, 0x01E9, 0x2556, 0x1432, 0x09E9, 0x00C6, 0x1168, 0x2189, 0x1907, 0x2949, 0x2ACE,
  0x34B7, 0x5250, 0x8A30, 0x4A2D, 0x0928, 0x00A5, 0x00C6, 0x00C6, 0x00C6, 0x00A5, 0x30E9, 0xA275,
  0x496C, 0x00A5, 0x0907, 0x00A6, 0x00E7, 0x220C, 0x42EF, 0x3A6B, 0x2186, 0x2146, 0x1906, 0x08A4,
  0x18C4, 0x3145, 0x20E4, 0x0884, 0x0064, 0x08A5, 0x08A5, 0x08A4, 0x0064, 0x1904, 0x8B89, 0x82C6,
  0x6246, 0x08A5, 0x00A5, 0x08E7, 0x00A5, 0x08E7, 0x0928, 0x0908, 0x0907, 0x0907, 0x0927, 0x0948,
  0x0948, 0x0927, 0x1987, 0x41E8, 0x39EA, 0x29CC, 0x1109, 0x08E9, 0x0908, 0x0908, 0x224D, 0x222D,
  0x21EC, 0x19CB, 0x21EC, 0x2A0D, 0x19AB, 0x08E8, 0x1149, 0x08E7, 0x0043, 0x0084, 0x0907, 0x0927,
  0x00C6, 0x0948, 0x1A2C, 0x1A4D, 0x226D, 0x0926, 0x0061, 0x0082, 0x0082, 0x0062, 0x0062, 0x0082,
  0x0082, 0x0082, 0x0082, 0x0041, 0x10E4, 0x1925, 0x1125, 0x1945, 0x1946, 0x1946, 0x1946, 0x1946,
  0x1946, 0x1145, 0x1145, 0x1104, 0x0882, 0x0041, 0x08E4, 0x1145, 0x1125, 0x1125, 0x1105, 0x0904,
  0x1105, 0x1966, 0x0083, 0x1125, 0x3228, 0x0061, 0x0000, 0x08A3, 0x1986, 0x0082, 0x1105, 0x21C8,
  0x19C7, 0x21A7, 0x1104, 0x10E4, 0x1105, 0x1105, 0x1105, 0x08A2, 0x0020, 0x0041, 0x0041, 0x0041,
  0x0041, 0x0041, 0x0041, 0x0061, 0x0061, 0x0061, 0x0061, 0x0062, 0x0043, 0x0043, 0x0043, 0x0884,
  0x1106, 0x10E5, 0x3147, 0x41EA, 0x31EB, 0x1948, 0x00A5, 0x0064, 0x0084, 0x08E6, 0x1107, 0x1106,
  0x21C9, 0x324A, 0x3AAB, 0x328B, 0x326A, 0x2A4A, 0x29E8, 0x2187, 0x2188, 0x1168, 0x234E, 0x3D34,
  0x4E95, 0x236B, 0x0906, 0x1127, 0x0906, 0x00A4, 0x0084, 0x08C5, 0x08A4, 0x0001, 0x1128, 0x1127,
  0x0001, 0x00A5, 0x19AA, 0x222D, 0x1A0D, 0x2B11, 0x4D59, 0x4D99, 0x7E1A, 0x2B51, 0x2AB0, 0x19CB,
  0x1149, 0x1149, 0x1149, 0x0948, 0x0969, 0x3BB3, 0x3B70, 0x4BD1, 0x3331, 0x3BB4, 0x3B31, 0x2A0C,
  0x21A9, 0x2968, 0x2147, 0x1147, 0x1967, 0x1967, 0x1968, 0x326B, 0x3A8B, 0x1967, 0x0906, 0x08E6,
  0x08C5, 0x0906, 0x1967, 0x19A9, 0x2188, 0x21A9, 0x2188, 0x21A8, 0x29EA, 0x21C9, 0x11A8, 0x0147,
  0x1B6F, 0x12CC, 0x01C8, 0x2DB7, 0x25B7, 0x134F, 0x09A9, 0x11A9, 0x2989, 0x1907, 0x1928, 0x2ACD,
  0x65F9, 0x7373, 0x72F2, 0x5C36, 0x43B3, 0x19AA, 0x0085, 0x00C6, 0x00E6, 0x0906, 0x20E8, 0x7190,
  0x390A, 0x0906, 0x0927, 0x0907, 0x00E7, 0x0065, 0x00C7, 0x1968, 0x3208, 0x4268, 0x52A9, 0x3186,
  0x4984, 0x92E7, 0x7A66, 0x61E5, 0x3924, 0x0884, 0x0063, 0x0084, 0x00A4, 0x00A4, 0x0022, 0x9B87,
  0xC4AA, 0x1083, 0x00A5, 0x08C6, 0x0064, 0x00A6, 0x0928, 0x0948, 0x1168, 0x1189, 0x19CA, 0x19CA,
  0x11AA, 0x19CA, 0x21CA, 0x29C9, 0x3A2B, 0x31EA, 0x7B6C, 0x730A, 0x49E7, 0x3166, 0x2168, 0x1129,
  0x0908, 0x0928, 0x1149, 0x21CC, 0x19AB, 0x0929, 0x1169, 0x1189, 0x1148, 0x1189, 0x1A0B, 0x1A2C,
  0x11A9, 0x1189, 0x11AA, 0x0928, 0x00C5, 0x0061, 0x0082, 0x0082, 0x0082, 0x0062, 0x0082, 0x0062,
  0x0082, 0x0082, 0x0082, 0x0041, 0x1104, 0x1946, 0x1145, 0x1945, 0x1946, 0x1946, 0x1946, 0x1946,
  0x1946, 0x1946, 0x1145, 0x1145, 0x1125, 0x08A2, 0x0061, 0x10E4, 0x1145, 0x1965, 0x1986, 0x21A6,
  0x00A4, 0x1945, 0x0062, 0x0041, 0x0041, 0x0000, 0x0000, 0x08A3, 0x1986, 0x08A3, 0x10E5, 0x21C8,
  0x19C7, 0x1987, 0x1104, 0x10E4, 0x10E4, 0x1104, 0x1105, 0x08A2, 0x0000, 0x0041, 0x0041, 0x0041,
  0x0041, 0x0041, 0x0061, 0x0061, 0x0061, 0x0061, 0x0061, 0x0061, 0x0062, 0x0043, 0x0043, 0x0084,
  0x1906, 0x2927, 0x3168, 0x29A9, 0x1107, 0x0064, 0x0064, 0x0063, 0x08C5, 0x08E6, 0x08E6, 0x21A8,
  0x3ACC, 0x2A6B, 0x326B, 0x1987, 0x0084, 0x328A, 0x19A7, 0x0042, 0x20E7, 0x3149, 0x124A, 0x3E56,
  0x35B1, 0x1B0A, 0x00E5, 0x00A4, 0x08E5, 0x0084, 0x0063, 0x00A4, 0x0083, 0x0001, 0x1189, 0x19CA,
  0x0001, 0x08A4, 0x1148, 0x1149, 0x0949, 0x1A6E, 0x33D4, 0x3C75, 0x3BF3, 0x3B92, 0x32F0, 0x118A,
  0x198A, 0x0928, 0x1169, 0x2A4C, 0x1A0C, 0x6537, 0xA71D, 0x5413, 0x3B50, 0x2A8E, 0x330F, 0x1989,
  0x1927, 0x2947, 0x1926, 0x00A5, 0x08C5, 0x08E5, 0x1127, 0x2A2A, 0x21E9, 0x0926, 0x00C4, 0x08C5,
  0x08C5, 0x0906, 0x1147, 0x1188, 0x1947, 0x1147, 0x1968, 0x1988, 0x21A9, 0x1168, 0x1147, 0x0988,
  0x122A, 0x09C9, 0x0A2A, 0x1BD0, 0x0AAC, 0x0A2B, 0x124B, 0x0967, 0x2127, 0x10C5, 0x1107, 0x1147,
  0x19C9, 0x2168, 0x29AA, 0x21CA, 0x19A9, 0x1168, 0x08A5, 0x08C5, 0x0085, 0x00C5, 0x10E7, 0x394B,
  0x2108, 0x00A5, 0x00E7, 0x21A8, 0x29E9, 0x08E6, 0x00A6, 0x00A6, 0x00E6, 0x1967, 0x3A08, 0x5288,
  0x5A46, 0x59A4, 0x48C1, 0x71C4, 0x69A4, 0x4103, 0x3104, 0x10A4, 0x0084, 0x08C5, 0x0085, 0x4184,
  0x9BE9, 0x0863, 0x00A5, 0x00A5, 0x0064, 0x0085, 0x00A5, 0x0085, 0x00A5, 0x0085, 0x00A5, 0x0084,
  0x0084, 0x0085, 0x0084, 0x0084, 0x00A5, 0x10A4, 0x8349, 0xD52D, 0xDD4C, 0xCCED, 0xA42C, 0x83AC,
  0x1906, 0x0085, 0x0085, 0x08E7, 0x1149, 0x19AB, 0x1169, 0x1189, 0x11CA, 0x11AA, 0x09A9, 0x11CA,
  0x1189, 0x11AA, 0x19CA, 0x08C5, 0x0061, 0x0082, 0x0082, 0x0082, 0x0082, 0x0082, 0x0082, 0x0082,
  0x0082, 0x0082, 0x0082, 0x0041, 0x1104, 0x1946, 0x1946, 0x1946, 0x1966, 0x1966, 0x1966, 0x1966,
  0x1966, 0x1946, 0x1146, 0x1125, 0x1124, 0x10E3, 0x08E3, 0x1986, 0x1986, 0x3249, 0x3AAB, 0x328B,
  0x08C4, 0x1104, 0x0020, 0x0000, 0x0000, 0x0000, 0x0063, 0x08E5, 0x21A7, 0x08E4, 0x1105, 0x21E8,
  0x21C7, 0x1986, 0x10E4, 0x10E4, 0x10E4, 0x10E4, 0x1105, 0x10A3, 0x0020, 0x0041, 0x0041, 0x0041,
  0x0041, 0x0041, 0x0061, 0x0061, 0x0061, 0x0061, 0x0061, 0x0061, 0x0062, 0x0062, 0x0063, 0x10C5,
  0x49EB, 0x4A4C, 0x2148, 0x00A5, 0x0064, 0x0064, 0x0064, 0x08C5, 0x1927, 0x1126, 0x21A8, 0x3AAC,
  0x32CC, 0x2229, 0x1146, 0x2A4A, 0x436E, 0x5451, 0x19E9, 0x0022, 0x394A, 0x3929, 0x1249, 0x46D6,
  0x2D4F, 0x2BED, 0x1187, 0x0084, 0x0906, 0x00A4, 0x0084, 0x0084, 0x0063, 0x0022, 0x0927, 0x19AA,
  0x0022, 0x00A4, 0x0948, 0x118A, 0x19EB, 0x2AD0, 0x1A2D, 0x1A4D, 0x4414, 0x3C35, 0x09AB, 0x00C6,
  0x0907, 0x00A5, 0x0907, 0x19EB, 0x2B10, 0x5475, 0x436F, 0x0907, 0x0085, 0x00A5, 0x0043, 0x0043,
  0x0042, 0x0063, 0x0084, 0x0083, 0x0063, 0x0084, 0x00A4, 0x0926, 0x00A4, 0x08C5, 0x00C4, 0x00A4,
  0x00C4, 0x0905, 0x1147, 0x0926, 0x1106, 0x1947, 0x1988, 0x1167, 0x1147, 0x0906, 0x1147, 0x0967,
  0x0967, 0x0146, 0x09C8, 0x0ACC, 0x0A2A, 0x0188, 0x09C9, 0x0947, 0x1106, 0x1106, 0x1127, 0x0907,
  0x08E6, 0x0906, 0x08C6, 0x0864, 0x08E5, 0x00A5, 0x10C5, 0x51C8, 0x20E5, 0x0084, 0x00A5, 0x1948,
  0x1107, 0x00A6, 0x00C6, 0x2A0A, 0x4B0C, 0x1968, 0x0086, 0x00A6, 0x00A6, 0x00A6, 0x0906, 0x31C7,
  0x4A28, 0x5A67, 0x59C4, 0x6A25, 0x5963, 0x71C4, 0x79E5, 0x4924, 0x3105, 0x10A4, 0x00A5, 0x0883,
  0x10A3, 0x0063, 0x0085, 0x00A5, 0x0064, 0x0064, 0x0064, 0x0084, 0x00A5, 0x0084, 0x00A5, 0x0084,
  0x0064, 0x0064, 0x0063, 0x0064, 0x0084, 0x0084, 0x0022, 0x18E3, 0x3185, 0x3166, 0x4A28, 0x5289,
  0x10E6, 0x00A6, 0x00A5, 0x0085, 0x08C6, 0x08C7, 0x0085, 0x00C6, 0x1168, 0x19EA, 0x19EB, 0x11AA,
  0x0928, 0x1189, 0x0905, 0x0062, 0x0082, 0x0082, 0x0082, 0x0082, 0x0082, 0x0082, 0x0082, 0x0062,
  0x0082, 0x0082, 0x0082, 0x0041, 0x1104, 0x1966, 0x1945, 0x1945, 0x1145, 0x1125, 0x1125, 0x1124,
  0x1124, 0x1145, 0x1965, 0x1986, 0x29C7, 0x3A6A, 0x42EC, 0x3AAB, 0x1966, 0x21C8, 0x21C8, 0x1167,
  0x1105, 0x1945, 0x0040, 0x0000, 0x0000, 0x0000, 0x0062, 0x1166, 0x21C8, 0x19A7, 0x1986, 0x2187,
  0x1125, 0x08E4, 0x10E4, 0x10E4, 0x10E4, 0x10E4, 0x1105, 0x10C3, 0x0020, 0x0041, 0x0041, 0x0041,
  0x0041, 0x0041, 0x0061, 0x0061, 0x0061, 0x0061, 0x0061, 0x0061, 0x0061, 0x0041, 0x08A4, 0x29A9,
  0x298A, 0x08E6, 0x0064, 0x00A5, 0x0084, 0x0084, 0x08C5, 0x1947, 0x1968, 0x08E6, 0x21C8, 0x3A8B,
  0x3ACB, 0x42EC, 0x3ACB, 0x7D54, 0x9F5D, 0x5CF6, 0x0927, 0x10A5, 0x6210, 0x312A, 0x12CA, 0x3E94,
  0x2D8F, 0x240D, 0x0967, 0x0084, 0x00A4, 0x0084, 0x0084, 0x0063, 0x0042, 0x0022, 0x0084, 0x08C5,
  0x0042, 0x0083, 0x08A5, 0x1989, 0x11AA, 0x226D, 0x00E7, 0x3350, 0x4434, 0x2B51, 0x3331, 0x11AA,
  0x1189, 0x1169, 0x19CA, 0x19CB, 0x22AF, 0x3C96, 0x8E7A, 0x9EDB, 0x5D58, 0x3351, 0x1989, 0x1127,
  0x08E6, 0x1127, 0x08E5, 0x0084, 0x0084, 0x0084, 0x00A4, 0x00C5, 0x00A4, 0x08C5, 0x00A4, 0x00A4,
  0x00A4, 0x1187, 0x1188, 0x0926, 0x1127, 0x1968, 0x1988, 0x1147, 0x1147, 0x1147, 0x1168, 0x0967,
  0x120A, 0x120A, 0x0A4B, 0x2D15, 0x1C11, 0x0A0A, 0x0968, 0x0906, 0x0906, 0x1127, 0x0927, 0x0927,
  0x0968, 0x0989, 0x422C, 0x622E, 0x21EA, 0x1168, 0x08A4, 0x61E8, 0x71E7, 0x4145, 0x2126, 0x21A9,
  0x1127, 0x00A5, 0x00A5, 0x2189, 0x52AC, 0x3A0A, 0x39EA, 0x1128, 0x0907, 0x00A5, 0x00A5, 0x0884,
  0x10E5, 0x2145, 0x39A6, 0x41C7, 0x4186, 0x61A4, 0x79C4, 0x8205, 0x71C5, 0x5165, 0x3105, 0x10A4,
  0x0063, 0x0063, 0x00A5, 0x0085, 0x0064, 0x0084, 0x0084, 0x0084, 0x00A5, 0x0084, 0x08A6, 0x0064,
  0x0064, 0x0064, 0x0064, 0x0084, 0x00A5, 0x00A5, 0x00A5, 0x0084, 0x0085, 0x0085, 0x0044, 0x0044,
  0x00A6, 0x00A6, 0x0085, 0x08A6, 0x08C7, 0x08A6, 0x08A6, 0x08A6, 0x00A5, 0x00A5, 0x00C6, 0x0928,
  0x1148, 0x1105, 0x0061, 0x0082, 0x0082, 0x0082, 0x0062, 0x0082, 0x0082, 0x0082, 0x0062, 0x0062,
  0x0062, 0x0062, 0x0082, 0x0041, 0x1104, 0x1145, 0x1145, 0x1965, 0x1986, 0x21C7, 0x29E7, 0x3228,
  0x3A8A, 0x42EB, 0x430C, 0x42EC, 0x3AAB, 0x2A4A, 0x19C8, 0x0905, 0x0062, 0x0042, 0x0041, 0x0001,
  0x08A3, 0x1945, 0x0061, 0x0000, 0x0020, 0x0000, 0x0021, 0x1105, 0x1145, 0x1104, 0x08C3, 0x08A3,
  0x00A3, 0x08C4, 0x10E4, 0x10E4, 0x10E4, 0x10E4, 0x1105, 0x10C3, 0x0020, 0x0041, 0x0041, 0x0061,
  0x0041, 0x0041, 0x0061, 0x0061, 0x0061, 0x0061, 0x0061, 0x0061, 0x0061, 0x0061, 0x0062, 0x08C5,
  0x0064, 0x0064, 0x0084, 0x0084, 0x08C5, 0x1106, 0x1106, 0x1947, 0x08C5, 0x00A4, 0x0905, 0x0906,
  0x1126, 0x19A8, 0x5C10, 0x9F1C, 0x4CD5, 0x3290, 0x1908, 0x10C6, 0x5A71, 0x2108, 0x12EA, 0x2E11,
  0x2D8F, 0x23AD, 0x0926, 0x0084, 0x00A4, 0x08A4, 0x0022, 0x0022, 0x0022, 0x0022, 0x0021, 0x0001,
  0x0022, 0x0083, 0x0022, 0x0001, 0x00C5, 0x2AAE, 0x4C95, 0x7EDD, 0x8F3E, 0x33F4, 0x43F4, 0x222C,
  0x1169, 0x1169, 0x19AA, 0x19CB, 0x3393, 0x5DDB, 0xA79F, 0xAFBF, 0x3BF3, 0x11EC, 0x1189, 0x19A9,
  0x0907, 0x1968, 0x1106, 0x00A4, 0x00A4, 0x00A4, 0x00A4, 0x00A4, 0x00A4, 0x1167, 0x08E5, 0x00A4,
  0x00A4, 0x0906, 0x1167, 0x1988, 0x1968, 0x21A9, 0x19A9, 0x1968, 0x1968, 0x1947, 0x1147, 0x1167,
  0x1A6B, 0x11E9, 0x09E9, 0x0A6B, 0x01C9, 0x0168, 0x11A9, 0x0947, 0x2127, 0x1106, 0x0927, 0x0106,
  0x0167, 0x0189, 0x428E, 0x7352, 0x0948, 0x11CA, 0x2147, 0x61C7, 0x6186, 0x5965, 0x5987, 0x3126,
  0x08C6, 0x00A5, 0x0085, 0x2148, 0x4A2A, 0x522A, 0x4A0A, 0x2189, 0x19C9, 0x0064, 0x0884, 0x18A4,
  0x08A4, 0x10E5, 0x18E5, 0x2126, 0x39E8, 0x6AE9, 0x72C7, 0x69C4, 0x6163, 0x6983, 0x5123, 0x30A3,
  0x30E3, 0x18A3, 0x0085, 0x0085, 0x0084, 0x00A5, 0x00C5, 0x00A5, 0x00A5, 0x0064, 0x00A5, 0x08C4,
  0x0084, 0x0043, 0x0043, 0x0064, 0x0085, 0x0064, 0x0043, 0x0043, 0x0084, 0x0064, 0x00A4, 0x08E5,
  0x0044, 0x0064, 0x0065, 0x0885, 0x08C6, 0x08A6, 0x08A6, 0x00A5, 0x0084, 0x0043, 0x08E6, 0x1988,
  0x08C4, 0x0062, 0x0082, 0x0082, 0x0082, 0x0062, 0x0062, 0x0082, 0x0082, 0x0062, 0x0082, 0x0082,
  0x0062, 0x0062, 0x0082, 0x0041, 0x21A7, 0x536D, 0x536E, 0x538E, 0x5BCF, 0x5BCF, 0x5BCF, 0x538F,
  0x4B2D, 0x3ACC, 0x2A4A, 0x19A7, 0x1146, 0x1125, 0x1105, 0x10E4, 0x1925, 0x1966, 0x2186, 0x1945,
  0x1945, 0x21A7, 0x08C2, 0x0000, 0x0020, 0x0000, 0x0020, 0x0042, 0x0082, 0x08A3, 0x08E4, 0x1104,
  0x1105, 0x1105, 0x1104, 0x1104, 0x1104, 0x1104, 0x1105, 0x10C3, 0x0020, 0x0041, 0x0041, 0x0061,
  0x0061, 0x0061, 0x0061, 0x0061, 0x0061, 0x0061, 0x0061, 0x0061, 0x0061, 0x0062, 0x0061, 0x0041,
  0x0083, 0x0084, 0x0064, 0x00A5, 0x08A4, 0x18E5, 0x08A4, 0x0883, 0x0083, 0x00A4, 0x00C4, 0x19C8,
  0x2A8B, 0x64D4, 0x7D97, 0x4C54, 0x2AD1, 0x5A32, 0x3109, 0x08E6, 0x42F2, 0x0907, 0x12A9, 0x2D2F,
  0x1B6B, 0x0966, 0x08C5, 0x0084, 0x00A4, 0x10C5, 0x0042, 0x0022, 0x0022, 0x0021, 0x0022, 0x0022,
  0x0043, 0x0063, 0x0022, 0x0042, 0x0927, 0x0927, 0x2AEF, 0x75F9, 0x6E7B, 0x4496, 0x118A, 0x00A5,
  0x0084, 0x00A5, 0x00C5, 0x00C6, 0x19EB, 0x1A0C, 0x32EE, 0x19EB, 0x330F, 0x3B91, 0x2A6D, 0x2A6C,
  0x1127, 0x19A9, 0x00A4, 0x0084, 0x00A4, 0x00A4, 0x00A4, 0x0084, 0x0084, 0x0926, 0x00E5, 0x00C4,
  0x08C5, 0x08E5, 0x1127, 0x0947, 0x0926, 0x1167, 0x1127, 0x0906, 0x1127, 0x08E5, 0x0926, 0x0947,
  0x1A8B, 0x09C9, 0x0A09, 0x1C11, 0x138E, 0x0A6B, 0x0988, 0x0947, 0x2126, 0x1106, 0x1168, 0x120A,
  0x2411, 0x0AED, 0x4B2F, 0x84B5, 0x00C6, 0x0968, 0x1947, 0x51A7, 0x6A07, 0x5165, 0x5125, 0x5946,
  0x10C5, 0x0085, 0x0085, 0x1928, 0x4A2A, 0x4A09, 0x49EA, 0x1969, 0x19A9, 0x0064, 0x10A4, 0x18A4,
  0x08A4, 0x18E5, 0x20C5, 0x3147, 0x3147, 0x41E6, 0x6B29, 0x6B29, 0x6287, 0x6A25, 0x5963, 0x6184,
  0x5964, 0x20A3, 0x0085, 0x0084, 0x0064, 0x0084, 0x0084, 0x00A5, 0x08C6, 0x1107, 0x10E7, 0x21A9,
  0x29AA, 0x2949, 0x39AA, 0x29AA, 0x21EB, 0x222B, 0x2A4A, 0x2209, 0x1988, 0x19A9, 0x2A2A, 0x328C,
  0x220B, 0x222C, 0x00A5, 0x1107, 0x0064, 0x0085, 0x08A6, 0x0085, 0x0064, 0x0023, 0x1147, 0x1946,
  0x0062, 0x0082, 0x0082, 0x0082, 0x0082, 0x0082, 0x0082, 0x0061, 0x0062, 0x0082, 0x0082, 0x0062,
  0x0062, 0x0062, 0x0082, 0x0041, 0x21A6, 0x3ACC, 0x2A6B, 0x2A4A, 0x2A09, 0x21C8, 0x19A7, 0x1987,
  0x1987, 0x19A7, 0x21A7, 0x21A7, 0x08E4, 0x0041, 0x0062, 0x08A3, 0x1104, 0x1966, 0x2A09, 0x328B,
  0x1145, 0x1104, 0x0041, 0x0000, 0x0000, 0x0000, 0x0062, 0x08C4, 0x1104, 0x1125, 0x1125, 0x1104,
  0x10E4, 0x10E4, 0x08E4, 0x1104, 0x1105, 0x1105, 0x1945, 0x10E3, 0x0000, 0x0041, 0x0041, 0x0041,
  0x0041, 0x0061, 0x0061, 0x0061, 0x0061, 0x0061, 0x0061, 0x0061, 0x0061, 0x0061, 0x0061, 0x0061,
  0x0062, 0x0083, 0x0084, 0x0884, 0x2106, 0x3147, 0x0863, 0x0062, 0x0063, 0x0084, 0x00A4, 0x330D,
  0x54B3, 0x4C33, 0x3BB3, 0x3291, 0x5253, 0x69F4, 0x28E9, 0x0107, 0x3B93, 0x1128, 0x0966, 0x23ED,
  0x2C4E, 0x224A, 0x0084, 0x00A4, 0x00A4, 0x10A5, 0x0042, 0x0022, 0x0022, 0x0021, 0x0022, 0x0022,
  0x0063, 0x0083, 0x0022, 0x0043, 0x1127, 0x08E6, 0x2ACE, 0x4BD2, 0x7EBC, 0x663B, 0x3372, 0x1989,
  0x0063, 0x08E6, 0x19C9, 0x2A6C, 0x19EA, 0x2A6C, 0x11A9, 0x222B, 0x224C, 0x0907, 0x08E6, 0x00C5,
  0x0084, 0x0084, 0x00A4, 0x00A4, 0x0084, 0x1147, 0x1989, 0x1126, 0x1167, 0x19C9, 0x0926, 0x0084,
  0x00C4, 0x00A4, 0x00A4, 0x00C5, 0x00C5, 0x0926, 0x00E5, 0x08E6, 0x1127, 0x0906, 0x0906, 0x0947,
  0x1A6B, 0x11C9, 0x0168, 0x2CF4, 0x2E18, 0x132D, 0x0967, 0x0947, 0x08E5, 0x0907, 0x1168, 0x09A8,
  0x24D3, 0x2493, 0x11A9, 0x2A2B, 0x0107, 0x00A5, 0x00E6, 0x10E6, 0x3126, 0x61C7, 0x5986, 0x4925,
  0x10C5, 0x0085, 0x0085, 0x1128, 0x424A, 0x526A, 0x41EA, 0x1989, 0x19C9, 0x0064, 0x08A4, 0x18A3,
  0x0883, 0x20E5, 0x30E4, 0x4125, 0x30E4, 0x4165, 0x51C5, 0x6B28, 0x63AA, 0x63AB, 0x62E9, 0x59A4,
  0x6183, 0x51A5, 0x08A4, 0x0043, 0x0064, 0x0084, 0x0084, 0x00C6, 0x1969, 0x520E, 0x7210, 0x5A0E,
  0x6A6F, 0x7A90, 0x82D1, 0x7AF2, 0x4AB0, 0x4AF1, 0x5B92, 0x5372, 0x42F1, 0x4B52, 0x5B92, 0x5352,
  0x74B6, 0x32EF, 0x0086, 0x1128, 0x0064, 0x0064, 0x08A6, 0x08C7, 0x0064, 0x0043, 0x00A3, 0x0082,
  0x0082, 0x0082, 0x0082, 0x0082, 0x0082, 0x0082, 0x0061, 0x1925, 0x10E3, 0x0061, 0x0082, 0x0062,
  0x0062, 0x0062, 0x0082, 0x0062, 0x08A3, 0x0021, 0x0021, 0x0000, 0x0000, 0x0000, 0x0021, 0x0042,
  0x0062, 0x08A3, 0x08E4, 0x1946, 0x08C4, 0x0001, 0x0020, 0x0000, 0x0000, 0x0021, 0x0042, 0x00A4,
  0x0062, 0x0081, 0x0882, 0x0882, 0x08A2, 0x08A3, 0x08E4, 0x1125, 0x1145, 0x1946, 0x2187, 0x21A7,
  0x21A7, 0x29C8, 0x29C8, 0x29C8, 0x21A7, 0x2187, 0x2187, 0x10E3, 0x0000, 0x0041, 0x0041, 0x0041,
  0x0041, 0x0041, 0x0041, 0x0041, 0x0061, 0x0061, 0x0061, 0x0061, 0x0061, 0x0061, 0x0061, 0x0061,
  0x0062, 0x0061, 0x10C4, 0x4A4A, 0x4A2A, 0x2105, 0x1905, 0x00C4, 0x0905, 0x08E5, 0x19A8, 0x4C32,
  0x5D77, 0x3392, 0x21EE, 0x5A94, 0x69F3, 0x5212, 0x1969, 0x0127, 0x33B3, 0x0948, 0x0084, 0x1AA9,
  0x238B, 0x0946, 0x0063, 0x08C5, 0x00A5, 0x10C5, 0x0863, 0x0022, 0x0022, 0x0022, 0x0042, 0x0022,
  0x0063, 0x0063, 0x0022, 0x0063, 0x0906, 0x0928, 0x330F, 0x32EE, 0x32EE, 0x19EA, 0x11AA, 0x0906,
  0x0084, 0x0907, 0x0907, 0x0906, 0x08E6, 0x4391, 0x5453, 0x4BF2, 0x330F, 0x1127, 0x08E6, 0x0063,
  0x0084, 0x0084, 0x08E5, 0x0084, 0x0084, 0x00A4, 0x00A5, 0x00A4, 0x00C4, 0x0906, 0x00C5, 0x0063,
  0x00A4, 0x00A4, 0x00A4, 0x1147, 0x0926, 0x08C5, 0x0083, 0x0084, 0x00C5, 0x00A4, 0x00C5, 0x0927,
  0x11C9, 0x0968, 0x0126, 0x0167, 0x09A8, 0x00C4, 0x11A8, 0x0926, 0x00A4, 0x08E6, 0x1188, 0x09C9,
  0x24B3, 0x24F4, 0x09C9, 0x09CA, 0x09A9, 0x0947, 0x09C9, 0x12ED, 0x09EA, 0x1084, 0x30E5, 0x4967,
  0x10E6, 0x0085, 0x0085, 0x1127, 0x29E9, 0x422A, 0x2969, 0x1148, 0x19A8, 0x0064, 0x0884, 0x10A4,
  0x0063, 0x08A4, 0x4965, 0x79E5, 0x69A5, 0x5165, 0x5164, 0x6183, 0x59A3, 0x6329, 0x6B8A, 0x6266,
  0x6A86, 0x6267, 0x3A08, 0x1926, 0x0084, 0x0064, 0x0063, 0x0084, 0x1928, 0x7A30, 0xAAB2, 0x8B71,
  0x93D0, 0xA330, 0x9A71, 0xA373, 0x94B3, 0x93B3, 0xA354, 0x7392, 0x4AF0, 0x31CE, 0x41CE, 0x420F,
  0x21CD, 0x19CC, 0x08C7, 0x08C7, 0x0065, 0x0085, 0x08A7, 0x10E8, 0x00A5, 0x0062, 0x0082, 0x0082,
  0x0082, 0x0082, 0x0082, 0x0082, 0x0082, 0x0082, 0x0041, 0x4249, 0x29C7, 0x0041, 0x0082, 0x0062,
  0x0062, 0x0062, 0x0062, 0x0062, 0x10E4, 0x1104, 0x1104, 0x1104, 0x1104, 0x10E4, 0x10C3, 0x10C3,
  0x08A3, 0x0882, 0x0041, 0x0021, 0x0042, 0x0041, 0x0041, 0x0041, 0x0061, 0x0041, 0x0021, 0x0000,
  0x08E4, 0x10E4, 0x1104, 0x1125, 0x1945, 0x1966, 0x21A7, 0x29C8, 0x29E8, 0x21C8, 0x21A7, 0x2166,
  0x1945, 0x1104, 0x10E4, 0x08A3, 0x0882, 0x0061, 0x0041, 0x0021, 0x0020, 0x0041, 0x0041, 0x0041,
  0x0041, 0x0041, 0x0041, 0x0041, 0x0061, 0x0061, 0x0061, 0x0061, 0x0061, 0x0061, 0x0061, 0x0061,
  0x0061, 0x0061, 0x0061, 0x1905, 0x1905, 0x08A4, 0x10C4, 0x00C4, 0x08E6, 0x08E5, 0x1167, 0x5CD4,
  0x4C74, 0x21CE, 0x5A12, 0x61B2, 0x316E, 0x2393, 0x128D, 0x0127, 0x2BF4, 0x11CB, 0x21C9, 0x08C4,
  0x0022, 0x0063, 0x0063, 0x08C5, 0x00A5, 0x10C5, 0x0863, 0x0022, 0x0022, 0x0022, 0x0042, 0x0021,
  0x0063, 0x0042, 0x0021, 0x0084, 0x0927, 0x0084, 0x0948, 0x5433, 0x222C, 0x08A5, 0x08E7, 0x1127,
  0x00A5, 0x0084, 0x0064, 0x00C5, 0x0084, 0x0043, 0x0063, 0x0023, 0x0043, 0x0084, 0x0084, 0x0084,
  0x0063, 0x00A5, 0x0906, 0x0063, 0x0083, 0x0084, 0x0083, 0x0063, 0x0083, 0x0084, 0x00A4, 0x0084,
  0x00A4, 0x00A4, 0x08C5, 0x0084, 0x08C5, 0x08C5, 0x0063, 0x0084, 0x00A4, 0x0063, 0x08C5, 0x08E5,
  0x1A6B, 0x09C9, 0x0106, 0x0105, 0x0105, 0x00C4, 0x11E9, 0x0947, 0x00A4, 0x0906, 0x0927, 0x0A09,
  0x2411, 0x1C32, 0x124C, 0x11C9, 0x0127, 0x0968, 0x0A4B, 0x2575, 0x2596, 0x128B, 0x0884, 0x18C5,
  0x08A6, 0x0085, 0x0084, 0x0907, 0x11AA, 0x1969, 0x316B, 0x1107, 0x1187, 0x0084, 0x0084, 0x0884,
  0x0084, 0x00A4, 0x2104, 0x4165, 0x4965, 0x3925, 0x4124, 0x69C4, 0x69A3, 0x69C4, 0x61C3, 0x7AA6,
  0x6AE8, 0x3A07, 0x3228, 0x2A28, 0x29C8, 0x10E5, 0x0063, 0x0064, 0x1108, 0x620F, 0x82F1, 0x6491,
  0x6CEE, 0x842F, 0x9291, 0x9BD3, 0x8593, 0x8C12, 0xBBD4, 0xAD75, 0xA5D4, 0x9BD3, 0xB3B5, 0xA3B4,
  0x5ACF, 0x118A, 0x08A6, 0x216A, 0x08C7, 0x08A6, 0x10E8, 0x08C6, 0x0083, 0x0082, 0x0082, 0x0082,
  0x0082, 0x0082, 0x0082, 0x0082, 0x0082, 0x0061, 0x1924, 0x52EB, 0x4A8A, 0x08A2, 0x0062, 0x0082,
  0x0062, 0x0062, 0x0062, 0x0061, 0x1104, 0x1125, 0x1125, 0x1925, 0x1946, 0x1966, 0x1966, 0x1966,
  0x1966, 0x1966, 0x1945, 0x10E4, 0x0883, 0x0021, 0x0021, 0x0021, 0x0041, 0x0041, 0x0041, 0x0041,
  0x1946, 0x1987, 0x21A7, 0x21A7, 0x1966, 0x1105, 0x08C4, 0x0062, 0x0041, 0x0021, 0x0000, 0x0000,
  0x0000, 0x0000, 0x0000, 0x0000, 0x0000, 0x0000, 0x0000, 0x0020, 0x0021, 0x0021, 0x0041, 0x0041,
  0x0041, 0x0041, 0x0041, 0x0061, 0x0061, 0x0061, 0x0061, 0x0061, 0x0061, 0x0061, 0x0061, 0x0061,
  0x0061, 0x0061, 0x0061, 0x0041, 0x0062, 0x10C4, 0x0063, 0x0064, 0x0084, 0x00A5, 0x1127, 0x328E,
  0x29AE, 0x61D3, 0x6992, 0x398F, 0x2331, 0x1C75, 0x128D, 0x0127, 0x2BD3, 0x1A2D, 0x08C5, 0x0083,
  0x0063, 0x0063, 0x0084, 0x00A4, 0x00A4, 0x08C5, 0x0863, 0x0022, 0x0022, 0x0042, 0x0042, 0x0022,
  0x0063, 0x0042, 0x0022, 0x0084, 0x1147, 0x0084, 0x1127, 0x220A, 0x08E5, 0x0084, 0x0084, 0x10E4,
  0x0084, 0x0084, 0x0084, 0x08C5, 0x0084, 0x0084, 0x0084, 0x0084, 0x0084, 0x0064, 0x0084, 0x0084,
  0x0063, 0x0084, 0x00A4, 0x0063, 0x0063, 0x0084, 0x0084, 0x0084, 0x00A4, 0x00A4, 0x00A4, 0x08C5,
  0x00A4, 0x00A5, 0x08E5, 0x0063, 0x08A5, 0x0906, 0x00A4, 0x0084, 0x08E5, 0x0084, 0x00A4, 0x08E5,
  0x124A, 0x0987, 0x0987, 0x1AAB, 0x09E9, 0x0946, 0x0987, 0x0968, 0x08E6, 0x1147, 0x0927, 0x0126,
  0x0A2A, 0x0A4B, 0x09EA, 0x11EA, 0x00E6, 0x0106, 0x09E9, 0x13EF, 0x1575, 0x1CB3, 0x0947, 0x10C6,
  0x08C6, 0x0085, 0x0085, 0x1128, 0x224B, 0x220B, 0x316A, 0x1927, 0x1988, 0x0085, 0x0084, 0x0063,
  0x00A5, 0x1147, 0x08E5, 0x0063, 0x08A5, 0x18E5, 0x18A3, 0x28C3, 0x40E3, 0x7205, 0x5942, 0x7A04,
  0x69E4, 0x49C5, 0x2166, 0x29E8, 0x2A08, 0x2A09, 0x19A8, 0x0906, 0x1128, 0x49EE, 0x41EE, 0x6C12,
  0x7BCF, 0x5B0E, 0x7AD2, 0x9375, 0x7494, 0x63B2, 0x5AF1, 0x7C74, 0x8D14, 0x9413, 0xBC15, 0xABF3,
  0x8BD3, 0x220D, 0x0085, 0x08A6, 0x0085, 0x0065, 0x0085, 0x0083, 0x0082, 0x0082, 0x0082, 0x0082,
  0x0082, 0x0082, 0x0082, 0x0082, 0x0061, 0x08C3, 0x4A8A, 0x52CB, 0x52CB, 0x3A28, 0x0062, 0x0061,
  0x0082, 0x0082, 0x0082, 0x0041, 0x1945, 0x1987, 0x1145, 0x1125, 0x1105, 0x1105, 0x1125, 0x1125,
  0x1125, 0x1125, 0x1125, 0x1945, 0x08C4, 0x0041, 0x0041, 0x0041, 0x0021, 0x0021, 0x0021, 0x0021,
  0x1126, 0x10E4, 0x0082, 0x0021, 0x0000, 0x0000, 0x0041, 0x0882, 0x10C3, 0x08A2, 0x0000, 0x0000,
  0x0000, 0x0000, 0x0000, 0x0020, 0x0041, 0x0061, 0x0882, 0x08A2, 0x0020, 0x0041, 0x0041, 0x0041,
  0x0061, 0x0041, 0x0041, 0x0041, 0x0041, 0x0061, 0x0061, 0x0061, 0x0061, 0x0061, 0x0061, 0x0061,
  0x0041, 0x0061, 0x0061, 0x0082, 0x0062, 0x0882, 0x08E5, 0x1126, 0x1126, 0x1106, 0x3A0C, 0x8375,
  0x7214, 0x79F5, 0x39AF, 0x1A8F, 0x1B71, 0x2454, 0x1A8D, 0x00A5, 0x324F, 0x21AB, 0x0884, 0x1084,
  0x0884, 0x08C5, 0x0084, 0x19A8, 0x0926, 0x08A4, 0x10A4, 0x0042, 0x0022, 0x0042, 0x0042, 0x0022,
  0x0083, 0x0042, 0x0042, 0x08C5, 0x19A9, 0x0084, 0x0063, 0x0022, 0x0063, 0x0063, 0x10C4, 0x3185,
  0x0063, 0x0084, 0x0084, 0x00A4, 0x0064, 0x0084, 0x0084, 0x0084, 0x0084, 0x0084, 0x0084, 0x0084,
  0x0063, 0x0083, 0x0084, 0x0083, 0x0063, 0x0084, 0x0084, 0x0084, 0x0084, 0x00A4, 0x00A4, 0x00C5,
  0x0084, 0x08C5, 0x0906, 0x0064, 0x08C5, 0x0906, 0x00C5, 0x0927, 0x1188, 0x00A4, 0x0906, 0x0906,
  0x1209, 0x0967, 0x00E5, 0x0146, 0x0105, 0x00A4, 0x0967, 0x0967, 0x00C5, 0x1148, 0x1168, 0x0988,
  0x124B, 0x11EA, 0x11EB, 0x120B, 0x0948, 0x0947, 0x0988, 0x0ACB, 0x1471, 0x1D34, 0x11C9, 0x10C6,
  0x08A5, 0x0084, 0x0085, 0x0947, 0x1B0A, 0x1AE9, 0x2A28, 0x21A7, 0x1106, 0x08E5, 0x08E6, 0x10E5,
  0x00C5, 0x0927, 0x00C5, 0x0084, 0x00C5, 0x00A5, 0x0063, 0x18A4, 0x28C4, 0x59C5, 0x5984, 0x7A25,
  0x5942, 0x4943, 0x0043, 0x08A4, 0x21A7, 0x2A08, 0x19A7, 0x1187, 0x21CA, 0x31EC, 0x49CE, 0x8291,
  0x8A10, 0x7230, 0x5291, 0x72F3, 0x8333, 0x7B33, 0x6B34, 0x73D4, 0x8C35, 0x8394, 0x8354, 0x6AD1,
  0x4AB0, 0x1A0D, 0x19EC, 0x1129, 0x0065, 0x0084, 0x0082, 0x0082, 0x0082, 0x0082, 0x0082, 0x0082,
  0x0062, 0x0082, 0x0061, 0x0061, 0x1924, 0x4A8A, 0x52CB, 0x4AAB, 0x4AAB, 0x52CB, 0x3A49, 0x08C3,
  0x0021, 0x0061, 0x0082, 0x0041, 0x1145, 0x2A09, 0x2A29, 0x324A, 0x2A49, 0x21E8, 0x1986, 0x1125,
  0x0904, 0x08E4, 0x1104, 0x1104, 0x08C3, 0x0082, 0x0041, 0x1041, 0x0841, 0x0020, 0x0020, 0x0000,
  0x0000, 0x0000, 0x0020, 0x08A3, 0x1925, 0x1966, 0x1966, 0x1925, 0x08C4, 0x0041, 0x0000, 0x0020,
  0x0061, 0x0882, 0x08C3, 0x10E3, 0x1104, 0x1104, 0x1925, 0x10C3, 0x0020, 0x0041, 0x0041, 0x0041,
  0x0041, 0x0041, 0x0041, 0x0061, 0x0041, 0x0061, 0x0061, 0x0061, 0x0061, 0x0061, 0x0061, 0x0061,
  0x0041, 0x0061, 0x0062, 0x0062, 0x0062, 0x0062, 0x0082, 0x0083, 0x0063, 0x0063, 0x2128, 0x598F,
  0x71D3, 0x3A10, 0x23D3, 0x2CF6, 0x2412, 0x1BD2, 0x224C, 0x0885, 0x51F0, 0x2109, 0x3128, 0x69EE,
  0x49CC, 0x41EC, 0x10E6, 0x326B, 0x0926, 0x0884, 0x0883, 0x0022, 0x0022, 0x0022, 0x0022, 0x0042,
  0x0063, 0x0022, 0x0042, 0x0063, 0x0906, 0x0084, 0x0084, 0x00E5, 0x00C5, 0x0064, 0x08A3, 0x1924,
  0x0063, 0x0084, 0x0084, 0x00A4, 0x0063, 0x0084, 0x0063, 0x0022, 0x0022, 0x0043, 0x0063, 0x0063,
  0x0063, 0x0063, 0x0083, 0x0063, 0x0084, 0x08E5, 0x00A4, 0x00A4, 0x00A4, 0x00C5, 0x00C5, 0x00A4,
  0x0084, 0x08E5, 0x08E6, 0x0084, 0x00A4, 0x0084, 0x0926, 0x1A4B, 0x1A2A, 0x1127, 0x1147, 0x1188,
  0x1A6B, 0x1AAB, 0x128B, 0x1AEC, 0x234D, 0x1249, 0x1A4A, 0x11A8, 0x08E6, 0x1127, 0x0948, 0x11A9,
  0x11EB, 0x11EB, 0x120B, 0x11EB, 0x0989, 0x11A9, 0x09E9, 0x12CC, 0x0B8E, 0x1CD3, 0x11E9, 0x08A5,
  0x0084, 0x0085, 0x00A5, 0x0906, 0x1B0A, 0x12E9, 0x1A07, 0x1145, 0x0084, 0x08E5, 0x0905, 0x08E5,
  0x00A5, 0x00E6, 0x0084, 0x0084, 0x08C6, 0x00A5, 0x0085, 0x0084, 0x0884, 0x18A4, 0x3904, 0x5144,
  0x5143, 0x4964, 0x0043, 0x0043, 0x0063, 0x08A4, 0x29A7, 0x3228, 0x3208, 0x29C8, 0x29CA, 0x39CB,
  0x49AD, 0x5A30, 0x4270, 0x4290, 0x5250, 0x5250, 0x4A70, 0x4A4F, 0x4A6F, 0x4A50, 0x4270, 0x5312,
  0x3AD1, 0x11CD, 0x094A, 0x1129, 0x00A5, 0x0082, 0x0082, 0x0082, 0x0082, 0x0082, 0x0082, 0x0082,
  0x0082, 0x0061, 0x1924, 0x4249, 0x52EB, 0x4ACB, 0x4AAB, 0x52CB, 0x4ACB, 0x4AAA, 0x52CB, 0x4ACB,
  0x3A08, 0x10E3, 0x0061, 0x0062, 0x0082, 0x0062, 0x08C4, 0x1146, 0x2A29, 0x4B4E, 0x5BD0, 0x538E,
  0x42EC, 0x3249, 0x21A6, 0x1104, 0x08E4, 0x1924, 0x5186, 0x79A6, 0x6145, 0x28C3, 0x18A2, 0x1082,
  0x1104, 0x1946, 0x1966, 0x1966, 0x1105, 0x08A3, 0x0021, 0x0000, 0x0021, 0x0062, 0x08A3, 0x10E4,
  0x1104, 0x0904, 0x1104, 0x10E4, 0x10E4, 0x1104, 0x1105, 0x0882, 0x0021, 0x0041, 0x0041, 0x0041,
  0x0041, 0x0041, 0x0041, 0x0041, 0x0061, 0x0061, 0x0061, 0x0061, 0x0041, 0x0061, 0x0041, 0x0061,
  0x0061, 0x0061, 0x0062, 0x0062, 0x0061, 0x0062, 0x0062, 0x0062, 0x0063, 0x0063, 0x10C6, 0x294B,
  0x31AD, 0x1B51, 0x24D5, 0x24B4, 0x2536, 0x1C33, 0x19CA, 0x0885, 0x49CE, 0x10A6, 0x3929, 0x7A71,
  0x522E, 0x39EB, 0x1106, 0x0905, 0x00A4, 0x08A4, 0x10A4, 0x0022, 0x0022, 0x0022, 0x0022, 0x0063,
  0x0063, 0x0042, 0x0022, 0x0022, 0x08C5, 0x0063, 0x0926, 0x1A2B, 0x00C5, 0x00A5, 0x08A5, 0x0084,
  0x0063, 0x0043, 0x0063, 0x0084, 0x0043, 0x0002, 0x0948, 0x224B, 0x1A0A, 0x11A9, 0x00C5, 0x0927,
  0x08E6, 0x0906, 0x08E5, 0x00A4, 0x08E5, 0x0906, 0x0084, 0x00A4, 0x00A5, 0x00A5, 0x08C5, 0x00C5,
  0x00A4, 0x0906, 0x08E6, 0x0084, 0x00C5, 0x0084, 0x00C5, 0x0947, 0x1147, 0x1167, 0x11A8, 0x1168,
  0x0988, 0x0988, 0x09A8, 0x09C8, 0x09C8, 0x09A8, 0x1209, 0x0967, 0x08C5, 0x08C5, 0x0906, 0x11AA,
  0x1A2B, 0x11EB, 0x11EB, 0x1A6D, 0x0968, 0x0906, 0x0988, 0x134D, 0x1451, 0x1D14, 0x11EA, 0x10C6,
  0x10A5, 0x10A6, 0x0885, 0x00C6, 0x11E9, 0x11E8, 0x19E8, 0x1166, 0x0906, 0x1988, 0x1126, 0x0064,
  0x0084, 0x08E6, 0x0084, 0x0084, 0x0064, 0x0064, 0x0085, 0x0085, 0x0085, 0x00A5, 0x08A5, 0x18A3,
  0x3104, 0x28E4, 0x0064, 0x0064, 0x0043, 0x0064, 0x0084, 0x2166, 0x1966, 0x1105, 0x1126, 0x1147,
  0x21EA, 0x222B, 0x1989, 0x19AB, 0x2A0D, 0x2A2D, 0x328F, 0x3AF0, 0x19AB, 0x198A, 0x118B, 0x118A,
  0x096A, 0x2A8F, 0x1A2D, 0x00A5, 0x0082, 0x0082, 0x0082, 0x0082, 0x0082, 0x0082, 0x0082, 0x0082,
  0x0082, 0x0061, 0x10E3, 0x29A7, 0x4AAA, 0x52CB, 0x4AAB, 0x52AB, 0x52CB, 0x4AAB, 0x52EB, 0x4249,
  0x2186, 0x08C3, 0x0062, 0x0082, 0x08A3, 0x08C3, 0x10E4, 0x10E4, 0x08E4, 0x08E4, 0x1125, 0x21C8,
  0x32AC, 0x4B4F, 0x538F, 0x4B8F, 0x4B2D, 0x5208, 0x8186, 0xAA49, 0xA249, 0x7966, 0x7145, 0x6944,
  0x1926, 0x08C4, 0x0041, 0x0000, 0x0000, 0x0020, 0x0882, 0x08E3, 0x10E4, 0x1104, 0x1104, 0x10E4,
  0x08E4, 0x08E4, 0x1104, 0x1105, 0x1125, 0x08E4, 0x0083, 0x0021, 0x0021, 0x0041, 0x0041, 0x0041,
  0x0041, 0x0041, 0x0041, 0x0041, 0x0041, 0x0061, 0x0061, 0x0061, 0x0061, 0x0041, 0x0041, 0x0061,
  0x0041, 0x0061, 0x0062, 0x0062, 0x0061, 0x0062, 0x0062, 0x0082, 0x0062, 0x0062, 0x2108, 0x6A32,
  0x3AD2, 0x1BB2, 0x1C94, 0x2D16, 0x1C74, 0x12AF, 0x294A, 0x08A5, 0x1107, 0x0043, 0x3169, 0x62B0,
  0x3A0C, 0x21CA, 0x1968, 0x08E6, 0x08A5, 0x08A4, 0x28E5, 0x0842, 0x0022, 0x0042, 0x0022, 0x0083,
  0x0063, 0x0063, 0x0022, 0x0063, 0x08E5, 0x0043, 0x1127, 0x2AAD, 0x00C6, 0x1168, 0x220B, 0x1168,
  0x00A5, 0x08E6, 0x1189, 0x08E5, 0x0907, 0x3BB2, 0x763B, 0x86DC, 0x6E1B, 0x3392, 0x1168, 0x220B,
  0x0948, 0x11A9, 0x19EA, 0x1188, 0x11A9, 0x0927, 0x00C5, 0x08E6, 0x08C6, 0x08E6, 0x00C5, 0x08E6,
  0x00C5, 0x1168, 0x0927, 0x0906, 0x1147, 0x1147, 0x1168, 0x1168, 0x0927, 0x1147, 0x1A0A, 0x0926,
  0x0906, 0x0926, 0x0947, 0x0947, 0x0106, 0x0947, 0x09E9, 0x09A8, 0x0906, 0x00A4, 0x0063, 0x0927,
  0x11A9, 0x0989, 0x11EB, 0x0989, 0x00C5, 0x0084, 0x0946, 0x12EC, 0x0B2D, 0x1C71, 0x11C9, 0x10A5,
  0x10A5, 0x1085, 0x0064, 0x10C6, 0x2968, 0x2947, 0x2946, 0x1905, 0x0083, 0x0084, 0x08C5, 0x0084,
  0x0084, 0x0907, 0x08E6, 0x2128, 0x49CC, 0x2929, 0x0086, 0x0086, 0x0085, 0x00A6, 0x0085, 0x0064,
  0x0884, 0x0884, 0x0064, 0x0044, 0x0044, 0x0085, 0x0085, 0x08C5, 0x00A4, 0x1926, 0x1966, 0x19E8,
  0x11E8, 0x1208, 0x19E8, 0x00C5, 0x0065, 0x0044, 0x08C6, 0x19AA, 0x08C7, 0x08C6, 0x00A6, 0x0085,
  0x0065, 0x0064, 0x0084, 0x0082, 0x0082, 0x0082, 0x0082, 0x0082, 0x0082, 0x0082, 0x0062, 0x0082,
  0x0082, 0x0082, 0x0061, 0x0041, 0x08A3, 0x3A29, 0x52CB, 0x4AAA, 0x4AAB, 0x52CB, 0x29C7, 0x0062,
  0x0041, 0x0082, 0x0082, 0x0062, 0x10E4, 0x08E4, 0x08E4, 0x1104, 0x1125, 0x1945, 0x1104, 0x08C3,
  0x0083, 0x0083, 0x08C4, 0x1988, 0x4B2E, 0x7AAB, 0x7104, 0x8187, 0x922A, 0x9209, 0x91C7, 0x91C7,
  0x0000, 0x0000, 0x0041, 0x0882, 0x08C3, 0x08E4, 0x08E4, 0x08C4, 0x10C4, 0x10E4, 0x1104, 0x1125,
  0x1146, 0x1146, 0x1125, 0x1105, 0x08A3, 0x0021, 0x0000, 0x0041, 0x0020, 0x0021, 0x0041, 0x0021,
  0x0041, 0x0041, 0x0041, 0x0041, 0x0041, 0x0061, 0x0061, 0x0061, 0x0061, 0x0061, 0x0041, 0x0061,
  0x0061, 0x0061, 0x0061, 0x0062, 0x0062, 0x0062, 0x0061, 0x0061, 0x0082, 0x0082, 0x1084, 0x6A90,
  0x3290, 0x1B71, 0x24B4, 0x1C33, 0x1B30, 0x216D, 0x414C, 0x08A5, 0x00C5, 0x0063, 0x2968, 0x5B4F,
  0x21CA, 0x19A9, 0x1168, 0x08E6, 0x08E5, 0x0063, 0x20C5, 0x1043, 0x0022, 0x0042, 0x0022, 0x0063,
  0x0063, 0x0063, 0x0043, 0x08E6, 0x1988, 0x0064, 0x1126, 0x2AAD, 0x1A0B, 0x1A0B, 0x226D, 0x1168,
  0x0927, 0x19CA, 0x3B71, 0x32F0, 0x226E, 0x3B71, 0x4C53, 0x3B91, 0x19EB, 0x0907, 0x0906, 0x0064,
  0x00C5, 0x08E6, 0x1148, 0x0106, 0x0927, 0x0927, 0x00C5, 0x08C5, 0x00A5, 0x0906, 0x00A5, 0x00A5,
  0x00C5, 0x1188, 0x08C5, 0x00A4, 0x00A4, 0x00C5, 0x00C5, 0x00C5, 0x00A4, 0x00A4, 0x0084, 0x0084,
  0x0927, 0x0967, 0x0947, 0x00C5, 0x00C5, 0x00A4, 0x0947, 0x11A8, 0x1147, 0x0906, 0x0906, 0x0947,
  0x11CA, 0x11CA, 0x11CA, 0x11EA, 0x11AA, 0x0947, 0x09C9, 0x13AF, 0x1491, 0x1410, 0x0967, 0x10C5,
  0x18C5, 0x20C6, 0x0064, 0x10C6, 0x4188, 0x4967, 0x59A7, 0x3946, 0x0063, 0x08A4, 0x08C5, 0x0063,
  0x0084, 0x08C6, 0x0085, 0x2108, 0x498C, 0x498C, 0x10C7, 0x0065, 0x08E7, 0x08E7, 0x08C6, 0x08C6,
  0x08A5, 0x08C5, 0x0084, 0x0085, 0x08A5, 0x0043, 0x0064, 0x00A4, 0x0965, 0x0104, 0x0043, 0x1126,
  0x2229, 0x2249, 0x0906, 0x08E6, 0x1947, 0x00A5, 0x0084, 0x00A5, 0x0085, 0x00A6, 0x08C7, 0x08C7,
  0x0064, 0x0083, 0x0082, 0x0082, 0x0082, 0x0082, 0x0082, 0x0082, 0x0082, 0x0082, 0x0082, 0x0082,
  0x0082, 0x0082, 0x0082, 0x0082, 0x0061, 0x0062, 0x4249, 0x52CB, 0x52CB, 0x29C7, 0x0041, 0x0082,
  0x0082, 0x0082, 0x0082, 0x0061, 0x1945, 0x2187, 0x1946, 0x1125, 0x08E4, 0x08C3, 0x08C3, 0x10E4,
  0x1104, 0x1125, 0x1124, 0x08C4, 0x08A3, 0x40A3, 0x60E4, 0x58A3, 0x5905, 0x6966, 0x79A7, 0x89E8,
  0x08A2, 0x08C3, 0x10E4, 0x1104, 0x1104, 0x1105, 0x1945, 0x1966, 0x29A7, 0x29C8, 0x29A8, 0x2187,
  0x1125, 0x08C3, 0x0041, 0x0000, 0x0000, 0x0020, 0x08A2, 0x10E3, 0x0020, 0x0041, 0x0041, 0x0041,
  0x0061, 0x0041, 0x0041, 0x0041, 0x0041, 0x0041, 0x0061, 0x0061, 0x0061, 0x0061, 0x0041, 0x0061,
  0x0061, 0x0061, 0x0061, 0x0061, 0x0062, 0x0062, 0x0082, 0x0062, 0x0082, 0x0082, 0x0061, 0x1925,
  0x21EA, 0x1B71, 0x24F5, 0x12EF, 0x19AD, 0x5190, 0x394B, 0x08C5, 0x0084, 0x0064, 0x3189, 0x52CD,
  0x21A9, 0x19A9, 0x1168, 0x1106, 0x1106, 0x10E6, 0x18E6, 0x0842, 0x0022, 0x0022, 0x0022, 0x0022,
  0x0063, 0x0063, 0x00C5, 0x1189, 0x1189, 0x0927, 0x2AAD, 0x32EE, 0x1189, 0x1189, 0x0948, 0x00E6,
  0x0927, 0x0948, 0x0948, 0x0949, 0x0927, 0x0084, 0x0023, 0x1168, 0x0907, 0x19CB, 0x2A8E, 0x1A0B,
  0x224C, 0x0927, 0x0906, 0x08E6, 0x1127, 0x00C5, 0x0084, 0x00C5, 0x00C5, 0x00C5, 0x00C5, 0x08E6,
  0x0927, 0x0906, 0x00A5, 0x0084, 0x0063, 0x0063, 0x0063, 0x0084, 0x0084, 0x0084, 0x0084, 0x0084,
  0x0084, 0x00A4, 0x00C4, 0x0084, 0x0084, 0x00C4, 0x00A4, 0x00A4, 0x1106, 0x08E6, 0x1188, 0x1188,
  0x0968, 0x0989, 0x09A9, 0x11CA, 0x0948, 0x0084, 0x0106, 0x13AF, 0x1D54, 0x1C30, 0x0906, 0x10C5,
  0x3947, 0x3907, 0x0864, 0x08A5, 0x41A9, 0x49A8, 0x51C7, 0x3945, 0x0063, 0x10A4, 0x10A3, 0x0063,
  0x0084, 0x00A5, 0x00A5, 0x08A5, 0x0044, 0x10A6, 0x49CD, 0x2109, 0x10E8, 0x1129, 0x08E7, 0x0064,
  0x10E6, 0x4AAD, 0x530F, 0x4AAE, 0x4AEF, 0x2A0B, 0x0064, 0x00E4, 0x2B8B, 0x230A, 0x0064, 0x0065,
  0x21C9, 0x328B, 0x21A9, 0x1127, 0x0084, 0x0064, 0x08C5, 0x1126, 0x0084, 0x0085, 0x00A6, 0x00A5,
  0x0083, 0x0082, 0x0082, 0x0082, 0x0082, 0x0082, 0x0082, 0x0082, 0x0082, 0x0082, 0x0082, 0x0082,
  0x0082, 0x0082, 0x0082, 0x0082, 0x0082, 0x0061, 0x08C3, 0x52CB, 0x4269, 0x0082, 0x0082, 0x0082,
  0x0062, 0x0082, 0x0082, 0x0061, 0x1945, 0x1987, 0x1986, 0x1987, 0x1986, 0x1966, 0x1145, 0x10E4,
  0x08C3, 0x08C3, 0x08E4, 0x1125, 0x1946, 0x28A3, 0x4062, 0x3841, 0x2820, 0x3021, 0x4062, 0x50C3,
  0x1946, 0x1966, 0x21A7, 0x21C8, 0x21C8, 0x21C8, 0x21A7, 0x2187, 0x1946, 0x10E4, 0x0883, 0x0041,
  0x0000, 0x0000, 0x0020, 0x0061, 0x08A3, 0x08C4, 0x1966, 0x10E3, 0x0000, 0x0041, 0x0041, 0x0041,
  0x0061, 0x0041, 0x0041, 0x0041, 0x0041, 0x0041, 0x0061, 0x0061, 0x0061, 0x0061, 0x0061, 0x0061,
  0x0061, 0x0061, 0x0062, 0x0062, 0x0061, 0x0062, 0x0061, 0x0082, 0x0062, 0x0082, 0x0082, 0x0061,
  0x0042, 0x1A6B, 0x2C33, 0x11CC, 0x418F, 0x392D, 0x1907, 0x08E5, 0x1107, 0x1928, 0x296A, 0x31CA,
  0x3A0B, 0x29EA, 0x1968, 0x08E6, 0x10E6, 0x08C5, 0x10C5, 0x0842, 0x0022, 0x0022, 0x0022, 0x0022,
  0x0022, 0x0022, 0x0043, 0x1147, 0x00C5, 0x08E6, 0x0948, 0x1169, 0x1169, 0x1168, 0x1148, 0x19CA,
  0x0927, 0x1A2C, 0x226E, 0x11CB, 0x3351, 0x54B6, 0x19CB, 0x0085, 0x2A8D, 0x3351, 0x098A, 0x226D,
  0x228D, 0x08E6, 0x08E5, 0x00C5, 0x08E6, 0x0084, 0x0906, 0x1188, 0x1148, 0x0906, 0x00C5, 0x08E5,
  0x0927, 0x08E6, 0x00A4, 0x00A4, 0x0084, 0x0084, 0x0084, 0x0084, 0x0084, 0x0084, 0x0084, 0x0084,
  0x0084, 0x0084, 0x00A4, 0x00A4, 0x00A4, 0x08C5, 0x08C5, 0x00A4, 0x08C4, 0x0084, 0x00C5, 0x1188,
  0x1168, 0x0968, 0x11AA, 0x0989, 0x0927, 0x0947, 0x0947, 0x0A0A, 0x136E, 0x1C11, 0x0947, 0x0884,
  0x30E6, 0x30E6, 0x0063, 0x0884, 0x10E6, 0x18E5, 0x20E4, 0x18C4, 0x0063, 0x28E3, 0x61C5, 0x0842,
  0x0084, 0x00A5, 0x0084, 0x08C6, 0x1907, 0x10A6, 0x392A, 0x498D, 0x0886, 0x1969, 0x1127, 0x0043,
  0x0084, 0x08C6, 0x29AA, 0x4ACF, 0x4AF0, 0x4B10, 0x3A6D, 0x21C9, 0x1A07, 0x1A89, 0x00A5, 0x0085,
  0x08A5, 0x1127, 0x21C9, 0x29EA, 0x29EA, 0x10E6, 0x0064, 0x0064, 0x0105, 0x19E9, 0x08C5, 0x0082,
  0x0082, 0x0082, 0x0082, 0x0082, 0x0082, 0x0082, 0x0082, 0x0082, 0x0082, 0x0082, 0x0082, 0x0082,
  0x0082, 0x0082, 0x0082, 0x0082, 0x0062, 0x0082, 0x0041, 0x3A28, 0x2186, 0x0041, 0x0082, 0x0082,
  0x0082, 0x0082, 0x0082, 0x0061, 0x1945, 0x1987, 0x1966, 0x1966, 0x1966, 0x1966, 0x1966, 0x1966,
  0x1966, 0x1946, 0x1124, 0x08E4, 0x08C4, 0x0862, 0x2021, 0x2021, 0x1821, 0x2041, 0x2841, 0x3041,
  0x1987, 0x1947, 0x1926, 0x10E5, 0x08A3, 0x0042, 0x0000, 0x0000, 0x0000, 0x0000, 0x0000, 0x0020,
  0x0061, 0x08A2, 0x1104, 0x1105, 0x1125, 0x1966, 0x1105, 0x0000, 0x0020, 0x0041, 0x0041, 0x0041,
  0x0041, 0x0061, 0x0061, 0x0041, 0x0041, 0x0041, 0x0061, 0x0061, 0x0061, 0x0061, 0x0061, 0x0061,
  0x0061, 0x0061, 0x0061, 0x0061, 0x0061, 0x0062, 0x0061, 0x0061, 0x0062, 0x0062, 0x0082, 0x0082,
  0x0082, 0x0061, 0x0105, 0x41EF, 0x59B1, 0x10A6, 0x1905, 0x08C4, 0x2189, 0x2189, 0x2169, 0x3A0C,
  0x31CA, 0x1106, 0x08C5, 0x0084, 0x18C5, 0x20A5, 0x0884, 0x0863, 0x0022, 0x0022, 0x0022, 0x0022,
  0x0022, 0x0022, 0x0063, 0x08E6, 0x0063, 0x0906, 0x0927, 0x0927, 0x0927, 0x0043, 0x0906, 0x19CA,
  0x00E6, 0x1169, 0x1A4D, 0x11CB, 0x19EC, 0x11CB, 0x1169, 0x0928, 0x19EB, 0x3352, 0x3373, 0x22AE,
  0x222C, 0x0927, 0x0906, 0x1147, 0x0927, 0x00A5, 0x0927, 0x0947, 0x0906, 0x00C5, 0x08C5, 0x08E6,
  0x0907, 0x08C5, 0x00A4, 0x08C5, 0x0084, 0x0084, 0x0084, 0x0084, 0x0084, 0x00A4, 0x00A4, 0x0084,
  0x00A4, 0x0084, 0x00C4, 0x00A4, 0x00A4, 0x00A4, 0x0084, 0x0084, 0x00A4, 0x0063, 0x08E6, 0x1148,
  0x0927, 0x0927, 0x0948, 0x0969, 0x1189, 0x0927, 0x00C5, 0x09C9, 0x12ED, 0x12AC, 0x0927, 0x18A5,
  0x1884, 0x0864, 0x0043, 0x0084, 0x0085, 0x0063, 0x0063, 0x0064, 0x0064, 0x20E3, 0x59A5, 0x1063,
  0x0084, 0x08C6, 0x18A6, 0x412A, 0x416B, 0x412B, 0x516C, 0x30E9, 0x2087, 0x1086, 0x0064, 0x0064,
  0x0064, 0x0064, 0x0064, 0x1107, 0x29CB, 0x426D, 0x4ACF, 0x4AEF, 0x3A6B, 0x2A4A, 0x0085, 0x0044,
  0x0085, 0x0085, 0x0064, 0x0085, 0x1989, 0x2A4C, 0x2A4C, 0x1148, 0x00C4, 0x0925, 0x00A2, 0x0082,
  0x0082, 0x0082, 0x0082, 0x0082, 0x0082, 0x0082, 0x0082, 0x0082, 0x0082, 0x0082, 0x0082, 0x0082,
  0x0082, 0x0082, 0x0082, 0x0082, 0x0062, 0x0082, 0x0061, 0x10E3, 0x08A3, 0x0061, 0x0082, 0x0082,
  0x0082, 0x0082, 0x0062, 0x0061, 0x1945, 0x1987, 0x1966, 0x1966, 0x1966, 0x1966, 0x1966, 0x1966,
  0x1986, 0x1986, 0x1986, 0x1966, 0x1946, 0x08A3, 0x0000, 0x0000, 0x0000, 0x0000, 0x0800, 0x1820,
  0x0000, 0x0000, 0x0000, 0x0000, 0x0000, 0x0000, 0x0020, 0x0041, 0x0861, 0x08A2, 0x10C3, 0x1104,
  0x1104, 0x1104, 0x1104, 0x1125, 0x2187, 0x10E4, 0x0000, 0x0020, 0x0020, 0x0041, 0x0041, 0x0041,
  0x0041, 0x0061, 0x0041, 0x0041, 0x0041, 0x0041, 0x0061, 0x0061, 0x0061, 0x0061, 0x0061, 0x0061,
  0x0061, 0x0061, 0x0061, 0x0061, 0x0061, 0x0062, 0x0061, 0x0061, 0x0062, 0x0062, 0x0062, 0x0082,
  0x0082, 0x0082, 0x0061, 0x0884, 0x28E8, 0x2908, 0x2106, 0x08A4, 0x00A4, 0x00A4, 0x1968, 0x31AA,
  0x2189, 0x1127, 0x08C5, 0x0063, 0x3927, 0x5169, 0x0843, 0x28C4, 0x0022, 0x0022, 0x0022, 0x0022,
  0x0022, 0x0022, 0x0084, 0x08E5, 0x0063, 0x0084, 0x0084, 0x0948, 0x22AE, 0x1A4D, 0x226E, 0x0948,
  0x0927, 0x0927, 0x11CB, 0x11AB, 0x2B10, 0x3372, 0x3351, 0x3B92, 0x3B92, 0x3352, 0x1A2D, 0x0928,
  0x0969, 0x1189, 0x0907, 0x1989, 0x1127, 0x00A5, 0x08C5, 0x00C5, 0x00C5, 0x00A5, 0x00C5, 0x00C5,
  0x08C6, 0x00C5, 0x08C5, 0x08C5, 0x0083, 0x0084, 0x0084, 0x0084, 0x0084, 0x0084, 0x0084, 0x0084,
  0x0084, 0x0084, 0x0084, 0x0084, 0x0084, 0x00C5, 0x00A4, 0x0084, 0x08E5, 0x00A4, 0x00C5, 0x08E6,
  0x08E6, 0x00C5, 0x0927, 0x0927, 0x0927, 0x08E6, 0x08C5, 0x09C8, 0x130D, 0x1B4F, 0x09A9, 0x28E6,
  0x4948, 0x0064, 0x0064, 0x0084, 0x08A5, 0x0084, 0x0084, 0x0084, 0x0084, 0x0063, 0x20A4, 0x1083,
  0x08A5, 0x1928, 0x414B, 0x71CF, 0x596E, 0x492D, 0x490B, 0x30A8, 0x596C, 0x598D, 0x1086, 0x0063,
  0x0064, 0x0064, 0x0084, 0x0064, 0x0043, 0x10E6, 0x424D, 0x52EF, 0x428D, 0x4AF0, 0x3A4E, 0x10E7,
  0x0085, 0x0085, 0x0064, 0x0044, 0x0085, 0x00C6, 0x19A9, 0x1988, 0x0083, 0x0062, 0x0082, 0x0082,
  0x0082, 0x0082, 0x0082, 0x0082, 0x0082, 0x0082, 0x0082, 0x0082, 0x0082, 0x0082, 0x0082, 0x0082,
  0x0082, 0x0082, 0x0062, 0x0082, 0x0062, 0x0062, 0x0082, 0x0061, 0x0062, 0x0082, 0x0062, 0x0062,
  0x0082, 0x0082, 0x0082, 0x0061, 0x1945, 0x1987, 0x1986, 0x1986, 0x1986, 0x1986, 0x1986, 0x1986,
  0x1966, 0x1966, 0x1966, 0x1966, 0x1966, 0x1945, 0x1104, 0x08C3, 0x0882, 0x0041, 0x0000, 0x0000,
  0x0041, 0x0061, 0x0061, 0x0882, 0x08A3, 0x08C3, 0x10E4, 0x1104, 0x1124, 0x1104, 0x1104, 0x1104,
  0x1104, 0x1105, 0x1946, 0x2187, 0x10C3, 0x0000, 0x0041, 0x08A2, 0x0020, 0x0021, 0x0041, 0x0041,
  0x0041, 0x0041, 0x0041, 0x0061, 0x0041, 0x0041, 0x0061, 0x0061, 0x0061, 0x0061, 0x0061, 0x0041,
  0x0041, 0x0061, 0x0061, 0x0061, 0x0061, 0x0062, 0x0061, 0x0061, 0x0061, 0x0082, 0x0081, 0x0082,
  0x0082, 0x0082, 0x0082, 0x0081, 0x0062, 0x0883, 0x18E5, 0x08A4, 0x0083, 0x0083, 0x2168, 0x39EB,
  0x31CB, 0x21A9, 0x08C5, 0x0084, 0x10C5, 0x0042, 0x0863, 0x20A4, 0x0001, 0x0022, 0x0021, 0x0022,
  0x0042, 0x0001, 0x08A4, 0x08C5, 0x0022, 0x0063, 0x0083, 0x00C5, 0x098A, 0x1A4D, 0x1A2D, 0x0948,
  0x0948, 0x118A, 0x22D0, 0x2B12, 0x3BF6, 0x4456, 0x1A4D, 0x118A, 0x0085, 0x0948, 0x222C, 0x00C6,
  0x1189, 0x11AA, 0x1189, 0x0907, 0x08C6, 0x00A5, 0x08C5, 0x00C5, 0x08C5, 0x08C5, 0x08E5, 0x08C5,
  0x08C5, 0x00A5, 0x08C5, 0x00A4, 0x0063, 0x0084, 0x0084, 0x0084, 0x0084, 0x0084, 0x0084, 0x00A4,
  0x0084, 0x0084, 0x00A4, 0x0084, 0x00C5, 0x08E5, 0x08C5, 0x08E5, 0x08E5, 0x08E6, 0x00A4, 0x00A4,
  0x0927, 0x1148, 0x0948, 0x0948, 0x0948, 0x0928, 0x0947, 0x11C9, 0x122A, 0x122B, 0x0927, 0x10A4,
  0x18C5, 0x0884, 0x0063, 0x0084, 0x0063, 0x0884, 0x10A5, 0x18C5, 0x28E6, 0x20C4, 0x20C5, 0x10A4,
  0x08C6, 0x10E7, 0x10E7, 0x2109, 0x49CE, 0x59AF, 0x594E, 0x612D, 0x3889, 0x50EB, 0x48EA, 0x1044,
  0x0064, 0x0064, 0x0085, 0x0085, 0x0064, 0x0044, 0x08A6, 0x2169, 0x4AAF, 0x4AD1, 0x4AF2, 0x42D1,
  0x21CC, 0x00A6, 0x0023, 0x0065, 0x0044, 0x0063, 0x0083, 0x0082, 0x00A2, 0x00A2, 0x0082, 0x0082,
  0x0082, 0x0082, 0x0082, 0x0082, 0x0082, 0x0082, 0x0082, 0x0082, 0x0082, 0x0082, 0x0082, 0x0082,
  0x0082, 0x0082, 0x0082, 0x0082, 0x0082, 0x0082, 0x0082, 0x0082, 0x0082, 0x0082, 0x0082, 0x0062,
  0x0082, 0x0082, 0x0082, 0x0061, 0x19C6, 0x19C7, 0x1966, 0x1966, 0x1986, 0x1966, 0x1986, 0x21C7,
  0x2186, 0x21A7, 0x1986, 0x1966, 0x1966, 0x1946, 0x1946, 0x1946, 0x1946, 0x1925, 0x10E4, 0x0882,
  0x1104, 0x1104, 0x1104, 0x1104, 0x1104, 0x1105, 0x1105, 0x08C3, 0x0882, 0x10E3, 0x1104, 0x10E4,
  0x1925, 0x1946, 0x10C4, 0x0041, 0x0000, 0x0862, 0x1104, 0x10C3, 0x0000, 0x0041, 0x0041, 0x0041,
  0x0041, 0x0041, 0x0041, 0x0061, 0x0041, 0x0041, 0x0061, 0x0061, 0x0061, 0x0061, 0x0061, 0x0061,
  0x0041, 0x0061, 0x0062, 0x0061, 0x0062, 0x0062, 0x0061, 0x0061, 0x0061, 0x0062, 0x0082, 0x0062,
  0x0082, 0x0082, 0x0082, 0x0082, 0x00A2, 0x0082, 0x08A2, 0x0083, 0x1126, 0x1126, 0x2989, 0x39AB,
  0x31CA, 0x1989, 0x08C5, 0x00A4, 0x10E5, 0x0063, 0x0063, 0x0063, 0x0022, 0x0042, 0x0042, 0x0042,
  0x0084, 0x0063, 0x0084, 0x0906, 0x11A9, 0x2AEF, 0x22AE, 0x1A0B, 0x226D, 0x0948, 0x118A, 0x0948,
  0x1168, 0x0948, 0x1A4D, 0x22D0, 0x2B11, 0x2AF0, 0x11AA, 0x19EB, 0x226D, 0x11CB, 0x2AAE, 0x0927,
  0x0948, 0x0948, 0x1148, 0x0906, 0x00C5, 0x00A5, 0x00C5, 0x00C5, 0x00C5, 0x00A5, 0x00C5, 0x08C5,
  0x08C5, 0x00A4, 0x08C5, 0x00A4, 0x0084, 0x0084, 0x0084, 0x0083, 0x0084, 0x0084, 0x08E5, 0x08E5,
  0x00A4, 0x00C4, 0x1187, 0x00C5, 0x0084, 0x00A4, 0x00A4, 0x00C4, 0x00A4, 0x08C5, 0x08C5, 0x00A5,
  0x00C5, 0x0948, 0x0948, 0x0948, 0x0948, 0x0968, 0x0968, 0x0127, 0x09C9, 0x124B, 0x0988, 0x0906,
  0x08A5, 0x0884, 0x0043, 0x0084, 0x0063, 0x0084, 0x08C5, 0x10A4, 0x1083, 0x1083, 0x18A3, 0x0063,
  0x08C6, 0x0085, 0x0085, 0x0085, 0x294B, 0x314C, 0x492D, 0x89B3, 0x8171, 0x610D, 0x712E, 0x714E,
  0x1865, 0x0043, 0x0085, 0x0064, 0x0064, 0x0065, 0x0044, 0x0044, 0x08A6, 0x29CB, 0x4290, 0x4AF2,
  0x4B14, 0x3A92, 0x194B, 0x0065, 0x00A4, 0x08A3, 0x0082, 0x00A2, 0x00A2, 0x0082, 0x0082, 0x0082,
  0x0082, 0x0082, 0x0082, 0x0082, 0x0082, 0x0082, 0x0082, 0x0082, 0x0082, 0x0082, 0x0082, 0x0082,
  0x0062, 0x0082, 0x0082, 0x0082, 0x0082, 0x0082, 0x0082, 0x0082, 0x0082, 0x0082, 0x0082, 0x0082,
  0x0082, 0x0062, 0x0082, 0x0041, 0x1A27, 0x1AA9, 0x11A7, 0x1966, 0x1987, 0x1987, 0x1986, 0x3229,
  0x4AEB, 0x5B8F, 0x19A8, 0x1966, 0x1966, 0x2166, 0x1946, 0x1946, 0x1946, 0x1946, 0x1946, 0x1945,
  0x1105, 0x1105, 0x08E4, 0x08C4, 0x1105, 0x10E4, 0x08A2, 0x29E6, 0x742E, 0x7C70, 0x21A6, 0x1105,
  0x1905, 0x0041, 0x0000, 0x0000, 0x0882, 0x08E4, 0x1104, 0x10E3, 0x0020, 0x0041, 0x0041, 0x0041,
  0x0041, 0x0041, 0x0041, 0x0041, 0x0041, 0x0041, 0x0041, 0x0061, 0x0041, 0x0061, 0x0061, 0x0061,
  0x0061, 0x0061, 0x0061, 0x0061, 0x0061, 0x0062, 0x0061, 0x0061, 0x0062, 0x0062, 0x0062, 0x0062,
  0x0082, 0x0082, 0x0082, 0x0082, 0x0082, 0x0082, 0x0082, 0x0082, 0x08C4, 0x0906, 0x2149, 0x316A,
  0x2189, 0x0906, 0x0063, 0x0084, 0x10E5, 0x0084, 0x00A4, 0x08C5, 0x08C5, 0x0084, 0x0042, 0x0063,
  0x0063, 0x00A5, 0x1168, 0x11AA, 0x1A8E, 0x2B52, 0x1A8E, 0x1A4D, 0x2ACF, 0x0969, 0x19EB, 0x0989,
  0x0947, 0x0927, 0x0948, 0x11CB, 0x1A0C, 0x11EB, 0x1A0C, 0x22F1, 0x3C36, 0x2B11, 0x1A2D, 0x11AA,
  0x00E6, 0x0906, 0x0906, 0x08E6, 0x00C5, 0x00A5, 0x08E5, 0x08C5, 0x00C5, 0x00C5, 0x08C5, 0x00C5,
  0x08C5, 0x00A4, 0x08E6, 0x00A5, 0x00A4, 0x0084, 0x0084, 0x0084, 0x00A4, 0x00A4, 0x0084, 0x00C5,
  0x00C5, 0x08E5, 0x0906, 0x0084, 0x00A4, 0x00A4, 0x00A4, 0x0084, 0x0084, 0x0063, 0x0063, 0x0084,
  0x0084, 0x0927, 0x0948, 0x0927, 0x0927, 0x0948, 0x0927, 0x0927, 0x09A8, 0x124B, 0x0988, 0x00E6,
  0x00C5, 0x0064, 0x0043, 0x0064, 0x0063, 0x0084, 0x0084, 0x0063, 0x1083, 0x20C3, 0x1083, 0x1084,
  0x2108, 0x08A6, 0x1908, 0x316B, 0x190A, 0x190A, 0x418E, 0x61B1, 0x79B2, 0x7191, 0x3889, 0x40EA,
  0x1887, 0x0065, 0x00A6, 0x10E8, 0x08E9, 0x0909, 0x1129, 0x00A6, 0x0065, 0x0064, 0x10E8, 0x320E,
  0x31F0, 0x42B5, 0x3A92, 0x1148, 0x08E4, 0x0082, 0x0082, 0x00A2, 0x0082, 0x0082, 0x0082, 0x00A2,
  0x0082, 0x0082, 0x0082, 0x0082, 0x0082, 0x0082, 0x0082, 0x0082, 0x0082, 0x0082, 0x0082, 0x0082,
  0x0082, 0x0082, 0x0082, 0x0082, 0x0082, 0x0082, 0x0082, 0x0082, 0x0082, 0x0082, 0x0062, 0x0082,
  0x0082, 0x0082, 0x0082, 0x0041, 0x1227, 0x12EA, 0x1269, 0x19C7, 0x1986, 0x1987, 0x1987, 0x1125,
  0x1166, 0x1166, 0x00C3, 0x1146, 0x1125, 0x1125, 0x2145, 0x1925, 0x1125, 0x1146, 0x1946, 0x1125,
  0x08A3, 0x08C3, 0x10E4, 0x1925, 0x1904, 0x1965, 0x9575, 0xA617, 0x5B8E, 0x1925, 0x0041, 0x0041,
  0x0000, 0x0000, 0x0861, 0x10C3, 0x10E4, 0x08E4, 0x1104, 0x10E3, 0x0020, 0x0041, 0x0041, 0x0041,
  0x0041, 0x0041, 0x0041, 0x0041, 0x0041, 0x0041, 0x0041, 0x0041, 0x0041, 0x0041, 0x0061, 0x0061,
  0x0061, 0x0061, 0x0061, 0x0061, 0x0061, 0x0061, 0x0061, 0x0061, 0x0061, 0x0061, 0x0061, 0x0062,
  0x0082, 0x0082, 0x0082, 0x0082, 0x0082, 0x0082, 0x0082, 0x0082, 0x0082, 0x0082, 0x10E6, 0x318B,
  0x2169, 0x0906, 0x20E5, 0x20C4, 0x1084, 0x0063, 0x0063, 0x0063, 0x0063, 0x0042, 0x0022, 0x0042,
  0x0042, 0x0084, 0x08C6, 0x00A5, 0x00C6, 0x00E6, 0x0085, 0x08E6, 0x1189, 0x00A5, 0x00C5, 0x00C5,
  0x00C5, 0x00C5, 0x08E6, 0x00E6, 0x0968, 0x224D, 0x1A0C, 0x22AF, 0x1A2D, 0x0969, 0x0907, 0x11A9,
  0x00C5, 0x08C6, 0x0906, 0x00A5, 0x00A5, 0x0084, 0x08C5, 0x00C5, 0x00A4, 0x00C5, 0x00C4, 0x00A4,
  0x00C5, 0x08C5, 0x08E5, 0x0084, 0x0084, 0x0084, 0x0084, 0x0084, 0x0084, 0x0084, 0x0063, 0x08E5,
  0x08E5, 0x08C5, 0x08E5, 0x0084, 0x00A4, 0x0084, 0x0084, 0x00A4, 0x08C5, 0x08C5, 0x08C5, 0x08E6,
  0x0927, 0x08C5, 0x00A5, 0x08C6, 0x0907, 0x0907, 0x00E6, 0x0926, 0x0967, 0x09C9, 0x0947, 0x00C5,
  0x08E6, 0x08C6, 0x0084, 0x0063, 0x0063, 0x0063, 0x0084, 0x0884, 0x20C4, 0x28E4, 0x18A3, 0x3927,
  0x3128, 0x0885, 0x2108, 0x41AD, 0x398D, 0x212B, 0x316C, 0x318E, 0x396F, 0x410D, 0x30CA, 0x28C9,
  0x28EA, 0x292B, 0x214B, 0x298D, 0x218E, 0x21AE, 0x114B, 0x112A, 0x198C, 0x0929, 0x00C8, 0x00A7,
  0x0908, 0x3A4D, 0x1967, 0x08C3, 0x0082, 0x0082, 0x0082, 0x0082, 0x00A2, 0x0082, 0x0082, 0x0082,
  0x00A2, 0x0082, 0x0082, 0x00A2, 0x00A2, 0x0082, 0x0082, 0x0082, 0x0082, 0x0082, 0x0082, 0x0082,
  0x0082, 0x0082, 0x0082, 0x0082, 0x0082, 0x0082, 0x0082, 0x0082, 0x0062, 0x0062, 0x0082, 0x0082,
  0x0082, 0x0082, 0x0082, 0x0041, 0x1227, 0x12CA, 0x12AA, 0x1A89, 0x19A7, 0x1986, 0x1987, 0x1986,
  0x1146, 0x0082, 0x0021, 0x0082, 0x1905, 0x4145, 0x7186, 0x7186, 0x5166, 0x3126, 0x1945, 0x1126,
  0x1946, 0x2187, 0x2187, 0x2166, 0x10C4, 0x1966, 0x430D, 0x08E4, 0x0000, 0x0000, 0x0000, 0x0000,
  0x0041, 0x08A2, 0x10E4, 0x10E4, 0x10E4, 0x08E4, 0x1104, 0x10E3, 0x0020, 0x0041, 0x0041, 0x0041,
  0x0041, 0x0041, 0x0041, 0x0041, 0x0041, 0x0041, 0x0041, 0x0041, 0x0041, 0x0041, 0x0061, 0x0061,
  0x0061, 0x0061, 0x0061, 0x0061, 0x0061, 0x0061, 0x0061, 0x0081, 0x0061, 0x0061, 0x0081, 0x0081,
  0x0081, 0x0082, 0x0082, 0x0082, 0x0082, 0x0082, 0x0082, 0x0082, 0x00A2, 0x00A2, 0x0082, 0x10C4,
  0x1126, 0x1126, 0x3967, 0x4906, 0x30C5, 0x0021, 0x0042, 0x0042, 0x0022, 0x0022, 0x0022, 0x0022,
  0x0022, 0x0022, 0x0022, 0x0022, 0x0023, 0x0022, 0x0022, 0x0043, 0x0043, 0x00A4, 0x1168, 0x08E6,
  0x08C5, 0x08C5, 0x0064, 0x220A, 0x1989, 0x0023, 0x19CA, 0x1169, 0x222B, 0x00E6, 0x0063, 0x0043,
  0x0043, 0x0084, 0x0927, 0x00A4, 0x0084, 0x08C4, 0x0906, 0x00A5, 0x00C5, 0x00A5, 0x08C5, 0x08E6,
  0x08C5, 0x08C5, 0x08C5, 0x0063, 0x0064, 0x0063, 0x0063, 0x0063, 0x0083, 0x0083, 0x0084, 0x0084,
  0x0084, 0x0084, 0x0084, 0x0084, 0x00A4, 0x0084, 0x00A4, 0x00A4, 0x00A4, 0x08E5, 0x08E6, 0x08E6,
  0x0906, 0x0906, 0x0927, 0x1148, 0x0927, 0x0907, 0x0927, 0x0946, 0x0126, 0x1209, 0x0947, 0x00E5,
  0x00A4, 0x10C6, 0x08C6, 0x0063, 0x0084, 0x08A5, 0x08E5, 0x1106, 0x18E5, 0x18E4, 0x2106, 0x20E7,
  0x30C7, 0x1065, 0x0063, 0x1085, 0x51AE, 0x494D, 0x312A, 0x52B1, 0x316E, 0x494F, 0x412E, 0x30EB,
  0x312C, 0x316D, 0x214C, 0x296E, 0x3190, 0x296E, 0x218E, 0x29F1, 0x2A11, 0x198D, 0x196C, 0x1129,
  0x08C4, 0x08C3, 0x00A2, 0x0082, 0x0082, 0x0082, 0x0082, 0x00A2, 0x00A2, 0x0882, 0x00A2, 0x00A2,
  0x00A2, 0x00A2, 0x0082, 0x00A2, 0x0082, 0x0082, 0x0082, 0x0082, 0x0082, 0x0082, 0x0082, 0x0082,
  0x0082, 0x0082, 0x0082, 0x0082, 0x0082, 0x0082, 0x0082, 0x0082, 0x0082, 0x0082, 0x0062, 0x0082,
  0x0082, 0x0082, 0x0082, 0x0061, 0x2AEA, 0x130B, 0x12AA, 0x12CA, 0x1269, 0x19C7, 0x1966, 0x1145,
  0x0925, 0x00C4, 0x0041, 0x0041, 0x38C3, 0x8165, 0x8924, 0x8924, 0x8965, 0x8186, 0x6145, 0x4925,
  0x1105, 0x1105, 0x08E4, 0x00A3, 0x0082, 0x0021, 0x0000, 0x0000, 0x0040, 0x0061, 0x0882, 0x08C3,
  0x10E4, 0x10E4, 0x10E4, 0x10C4, 0x10C4, 0x08E4, 0x08E4, 0x10E4, 0x0040, 0x0020, 0x0041, 0x0041,
  0x0041, 0x0041, 0x0041, 0x0041, 0x0041, 0x0041, 0x0041, 0x0041, 0x0041, 0x0061, 0x0061, 0x0061,
  0x0061, 0x0061, 0x0061, 0x0061, 0x0061, 0x0061, 0x0062, 0x0061, 0x0062, 0x0062, 0x0062, 0x0062,
  0x0082, 0x0082, 0x0082, 0x0082, 0x0082, 0x0082, 0x0882, 0x0082, 0x0082, 0x00A2, 0x08A2, 0x0082,
  0x00A2, 0x08E4, 0x08A4, 0x10A4, 0x28E6, 0x1083, 0x0022, 0x0043, 0x0042, 0x0022, 0x0022, 0x0022,
  0x0042, 0x0043, 0x0084, 0x0064, 0x0064, 0x0063, 0x0043, 0x00C6, 0x1147, 0x1188, 0x0907, 0x08E6,
  0x00C5, 0x08E6, 0x00A5, 0x0907, 0x08E6, 0x0084, 0x08E6, 0x08C6, 0x1189, 0x2A8D, 0x4370, 0x08E6,
  0x00A4, 0x08C5, 0x1127, 0x00A4, 0x0084, 0x00A4, 0x08E5, 0x00A4, 0x00A4, 0x00A4, 0x00A4, 0x08C5,
  0x00A4, 0x00C5, 0x00A4, 0x0063, 0x0063, 0x0063, 0x0063, 0x0063, 0x0084, 0x0083, 0x0063, 0x08C5,
  0x0084, 0x0084, 0x0084, 0x0084, 0x00C5, 0x0084, 0x0084, 0x00A4, 0x0084, 0x0063, 0x0063, 0x0084,
  0x0084, 0x0084, 0x08E6, 0x0907, 0x0927, 0x0927, 0x0947, 0x0987, 0x0987, 0x0947, 0x0084, 0x00C5,
  0x0084, 0x0884, 0x08C5, 0x08C5, 0x08C5, 0x08C5, 0x00C5, 0x0064, 0x2125, 0x4A47, 0x1906, 0x2107,
  0x7A0F, 0x514B, 0x0043, 0x1065, 0x69CF, 0x7190, 0x394C, 0x420F, 0x212B, 0x392D, 0x5971, 0x38EC,
  0x20A8, 0x210A, 0x1087, 0x29CE, 0x3AB3, 0x10CA, 0x290C, 0x3191, 0x29F2, 0x21EF, 0x1107, 0x00A3,
  0x00A2, 0x0082, 0x0082, 0x00A2, 0x0082, 0x0082, 0x0082, 0x0082, 0x0082, 0x0082, 0x0082, 0x0082,
  0x0082, 0x0082, 0x0082, 0x0082, 0x00A2, 0x0082, 0x0082, 0x0082, 0x0082, 0x0082, 0x0082, 0x0082,
  0x0082, 0x0082, 0x0082, 0x0082, 0x0082, 0x0082, 0x0082, 0x0082, 0x0082, 0x0062, 0x0082, 0x0082,
  0x0082, 0x0062, 0x0062, 0x00A2, 0x2AAA, 0x1AAA, 0x12A9, 0x12CA, 0x12CA, 0x1269, 0x19A7, 0x1986,
  0x1966, 0x0082, 0x0020, 0x0061, 0x2862, 0x5882, 0x78E3, 0x8923, 0x80E3, 0x8103, 0x9165, 0x9145,
  0x08C3, 0x0882, 0x0082, 0x0020, 0x0000, 0x0000, 0x0020, 0x0061, 0x08A2, 0x08C3, 0x10E4, 0x1104,
  0x10E4, 0x10E4, 0x10E4, 0x10E4, 0x10E4, 0x08E4, 0x08C3, 0x10C3, 0x0882, 0x0020, 0x0041, 0x0041,
  0x0041, 0x0041, 0x0041, 0x0041, 0x0041, 0x0041, 0x0041, 0x0061, 0x0061, 0x0061, 0x0061, 0x0061,
  0x0061, 0x0061, 0x0061, 0x0061, 0x0061, 0x0061, 0x0061, 0x0061, 0x0061, 0x0061, 0x0062, 0x0061,
  0x0081, 0x0082, 0x0082, 0x0082, 0x0082, 0x0082, 0x0082, 0x0082, 0x0082, 0x0082, 0x0082, 0x0082,
  0x00A2, 0x0082, 0x00A2, 0x00A3, 0x08C5, 0x18E6, 0x18A5, 0x0863, 0x0022, 0x0022, 0x0022, 0x0022,
  0x0043, 0x0043, 0x0023, 0x0023, 0x0043, 0x00A4, 0x0906, 0x19EA, 0x11EA, 0x0948, 0x0927, 0x0906,
  0x08C5, 0x08E5, 0x00C5, 0x00C6, 0x0906, 0x00E6, 0x0084, 0x0906, 0x00C6, 0x00E6, 0x0968, 0x0927,
  0x08E6, 0x1188, 0x0906, 0x0084, 0x00A4, 0x0083, 0x0063, 0x0084, 0x00A4, 0x08E5, 0x00C5, 0x00A5,
  0x00A4, 0x08C5, 0x08E6, 0x00A5, 0x0084, 0x0063, 0x0084, 0x0084, 0x00A4, 0x0084, 0x0084, 0x08C5,
  0x00A4, 0x0084, 0x0083, 0x0084, 0x00A4, 0x0063, 0x0063, 0x0083, 0x0084, 0x0084, 0x0084, 0x00A5,
  0x00A5, 0x00A5, 0x0084, 0x08E6, 0x0948, 0x0907, 0x0967, 0x11C8, 0x0988, 0x0967, 0x0947, 0x00C5,
  0x08A5, 0x10C6, 0x0084, 0x0063, 0x0063, 0x0063, 0x00A4, 0x10C5, 0x10A3, 0x18C3, 0x10A4, 0x10E6,
  0x18C6, 0x0864, 0x20C7, 0x38E8, 0x8211, 0x79D1, 0x1867, 0x210B, 0x212B, 0x1889, 0x6992, 0x614F,
  0x0845, 0x314B, 0x1066, 0x2A2E, 0x4BD7, 0x0067, 0x48EE, 0x5951, 0x10E9, 0x00A4, 0x00A2, 0x00A2,
  0x00A2, 0x00A2, 0x0082, 0x0082, 0x0082, 0x0082, 0x0082, 0x0082, 0x00A2, 0x0082, 0x00A2, 0x00A2,
  0x0082, 0x00A2, 0x0082, 0x0082, 0x0082, 0x0082, 0x0082, 0x0082, 0x0082, 0x0082, 0x0082, 0x0082,
  0x0082, 0x0082, 0x0082, 0x0082, 0x0082, 0x0082, 0x0082, 0x0082, 0x0082, 0x0082, 0x0082, 0x0082,
  0x0082, 0x0082, 0x0062, 0x0062, 0x1125, 0x21E8, 0x11C7, 0x0A27, 0x12A9, 0x12A9, 0x1248, 0x11A7,
  0x1966, 0x1104, 0x0021, 0x0020, 0x1862, 0x3041, 0x4861, 0x7103, 0x8965, 0x78E3, 0x70C3, 0x8145,
  0x0062, 0x0020, 0x0000, 0x0000, 0x0000, 0x0000, 0x0040, 0x0082, 0x0041, 0x0020, 0x0882, 0x10E4,
  0x10E4, 0x10E4, 0x10C4, 0x10E4, 0x10C3, 0x08C3, 0x08C3, 0x08C3, 0x10C3, 0x0861, 0x0020, 0x0020,
  0x0020, 0x0021, 0x0021, 0x0041, 0x0041, 0x0041, 0x0041, 0x0041, 0x0041, 0x0041, 0x0061, 0x0061,
  0x0061, 0x0061, 0x0061, 0x0061, 0x0061, 0x0061, 0x0082, 0x0062, 0x0062, 0x0082, 0x0081, 0x0082,
  0x0082, 0x0081, 0x0082, 0x0082, 0x0082, 0x0082, 0x0082, 0x0082, 0x0082, 0x0082, 0x0082, 0x0082,
  0x0082, 0x0082, 0x00A2, 0x00A2, 0x00A2, 0x08A4, 0x18C5, 0x18A5, 0x0884, 0x0042, 0x0022, 0x0021,
  0x0022, 0x0022, 0x0084, 0x00C5, 0x0084, 0x1147, 0x19CA, 0x0907, 0x220B, 0x0907, 0x0906, 0x00C5,
  0x08E6, 0x08E6, 0x00C5, 0x0906, 0x0906, 0x0906, 0x0907, 0x0927, 0x0927, 0x00A5, 0x00A5, 0x00C5,
  0x00A5, 0x1188, 0x08E5, 0x0043, 0x0063, 0x0043, 0x08E5, 0x08E5, 0x0042, 0x0063, 0x0084, 0x0084,
  0x0063, 0x0064, 0x08E5, 0x00A4, 0x08C5, 0x0084, 0x00A4, 0x00A4, 0x0905, 0x00C5, 0x00A4, 0x00C5,
  0x08E5, 0x00C5, 0x00A4, 0x00C4, 0x00A4, 0x0063, 0x0084, 0x0084, 0x00A4, 0x0064, 0x0084, 0x00A4,
  0x0084, 0x0926, 0x0906, 0x00A5, 0x00A4, 0x00A5, 0x08E6, 0x08E6, 0x00A5, 0x1188, 0x11A9, 0x00A4,
  0x08C5, 0x08C5, 0x00A5, 0x0084, 0x0063, 0x0064, 0x0084, 0x08A5, 0x20C4, 0x3945, 0x3986, 0x2947,
  0x10E7, 0x0084, 0x0884, 0x1045, 0xA2F5, 0x9233, 0x28A9, 0x49D0, 0x41B0, 0x416F, 0x7193, 0x6150,
  0x0024, 0x10C7, 0x1087, 0x3AB1, 0x649A, 0x0087, 0x18C8, 0x10A5, 0x0082, 0x00A2, 0x08A2, 0x00A2,
  0x00A2, 0x0082, 0x0082, 0x00A2, 0x00A2, 0x0082, 0x00A2, 0x00A2, 0x00A2, 0x00A2, 0x00A2, 0x00A2,
  0x00A2, 0x0082, 0x0082, 0x0082, 0x0082, 0x0082, 0x0082, 0x0082, 0x0082, 0x0082, 0x0082, 0x0082,
  0x0082, 0x0082, 0x0082, 0x0082, 0x0082, 0x0062, 0x0062, 0x0062, 0x0061, 0x0062, 0x0061, 0x0061,
  0x0061, 0x0061, 0x0082, 0x0000, 0x0000, 0x08A3, 0x21A7, 0x3AEB, 0x1A89, 0x0A48, 0x1289, 0x1268,
  0x11A7, 0x1987, 0x1945, 0x0882, 0x0000, 0x1020, 0x2820, 0x4041, 0x58C3, 0x7965, 0x7924, 0x60A2,
  0x0000, 0x0000, 0x0000, 0x0000, 0x0000, 0x0000, 0x0000, 0x0021, 0x0061, 0x08A3, 0x10E4, 0x10E4,
  0x10E4, 0x10E4, 0x10C4, 0x08C3, 0x10E4, 0x1925, 0x1904, 0x10C3, 0x10C4, 0x10C3, 0x0881, 0x0041,
  0x0041, 0x0041, 0x0041, 0x0041, 0x0040, 0x0040, 0x0040, 0x0020, 0x0040, 0x0041, 0x0040, 0x0040,
  0x0041, 0x0041, 0x0041, 0x0041, 0x0041, 0x0041, 0x0041, 0x0041, 0x0041, 0x0061, 0x0061, 0x0061,
  0x0061, 0x0061, 0x0061, 0x0061, 0x0061, 0x0061, 0x0061, 0x0082, 0x0082, 0x0082, 0x0082, 0x0082,
  0x0082, 0x0082, 0x0082, 0x0082, 0x00A2, 0x00A2, 0x00A3, 0x08A4, 0x08C5, 0x08C5, 0x08C5, 0x0043,
  0x0884, 0x0063, 0x19A9, 0x19EA, 0x1168, 0x0927, 0x00C5, 0x00A4, 0x08C5, 0x0906, 0x0906, 0x08E6,
  0x1127, 0x0927, 0x08E6, 0x08E6, 0x0907, 0x0948, 0x00E7, 0x08E6, 0x00C5, 0x08E6, 0x08E6, 0x0907,
  0x00A5, 0x1188, 0x0906, 0x0063, 0x0084, 0x00A4, 0x0906, 0x0906, 0x0083, 0x0083, 0x0063, 0x0063,
  0x0084, 0x0084, 0x0063, 0x0042, 0x0063, 0x0043, 0x0043, 0x0063, 0x0084, 0x0083, 0x0084, 0x00A4,
  0x0063, 0x00A4, 0x00C4, 0x0084, 0x00A4, 0x0063, 0x0063, 0x0064, 0x0084, 0x0063, 0x0084, 0x00A4,
  0x0084, 0x0063, 0x00A5, 0x08C5, 0x00C5, 0x08E6, 0x08C6, 0x08A5, 0x08C6, 0x1107, 0x0084, 0x0063,
  0x0084, 0x0084, 0x08C5, 0x08E6, 0x00A5, 0x0063, 0x0063, 0x08A5, 0x18E6, 0x18C4, 0x20E4, 0x2106,
  0x1908, 0x0085, 0x0084, 0x1085, 0x79D0, 0x8191, 0x592F, 0x494F, 0x416E, 0x51D2, 0x6993, 0x6951,
  0x0845, 0x0084, 0x0065, 0x218C, 0x324F, 0x0083, 0x00A2, 0x00A2, 0x00A2, 0x00A2, 0x00A2, 0x00A2,
  0x00A2, 0x0082, 0x0082, 0x0082, 0x00A2, 0x00A2, 0x0082, 0x0082, 0x0082, 0x0082, 0x0082, 0x0082,
  0x0082, 0x0082, 0x0082, 0x0082, 0x0082, 0x0082, 0x0082, 0x0062, 0x0061, 0x0061, 0x0061, 0x0061,
  0x0061, 0x0061, 0x0081, 0x0081, 0x0061, 0x0081, 0x0081, 0x0081, 0x00A1, 0x00C2, 0x00C2, 0x00C2,
  0x0943, 0x11E6, 0x00E3, 0x0041, 0x0000, 0x0041, 0x29E8, 0x4B2E, 0x436E, 0x22AA, 0x1248, 0x12A9,
  0x1A69, 0x19A7, 0x1966, 0x1125, 0x0021, 0x0000, 0x0800, 0x2020, 0x3041, 0x4082, 0x6924, 0x7985,
  0x0000, 0x0000, 0x0000, 0x0000, 0x0000, 0x0020, 0x08A2, 0x10E4, 0x10E4, 0x10E4, 0x10E4, 0x10E4,
  0x10E4, 0x10E4, 0x10C3, 0x1925, 0x1925, 0x1925, 0x10C3, 0x0862, 0x10C3, 0x08C3, 0x10C3, 0x08E3,
  0x0944, 0x0965, 0x0944, 0x0923, 0x0924, 0x1165, 0x00E3, 0x00C3, 0x00C2, 0x00C2, 0x00A2, 0x00A2,
  0x00A2, 0x0041, 0x0040, 0x0020, 0x0000, 0x0000, 0x0000, 0x0000, 0x0000, 0x0020, 0x0000, 0x0020,
  0x0020, 0x0020, 0x0020, 0x0020, 0x0020, 0x0020, 0x0020, 0x0021, 0x0041, 0x0041, 0x0041, 0x0041,
  0x0041, 0x0041, 0x0061, 0x0041, 0x0061, 0x0062, 0x0061, 0x0062, 0x0062, 0x00A3, 0x0084, 0x0063,
  0x0084, 0x0043, 0x0043, 0x0043, 0x0043, 0x0063, 0x00A4, 0x00A4, 0x0084, 0x08E6, 0x08E6, 0x08C5,
  0x08E6, 0x00A5, 0x00C5, 0x00A5, 0x1A2C, 0x6518, 0x11CB, 0x32AE, 0x1148, 0x0927, 0x0907, 0x0907,
  0x00C5, 0x08E5, 0x00A4, 0x00A4, 0x00A4, 0x00C5, 0x00A5, 0x00C5, 0x00C5, 0x00C5, 0x00C4, 0x00A4,
  0x00A5, 0x08C5, 0x0084, 0x0063, 0x0063, 0x0063, 0x0063, 0x0084, 0x00C4, 0x00A4, 0x08C5, 0x00A4,
  0x0063, 0x00A4, 0x08C5, 0x0083, 0x0084, 0x0084, 0x0084, 0x0084, 0x0084, 0x0063, 0x0084, 0x08E5,
  0x0084, 0x0084, 0x00A4, 0x0906, 0x0906, 0x00A5, 0x0084, 0x0084, 0x0085, 0x08E6, 0x00A5, 0x0084,
  0x00A4, 0x00A4, 0x0906, 0x08E6, 0x0084, 0x0064, 0x0063, 0x00A5, 0x0084, 0x0884, 0x10E6, 0x18E7,
  0x214A, 0x0085, 0x08A5, 0x1086, 0x614E, 0x8172, 0x7171, 0x594F, 0x394F, 0x3970, 0x5972, 0x71B4,
  0x1087, 0x0084, 0x00A4, 0x00A4, 0x0062, 0x0082, 0x0082, 0x0082, 0x0082, 0x0062, 0x0062, 0x0062,
  0x0062, 0x0062, 0x0062, 0x0062, 0x0062, 0x0061, 0x0061, 0x0061, 0x0061, 0x0062, 0x0062, 0x0061,
  0x0041, 0x0041, 0x0041, 0x0061, 0x0061, 0x0041, 0x0061, 0x0082, 0x00C2, 0x0103, 0x0124, 0x11A6,
  0x0985, 0x0985, 0x09A6, 0x09C6, 0x09E6, 0x11E7, 0x22A9, 0x1248, 0x1248, 0x1268, 0x1268, 0x1268,
  0x1AEA, 0x338D, 0x0124, 0x0020, 0x0020, 0x08A3, 0x1166, 0x19A8, 0x2A6B, 0x4BB0, 0x3B4D, 0x1289,
  0x12A9, 0x1A69, 0x1986, 0x1966, 0x1945, 0x08A3, 0x0000, 0x0000, 0x1020, 0x2000, 0x2820, 0x48A2,
  0x0000, 0x0000, 0x0000, 0x0041, 0x0882, 0x10E3, 0x10E4, 0x1104, 0x08E4, 0x10E4, 0x10E4, 0x10E4,
  0x10C3, 0x10A3, 0x1925, 0x2166, 0x1104, 0x08A3, 0x0000, 0x0041, 0x10C3, 0x08A3, 0x08A3, 0x0924,
  0x0144, 0x0144, 0x0144, 0x0124, 0x19C7, 0x0965, 0x0124, 0x0924, 0x0904, 0x0904, 0x00E3, 0x1124,
  0x00C3, 0x0061, 0x0041, 0x0020, 0x0000, 0x0000, 0x0000, 0x0000, 0x0000, 0x0000, 0x0000, 0x0000,
  0x0000, 0x0000, 0x0000, 0x0000, 0x0000, 0x0000, 0x0000, 0x0000, 0x0000, 0x0020, 0x0000, 0x0000,
  0x0000, 0x0000, 0x0000, 0x0000, 0x0000, 0x0000, 0x0000, 0x0020, 0x0020, 0x0000, 0x0000, 0x0021,
  0x0042, 0x0043, 0x0084, 0x0064, 0x0084, 0x0084, 0x08C5, 0x00A4, 0x00A4, 0x08E6, 0x08C6, 0x08E6,
  0x08E6, 0x00A5, 0x08C5, 0x08E5, 0x00E6, 0x0969, 0x0948, 0x0927, 0x00C5, 0x00A5, 0x00A5, 0x0084,
  0x00A5, 0x08C5, 0x00A4, 0x00A4, 0x00A4, 0x00A4, 0x00A4, 0x00A4, 0x00A4, 0x00A4, 0x00A4, 0x00C4,
  0x00A5, 0x08A5, 0x0083, 0x0063, 0x0063, 0x0063, 0x0063, 0x0063, 0x08E5, 0x00A4, 0x00A4, 0x00A4,
  0x0084, 0x08C5, 0x00C5, 0x0084, 0x0084, 0x0084, 0x0084, 0x00A4, 0x0084, 0x0063, 0x0084, 0x08E6,
  0x00A4, 0x00A4, 0x00A4, 0x0084, 0x0084, 0x0084, 0x00A4, 0x00A5, 0x0085, 0x0906, 0x0906, 0x0084,
  0x0063, 0x0084, 0x0906, 0x08E6, 0x08E6, 0x08C5, 0x08C5, 0x0906, 0x00A5, 0x00A5, 0x10E7, 0x1908,
  0x1929, 0x1909, 0x10A7, 0x1086, 0x696F, 0x7992, 0x5130, 0x4950, 0x3991, 0x3971, 0x5971, 0x492E,
  0x1064, 0x0021, 0x0041, 0x0021, 0x0021, 0x0021, 0x0021, 0x0020, 0x0021, 0x0020, 0x0000, 0x0020,
  0x0000, 0x0000, 0x0062, 0x0062, 0x0021, 0x0021, 0x0021, 0x0021, 0x0021, 0x0042, 0x0041, 0x0041,
  0x0021, 0x0041, 0x0041, 0x0041, 0x0061, 0x0041, 0x0041, 0x00A2, 0x0104, 0x0186, 0x09C7, 0x1A49,
  0x1AAB, 0x0A29, 0x1269, 0x1289, 0x128A, 0x128A, 0x1ACB, 0x2B2D, 0x128A, 0x128A, 0x12AA, 0x1AAA,
  0x128A, 0x1AEB, 0x332C, 0x0903, 0x0000, 0x0041, 0x0104, 0x0966, 0x2209, 0x2A6B, 0x434F, 0x4BB0,
  0x22EB, 0x12C9, 0x1A69, 0x1166, 0x1946, 0x1946, 0x10C3, 0x0020, 0x0000, 0x1000, 0x1800, 0x2020,
  0x0000, 0x0061, 0x08A2, 0x10E4, 0x10E4, 0x10E4, 0x10E4, 0x1104, 0x10E4, 0x10E4, 0x10E4, 0x1082,
  0x18A2, 0x41A7, 0x31A7, 0x10E4, 0x08A3, 0x0041, 0x0020, 0x08C3, 0x08A3, 0x0883, 0x0904, 0x0944,
  0x0144, 0x0124, 0x0124, 0x11A6, 0x0965, 0x00E3, 0x0924, 0x0904, 0x0103, 0x00C3, 0x08E3, 0x00C3,
  0x0041, 0x0040, 0x0020, 0x0000, 0x0000, 0x0000, 0x0000, 0x0000, 0x0000, 0x0000, 0x0000, 0x0000,
  0x0000, 0x0020, 0x0000, 0x0000, 0x0000, 0x0000, 0x0000, 0x0000, 0x0820, 0x0820, 0x0000, 0x0000,
  0x0000, 0x0000, 0x0000, 0x0000, 0x0000, 0x0000, 0x0000, 0x0000, 0x0000, 0x0000, 0x0000, 0x0000,
  0x0000, 0x0021, 0x0062, 0x0063, 0x0084, 0x0084, 0x00A4, 0x0084, 0x00A4, 0x08E6, 0x08C5, 0x08E6,
  0x08C5, 0x00A4, 0x08C5, 0x08C5, 0x00A4, 0x00A4, 0x08E6, 0x00C5, 0x00A4, 0x08C5, 0x08C5, 0x0084,
  0x08C5, 0x00A4, 0x00A4, 0x00A4, 0x00A4, 0x00A4, 0x0084, 0x0084, 0x00A4, 0x00A4, 0x00A4, 0x00A4,
  0x00C4, 0x08C5, 0x0083, 0x0063, 0x0063, 0x0063, 0x0063, 0x0063, 0x0063, 0x0063, 0x00A4, 0x0084,
  0x0084, 0x00A4, 0x00A4, 0x0084, 0x0084, 0x0064, 0x0064, 0x0084, 0x0063, 0x0063, 0x0084, 0x08C5,
  0x0063, 0x0064, 0x0084, 0x0084, 0x00A5, 0x00C5, 0x00C5, 0x00A4, 0x00A5, 0x00A5, 0x00C5, 0x00A4,
  0x0084, 0x00A5, 0x08E5, 0x00A4, 0x0084, 0x0043, 0x0064, 0x0906, 0x00A5, 0x00A5, 0x10C6, 0x10A6,
  0x18C7, 0x10E8, 0x214A, 0x292B, 0x412C, 0x512F, 0x4971, 0x49D3, 0x4A13, 0x314D, 0x1886, 0x0000,
  0x0000, 0x0000, 0x0000, 0x0000, 0x0000, 0x0000, 0x0000, 0x0000, 0x0000, 0x0000, 0x0000, 0x0000,
  0x0000, 0x0000, 0x0021, 0x08A3, 0x0041, 0x0021, 0x0021, 0x0041, 0x0041, 0x0041, 0x0062, 0x0041,
  0x0041, 0x0041, 0x0041, 0x0041, 0x0041, 0x0041, 0x0041, 0x0062, 0x00A3, 0x0124, 0x0186, 0x01A7,
  0x1249, 0x1249, 0x0A08, 0x0A28, 0x0A28, 0x1249, 0x0A49, 0x22CB, 0x22EC, 0x0A69, 0x1289, 0x1269,
  0x1269, 0x1249, 0x22EB, 0x2B0B, 0x0923, 0x0020, 0x0020, 0x0124, 0x0166, 0x11A7, 0x2209, 0x3ACD,
  0x53B0, 0x2269, 0x1268, 0x1228, 0x1166, 0x1925, 0x1946, 0x1104, 0x0861, 0x0000, 0x0000, 0x0800,
  0x08C3, 0x10E4, 0x10E4, 0x10E4, 0x10E4, 0x10E4, 0x10E4, 0x10E4, 0x1104, 0x10E4, 0x0841, 0x1000,
  0x1041, 0x10A3, 0x10E4, 0x08C3, 0x0020, 0x0020, 0x08C3, 0x08C3, 0x08A3, 0x08E3, 0x0944, 0x0144,
  0x0144, 0x0124, 0x1165, 0x1186, 0x0924, 0x0924, 0x0924, 0x0103, 0x00E3, 0x00E3, 0x08E3, 0x0061,
  0x0020, 0x0000, 0x0000, 0x0000, 0x0000, 0x0020, 0x0000, 0x0000, 0x0000, 0x0000, 0x0000, 0x0000,
  0x0020, 0x0000, 0x0000, 0x0000, 0x0000, 0x0000, 0x0000, 0x0000, 0x1040, 0x0000, 0x0000, 0x0000,
  0x0000, 0x0000, 0x0000, 0x0000, 0x0000, 0x0000, 0x0000, 0x0000, 0x0000, 0x0000, 0x0000, 0x0000,
  0x0000, 0x0000, 0x0000, 0x0021, 0x0042, 0x0083, 0x00A4, 0x0084, 0x00A4, 0x08E5, 0x00A4, 0x08E5,
  0x08C5, 0x08A4, 0x08C5, 0x08C5, 0x08E5, 0x08C5, 0x08E6, 0x08C5, 0x08C5, 0x08C5, 0x08C5, 0x00A4,
  0x08A5, 0x00A4, 0x0084, 0x0063, 0x0084, 0x0084, 0x0063, 0x0063, 0x0063, 0x0064, 0x0084, 0x0084,
  0x00A4, 0x08A5, 0x0083, 0x0063, 0x0063, 0x0063, 0x0063, 0x0063, 0x0063, 0x0064, 0x00A4, 0x0063,
  0x0084, 0x08C5, 0x00A4, 0x00C5, 0x0084, 0x0063, 0x0063, 0x0064, 0x0063, 0x0064, 0x0084, 0x00A4,
  0x0063, 0x08A5, 0x0063, 0x0084, 0x08C5, 0x1127, 0x0084, 0x0084, 0x00A4, 0x0064, 0x0084, 0x0084,
  0x0064, 0x0084, 0x00A4, 0x00A4, 0x0064, 0x0043, 0x0064, 0x08C6, 0x0063, 0x0043, 0x0043, 0x0844,
  0x18A6, 0x0885, 0x1909, 0x10C8, 0x28C9, 0x412D, 0x392D, 0x290B, 0x1064, 0x0000, 0x0000, 0x0000,
  0x0000, 0x0000, 0x0000, 0x0000, 0x0000, 0x0000, 0x0000, 0x0000, 0x0000, 0x0000, 0x0000, 0x0000,
  0x0000, 0x0000, 0x0000, 0x00A3, 0x0083, 0x0000, 0x0021, 0x0021, 0x0021, 0x0020, 0x0041, 0x0042,
  0x0021, 0x0021, 0x0041, 0x0041, 0x0041, 0x0041, 0x0061, 0x0041, 0x0062, 0x00C3, 0x0124, 0x0186,
  0x01A6, 0x1A49, 0x0A08, 0x0A07, 0x0A28, 0x1248, 0x1249, 0x1249, 0x230C, 0x1ACB, 0x1269, 0x1289,
  0x1269, 0x1269, 0x1249, 0x22EC, 0x2B0B, 0x1227, 0x0903, 0x0041, 0x0924, 0x0145, 0x1187, 0x21E9,
  0x0926, 0x0905, 0x2A29, 0x22CA, 0x1A69, 0x1986, 0x1946, 0x1946, 0x1945, 0x10E3, 0x0882, 0x0020,
  0x08E4, 0x10E4, 0x10E4, 0x10E4, 0x10E4, 0x10E4, 0x10E4, 0x10E4, 0x1104, 0x10A2, 0x1840, 0x1841,
  0x10A3, 0x0062, 0x0041, 0x0061, 0x0041, 0x0061, 0x0882, 0x0882, 0x08C3, 0x0944, 0x0144, 0x0124,
  0x0103, 0x0945, 0x19A7, 0x0104, 0x0904, 0x0103, 0x00E3, 0x00C3, 0x00C2, 0x0903, 0x0082, 0x0040,
  0x0020, 0x0000, 0x0000, 0x0000, 0x0000, 0x0000, 0x0000, 0x0000, 0x0000, 0x0000, 0x0000, 0x0000,
  0x0000, 0x0000, 0x0000, 0x0000, 0x0000, 0x0000, 0x0000, 0x0820, 0x0820, 0x0000, 0x0000, 0x0000,
  0x0000, 0x0000, 0x0000, 0x0000, 0x0000, 0x0000, 0x0000, 0x0000, 0x0000, 0x0000, 0x0000, 0x0000,
  0x0000, 0x0000, 0x0000, 0x0000, 0x0000, 0x0000, 0x0041, 0x0063, 0x08A4, 0x08E6, 0x08C5, 0x08E5,
  0x00A4, 0x08A4, 0x08C4, 0x00A4, 0x08C5, 0x08A5, 0x08C5, 0x08C5, 0x00A4, 0x00A4, 0x00A4, 0x00A4,
  0x00A4, 0x00A4, 0x0084, 0x0043, 0x0063, 0x08E5, 0x08C4, 0x0084, 0x08C5, 0x0084, 0x0063, 0x0084,
  0x08A4, 0x08A5, 0x0084, 0x0063, 0x0063, 0x0063, 0x0063, 0x0063, 0x0084, 0x00A4, 0x00A4, 0x0063,
  0x0084, 0x08E5, 0x08E5, 0x0084, 0x0064, 0x0063, 0x0063, 0x0063, 0x0063, 0x0084, 0x00A4, 0x00A5,
  0x0064, 0x00A5, 0x0063, 0x0063, 0x0063, 0x0063, 0x0043, 0x0043, 0x0063, 0x0064, 0x0063, 0x0083,
  0x0063, 0x00A4, 0x00A5, 0x00A4, 0x0043, 0x0043, 0x0084, 0x08C5, 0x0064, 0x0043, 0x18A5, 0x28E7,
  0x18E7, 0x1909, 0x18E8, 0x10C7, 0x28E8, 0x2086, 0x0001, 0x0000, 0x0000, 0x0000, 0x0000, 0x0000,
  0x0000, 0x0000, 0x0000, 0x0000, 0x0000, 0x0000, 0x0000, 0x0000, 0x0000, 0x0000, 0x0000, 0x0000,
  0x0000, 0x0000, 0x0000, 0x0041, 0x08C4, 0x0021, 0x0021, 0x0021, 0x0021, 0x0021, 0x0021, 0x0041,
  0x0041, 0x0021, 0x0021, 0x0041, 0x0041, 0x0041, 0x0041, 0x0041, 0x0021, 0x0082, 0x00E4, 0x0125,
  0x0165, 0x09C7, 0x1A49, 0x01C7, 0x0A08, 0x0A28, 0x0A28, 0x0A48, 0x0A49, 0x230C, 0x1269, 0x0A28,
  0x0A48, 0x0A28, 0x0A28, 0x0228, 0x232C, 0x230C, 0x0A48, 0x0964, 0x0040, 0x0082, 0x0924, 0x0945,
  0x00A2, 0x0062, 0x4B2E, 0x2ACB, 0x1228, 0x1A69, 0x1986, 0x1946, 0x1946, 0x1946, 0x1925, 0x1104,
  0x08E3, 0x10E4, 0x10C4, 0x10C4, 0x10E4, 0x10E4, 0x10E4, 0x10E4, 0x10E4, 0x20C2, 0x1881, 0x10C2,
  0x08A2, 0x0041, 0x0000, 0x0021, 0x0020, 0x0000, 0x0882, 0x08A3, 0x0124, 0x0144, 0x0124, 0x0124,
  0x0103, 0x19A7, 0x0925, 0x0904, 0x0904, 0x00E3, 0x08E3, 0x00C3, 0x08E3, 0x00C3, 0x0061, 0x0020,
  0x0000, 0x0000, 0x0000, 0x0000, 0x0000, 0x0000, 0x0000, 0x0000, 0x0000, 0x0000, 0x0000, 0x0000,
  0x0000, 0x0000, 0x0000, 0x0000, 0x0000, 0x0000, 0x0000, 0x1040, 0x0000, 0x0000, 0x0000, 0x0000,
  0x0000, 0x0000, 0x0000, 0x0000, 0x0000, 0x0000, 0x0000, 0x0000, 0x0000, 0x0000, 0x0000, 0x0000,
  0x0000, 0x0000, 0x0000, 0x0000, 0x0000, 0x0000, 0x0000, 0x0000, 0x0021, 0x0062, 0x0884, 0x08E5,
  0x00A4, 0x08A5, 0x00A4, 0x00C4, 0x08A5, 0x00A4, 0x08E5, 0x08C5, 0x08A4, 0x08A5, 0x08C5, 0x00A4,
  0x00A4, 0x00A4, 0x00A4, 0x0063, 0x0084, 0x08E5, 0x08C4, 0x0083, 0x08E5, 0x00A4, 0x0084, 0x0084,
  0x00A4, 0x08C5, 0x0063, 0x0043, 0x0063, 0x0063, 0x0043, 0x0063, 0x0063, 0x0083, 0x0084, 0x0063,
  0x0084, 0x00C5, 0x00A4, 0x0084, 0x0063, 0x0063, 0x0063, 0x0063, 0x0063, 0x0063, 0x00A4, 0x0084,
  0x0063, 0x08A5, 0x08C6, 0x08E7, 0x08E6, 0x08E6, 0x00C5, 0x0906, 0x00C5, 0x0063, 0x0063, 0x0084,
  0x0063, 0x08C5, 0x00C5, 0x00A4, 0x0063, 0x0043, 0x0064, 0x00A4, 0x0064, 0x0063, 0x0884, 0x1085,
  0x0885, 0x10E6, 0x1084, 0x0042, 0x0000, 0x0000, 0x0000, 0x0020, 0x0000, 0x0000, 0x0000, 0x0000,
  0x0000, 0x0000, 0x0000, 0x0000, 0x0000, 0x0000, 0x0000, 0x0000, 0x0000, 0x0000, 0x0000, 0x0000,
  0x0000, 0x0000, 0x0000, 0x0000, 0x0083, 0x0082, 0x0000, 0x0021, 0x0021, 0x0041, 0x0021, 0x0041,
  0x0062, 0x0041, 0x0021, 0x0041, 0x0041, 0x0041, 0x0041, 0x0061, 0x0041, 0x0041, 0x0083, 0x0104,
  0x0145, 0x0186, 0x1229, 0x1A49, 0x0A08, 0x1249, 0x1289, 0x1A89, 0x1289, 0x1AAA, 0x2B2D, 0x1269,
  0x1269, 0x1269, 0x128A, 0x128A, 0x128A, 0x338F, 0x1AEB, 0x12AA, 0x1227, 0x08C2, 0x0020, 0x08E3,
  0x0965, 0x0965, 0x0062, 0x08E5, 0x2ACB, 0x230A, 0x1248, 0x1966, 0x1946, 0x1946, 0x1946, 0x1925,
  0x10E4, 0x10E4, 0x10E4, 0x10E4, 0x10E4, 0x10E4, 0x10E4, 0x10E4, 0x08A2, 0x0841, 0x0061, 0x10E3,
  0x0041, 0x0000, 0x0000, 0x0000, 0x0000, 0x0882, 0x08A3, 0x0904, 0x0144, 0x0124, 0x0124, 0x0103,
  0x1186, 0x0945, 0x00E3, 0x00E3, 0x00E3, 0x00C3, 0x00C2, 0x00C3, 0x08C3, 0x0041, 0x0020, 0x0000,
  0x0000, 0x0000, 0x0000, 0x0000, 0x0000, 0x0000, 0x0000, 0x0000, 0x0000, 0x0000, 0x0000, 0x0000,
  0x0000, 0x0000, 0x0000, 0x0000, 0x0000, 0x0000, 0x0820, 0x0820, 0x0000, 0x0000, 0x0000, 0x0000,
  0x0000, 0x0000, 0x0000, 0x0000, 0x0000, 0x0000, 0x0000, 0x0000, 0x0000, 0x0000, 0x0000, 0x0000,
  0x0000, 0x0000, 0x0000, 0x0000, 0x0000, 0x0000, 0x0000, 0x0000, 0x0000, 0x0000, 0x0000, 0x0020,
  0x0042, 0x0883, 0x08A4, 0x08C5, 0x00A5, 0x00A4, 0x08C5, 0x08C5, 0x00A4, 0x08C4, 0x00A4, 0x08A4,
  0x08A5, 0x00A4, 0x00A4, 0x0063, 0x0084, 0x0084, 0x0043, 0x0063, 0x0084, 0x0084, 0x0063, 0x0083,
  0x0084, 0x08A4, 0x0063, 0x0042, 0x0063, 0x0063, 0x0043, 0x0043, 0x0043, 0x0042, 0x0043, 0x0043,
  0x0084, 0x00A4, 0x0043, 0x0043, 0x0043, 0x0063, 0x0064, 0x0063, 0x0063, 0x0063, 0x0084, 0x0063,
  0x0063, 0x08A6, 0x08C6, 0x08C6, 0x00E6, 0x0907, 0x00C6, 0x1149, 0x0907, 0x0043, 0x0043, 0x0084,
  0x0063, 0x00A4, 0x08A4, 0x0084, 0x0063, 0x0043, 0x0064, 0x08C6, 0x0084, 0x0063, 0x0043, 0x0021,
  0x0000, 0x0000, 0x0000, 0x0000, 0x0000, 0x0000, 0x0000, 0x0000, 0x0000, 0x0000, 0x0000, 0x0000,
  0x0000, 0x0000, 0x0000, 0x0000, 0x0000, 0x0000, 0x0000, 0x0000, 0x0000, 0x0000, 0x0000, 0x0000,
  0x0000, 0x0000, 0x0000, 0x0000, 0x0041, 0x08C4, 0x0021, 0x0021, 0x0021, 0x0021, 0x0021, 0x0021,
  0x0041, 0x0041, 0x0021, 0x0041, 0x0041, 0x0041, 0x0021, 0x0041, 0x0062, 0x0041, 0x0062, 0x00A3,
  0x0104, 0x0165, 0x0186, 0x1A8A, 0x1228, 0x0A08, 0x0A49, 0x0A48, 0x0A49, 0x0A28, 0x1AAB, 0x22CC,
  0x0A28, 0x0A49, 0x0A49, 0x0A69, 0x0A49, 0x0A8A, 0x33AF, 0x0A8A, 0x0A48, 0x0A48, 0x0103, 0x0000,
  0x0061, 0x0103, 0x0103, 0x0924, 0x19E9, 0x2AEC, 0x232B, 0x1A48, 0x1966, 0x1946, 0x1946, 0x1945,
  0x10E4, 0x10E4, 0x10E4, 0x10E4, 0x10E4, 0x10E4, 0x10E4, 0x0862, 0x0020, 0x0882, 0x0062, 0x0041,
  0x0000, 0x0000, 0x0000, 0x0020, 0x08A3, 0x08C3, 0x0904, 0x0124, 0x0124, 0x0124, 0x0103, 0x1186,
  0x1986, 0x00E3, 0x0904, 0x00E3, 0x00E3, 0x00C3, 0x00C2, 0x08E3, 0x0061, 0x0040, 0x0000, 0x0000,
  0x0000, 0x0000, 0x0000, 0x0000, 0x0000, 0x0000, 0x0000, 0x0000, 0x0000, 0x0000, 0x0000, 0x0000,
  0x0000, 0x0000, 0x0000, 0x0000, 0x0000, 0x0000, 0x1040, 0x0000, 0x0000, 0x0000, 0x0000, 0x0000,
  0x0000, 0x0000, 0x0000, 0x0000, 0x0000, 0x0000, 0x0000, 0x0000, 0x0000, 0x0000, 0x0000, 0x0000,
  0x0000, 0x0000, 0x0000, 0x0000, 0x0000, 0x0000, 0x0000, 0x0000, 0x0000, 0x0000, 0x0000, 0x0000,
  0x0000, 0x0000, 0x0000, 0x0042, 0x0063, 0x0884, 0x08E5, 0x08C5, 0x08A5, 0x00A4, 0x00A4, 0x00A4,
  0x00A4, 0x00A4, 0x0083, 0x0042, 0x0063, 0x0063, 0x0042, 0x0042, 0x0042, 0x0042, 0x0063, 0x0083,
  0x0084, 0x0084, 0x0063, 0x0042, 0x0042, 0x0063, 0x0063, 0x0063, 0x00A4, 0x0905, 0x0926, 0x00A4,
  0x00A4, 0x00A4, 0x0084, 0x08E5, 0x0905, 0x0063, 0x0063, 0x0063, 0x0063, 0x0063, 0x0084, 0x0063,
  0x0064, 0x00A5, 0x0084, 0x0084, 0x0064, 0x0064, 0x0063, 0x0064, 0x0084, 0x0063, 0x0043, 0x0063,
  0x0063, 0x0084, 0x00A4, 0x0084, 0x0064, 0x0063, 0x0063, 0x0883, 0x0042, 0x0021, 0x0000, 0x0000,
  0x0000, 0x0000, 0x0000, 0x0000, 0x0000, 0x0000, 0x0000, 0x0000, 0x0000, 0x0000, 0x0000, 0x0000,
  0x0000, 0x0000, 0x0000, 0x0000, 0x0000, 0x0000, 0x0000, 0x0000, 0x0000, 0x0000, 0x0000, 0x0000,
  0x0000, 0x0000, 0x0000, 0x0000, 0x0000, 0x08A3, 0x0062, 0x0000, 0x0021, 0x0021, 0x0041, 0x0021,
  0x0041, 0x0062, 0x0041, 0x0041, 0x0041, 0x0041, 0x0041, 0x0021, 0x0061, 0x0061, 0x0041, 0x0061,
  0x00C3, 0x0124, 0x0165, 0x09C7, 0x1A8A, 0x0A07, 0x0A48, 0x0A48, 0x0A48, 0x1268, 0x0A28, 0x230C,
  0x1ACB, 0x1269, 0x1289, 0x12A9, 0x1ACA, 0x1289, 0x1AEB, 0x338E, 0x1289, 0x12AA, 0x1ACA, 0x1A48,
  0x0903, 0x00C2, 0x0103, 0x09C6, 0x09E6, 0x0986, 0x228A, 0x232B, 0x1A69, 0x1966, 0x1946, 0x1966,
  0x10C3, 0x10E4, 0x10E4, 0x10E4, 0x10E4, 0x10E4, 0x10C3, 0x0041, 0x10C3, 0x0862, 0x0061, 0x0000,
  0x0000, 0x0020, 0x0061, 0x08A3, 0x08A2, 0x08E3, 0x0144, 0x0124, 0x0124, 0x0103, 0x0925, 0x11A7,
  0x00E3, 0x00E3, 0x00E3, 0x00E3, 0x00C3, 0x00A2, 0x08E3, 0x0082, 0x0041, 0x0000, 0x0000, 0x0000,
  0x0000, 0x0000, 0x0020, 0x0000, 0x0000, 0x0000, 0x0000, 0x0000, 0x0000, 0x0020, 0x0000, 0x0000,
  0x0000, 0x0000, 0x0000, 0x0000, 0x0000, 0x0820, 0x0840, 0x0000, 0x0000, 0x0000, 0x0000, 0x0000,
  0x0000, 0x0000, 0x0000, 0x0000, 0x0000, 0x0000, 0x0000, 0x0000, 0x0000, 0x0000, 0x0000, 0x0000,
  0x0000, 0x0000, 0x0000, 0x0000, 0x0000, 0x0000, 0x0000, 0x0000, 0x0000, 0x0000, 0x0000, 0x0000,
  0x0000, 0x0000, 0x0000, 0x0000, 0x0000, 0x0000, 0x0041, 0x0042, 0x0083, 0x00A4, 0x00A4, 0x00A4,
  0x00A4, 0x00A4, 0x0063, 0x0022, 0x0022, 0x0022, 0x0022, 0x0022, 0x0022, 0x0042, 0x0063, 0x0063,
  0x0084, 0x0084, 0x0084, 0x0063, 0x0042, 0x0063, 0x0063, 0x0063, 0x00A4, 0x1166, 0x1187, 0x00C4,
  0x00A4, 0x0084, 0x0063, 0x08E5, 0x0905, 0x0043, 0x0063, 0x0043, 0x0063, 0x0063, 0x00A4, 0x0063,
  0x0084, 0x00A5, 0x00A5, 0x08C5, 0x00A5, 0x0084, 0x0064, 0x0084, 0x0084, 0x0064, 0x0063, 0x0084,
  0x0084, 0x00A4, 0x00A4, 0x0063, 0x0042, 0x0021, 0x0000, 0x0000, 0x0000, 0x0000, 0x0000, 0x0000,
  0x0000, 0x0000, 0x0000, 0x0000, 0x0000, 0x0000, 0x0000, 0x0000, 0x0000, 0x0000, 0x0000, 0x0000,
  0x0000, 0x0000, 0x0000, 0x0000, 0x0000, 0x0000, 0x0000, 0x0000, 0x0000, 0x0000, 0x0000, 0x0000,
  0x0000, 0x0000, 0x0000, 0x0000, 0x0000, 0x0041, 0x08A3, 0x0021, 0x0021, 0x0041, 0x0041, 0x0041,
  0x0021, 0x0041, 0x0062, 0x0021, 0x0041, 0x0041, 0x0041, 0x0041, 0x0041, 0x0062, 0x0041, 0x0041,
  0x0082, 0x00E4, 0x0145, 0x0165, 0x0A08, 0x1A8A, 0x0A07, 0x0A28, 0x0A28, 0x0A28, 0x0A28, 0x0A28,
  0x232C, 0x12AA, 0x1269, 0x1289, 0x0A89, 0x0A89, 0x0A48, 0x12EB, 0x2B6E, 0x0A49, 0x0A69, 0x0A89,
  0x230A, 0x0A26, 0x0102, 0x0060, 0x0123, 0x1248, 0x0A07, 0x1269, 0x1ACA, 0x1228, 0x1966, 0x1946,
  0x10C4, 0x10E4, 0x10E4, 0x10E4, 0x10E4, 0x10E4, 0x10C3, 0x1082, 0x0020, 0x0000, 0x0062, 0x0062,
  0x08A2, 0x08C3, 0x08C3, 0x08A3, 0x00C3, 0x0144, 0x0144, 0x0124, 0x0124, 0x0104, 0x19A7, 0x0904,
  0x00E3, 0x00E3, 0x00C3, 0x00C2, 0x00A2, 0x00A2, 0x00A2, 0x0041, 0x0020, 0x0000, 0x0000, 0x0000,
  0x0000, 0x0020, 0x0000, 0x0000, 0x0000, 0x0000, 0x0000, 0x0000, 0x0000, 0x0000, 0x0000, 0x0000,
  0x0000, 0x0000, 0x0000, 0x0000, 0x0000, 0x1020, 0x0000, 0x0000, 0x0000, 0x0000, 0x0000, 0x0000,
  0x0000, 0x0000, 0x0000, 0x0000, 0x0000, 0x0000, 0x0000, 0x0000, 0x0000, 0x0000, 0x0000, 0x0000,
  0x0000, 0x0000, 0x0000, 0x0000, 0x0000, 0x0000, 0x0000, 0x0000, 0x0000, 0x0000, 0x0000, 0x0000,
  0x0000, 0x0000, 0x0000, 0x0000, 0x0000, 0x0000, 0x0000, 0x0000, 0x0000, 0x0000, 0x0021, 0x0041,
  0x0042, 0x0083, 0x0083, 0x0083, 0x0083, 0x0042, 0x0063, 0x0083, 0x0063, 0x0083, 0x0083, 0x0083,
  0x00A4, 0x0084, 0x0084, 0x0043, 0x0043, 0x0063, 0x0063, 0x0063, 0x0084, 0x0084, 0x0063, 0x0084,
  0x00A4, 0x00A4, 0x00C5, 0x0084, 0x00E5, 0x08E5, 0x0063, 0x0063, 0x0063, 0x0083, 0x0084, 0x0063,
  0x0084, 0x00A5, 0x00A5, 0x00A5, 0x00C6, 0x00C5, 0x00A5, 0x00A5, 0x0084, 0x0063, 0x0063, 0x0042,
  0x0021, 0x0021, 0x0000, 0x0000, 0x0000, 0x0000, 0x0000, 0x0000, 0x0000, 0x0000, 0x0000, 0x0000,
  0x0000, 0x0000, 0x0000, 0x0000, 0x0000, 0x0000, 0x0000, 0x0000, 0x0000, 0x0000, 0x0000, 0x0000,
  0x0000, 0x0000, 0x0000, 0x0000, 0x0000, 0x0000, 0x0000, 0x0000, 0x0000, 0x0000, 0x0000, 0x0000,
  0x0000, 0x0000, 0x0000, 0x0000, 0x0000, 0x0000, 0x08A3, 0x0062, 0x0000, 0x0021, 0x0021, 0x0041,
  0x0021, 0x0021, 0x0061, 0x0041, 0x0021, 0x0021, 0x0021, 0x0041, 0x0021, 0x0041, 0x0061, 0x0041,
  0x0041, 0x00A2, 0x0103, 0x0124, 0x0145, 0x1249, 0x1228, 0x01E7, 0x0A07, 0x0A07, 0x0A28, 0x0207,
  0x0A48, 0x2B4D, 0x0A89, 0x0A69, 0x0A68, 0x1289, 0x1289, 0x0A48, 0x236D, 0x232D, 0x0269, 0x0A89,
  0x12CA, 0x1AEA, 0x1AC9, 0x1226, 0x11E6, 0x09A6, 0x0A48, 0x12A9, 0x12A9, 0x12A9, 0x1208, 0x1945,
  0x10E4, 0x10E4, 0x10C4, 0x10E4, 0x10E4, 0x10E4, 0x10C3, 0x10A2, 0x0020, 0x0021, 0x0061, 0x08C3,
  0x08C3, 0x08A3, 0x08A3, 0x08A2, 0x0124, 0x0144, 0x0124, 0x0124, 0x0103, 0x1186, 0x0945, 0x0903,
  0x0903, 0x08E3, 0x00C3, 0x00C2, 0x00A2, 0x08C2, 0x0061, 0x0040, 0x0000, 0x0000, 0x0000, 0x0000,
  0x0020, 0x0000, 0x0000, 0x0000, 0x0000, 0x0000, 0x0000, 0x0000, 0x0000, 0x0000, 0x0000, 0x0000,
  0x0000, 0x0000, 0x0000, 0x0000, 0x0820, 0x1040, 0x0000, 0x0000, 0x0000, 0x0000, 0x0000, 0x0000,
  0x0000, 0x0000, 0x0000, 0x0000, 0x0000, 0x0000, 0x0000, 0x0000, 0x0000, 0x0000, 0x0000, 0x0000,
  0x0000, 0x0000, 0x0000, 0x0000, 0x0000, 0x0000, 0x0000, 0x0000, 0x0000, 0x0000, 0x0000, 0x0000,
  0x0000, 0x0000, 0x0000, 0x0000, 0x0000, 0x0000, 0x0000, 0x0000, 0x0000, 0x0000, 0x0000, 0x0000,
  0x0000, 0x0000, 0x0000, 0x0021, 0x0041, 0x0021, 0x0062, 0x0062, 0x0062, 0x0063, 0x0063, 0x0083,
  0x0084, 0x0084, 0x0084, 0x0063, 0x0043, 0x0063, 0x0063, 0x0043, 0x00A4, 0x00A4, 0x00A4, 0x08E5,
  0x0084, 0x00C4, 0x00E5, 0x00E5, 0x08E5, 0x00C4, 0x0063, 0x0063, 0x0063, 0x0084, 0x0084, 0x0063,
  0x00A5, 0x00A4, 0x0084, 0x0884, 0x0084, 0x0063, 0x0042, 0x0041, 0x0021, 0x0000, 0x0000, 0x0000,
  0x0000, 0x0000, 0x0000, 0x0000, 0x0000, 0x0000, 0x0000, 0x0000, 0x0000, 0x0000, 0x0000, 0x0000,
  0x0000, 0x0000, 0x0000, 0x0000, 0x0000, 0x0000, 0x0000, 0x0000, 0x0000, 0x0000, 0x0000, 0x0000,
  0x0000, 0x0000, 0x0000, 0x0000, 0x0000, 0x0000, 0x0000, 0x0000, 0x0000, 0x0000, 0x0000, 0x0000,
  0x0000, 0x0000, 0x0000, 0x0000, 0x0000, 0x0000, 0x08A3, 0x1105, 0x0000, 0x0021, 0x0021, 0x0041,
  0x0041, 0x0041, 0x0041, 0x0061, 0x0041, 0x0041, 0x0041, 0x0041, 0x0041, 0x0041, 0x0061, 0x0061,
  0x0041, 0x0062, 0x00C3, 0x0124, 0x0165, 0x01C7, 0x1A8A, 0x0A08, 0x0A28, 0x1248, 0x0A49, 0x0A49,
  0x0A49, 0x1ACB, 0x232C, 0x1269, 0x1289, 0x12AA, 0x128A, 0x128A, 0x0A8A, 0x2B8E, 0x1B0C, 0x0AEB,
  0x1B4D, 0x236E, 0x2BAF, 0x33CE, 0x234C, 0x338E, 0x1248, 0x0A48, 0x1289, 0x1289, 0x1268, 0x11E7,
  0x10E4, 0x10E4, 0x10E4, 0x10E4, 0x10E4, 0x10E3, 0x18E3, 0x1081, 0x0061, 0x08A3, 0x08A3, 0x08C3,
  0x08C3, 0x08C3, 0x08A3, 0x0904, 0x0144, 0x0144, 0x0124, 0x0103, 0x0965, 0x1186, 0x00E3, 0x00E3,
  0x00C3, 0x00A2, 0x00A2, 0x0082, 0x00A2, 0x0061, 0x0040, 0x0020, 0x0000, 0x0000, 0x0000, 0x0000,
  0x0020, 0x0000, 0x0000, 0x0000, 0x0000, 0x0000, 0x0000, 0x0000, 0x0020, 0x0000, 0x0000, 0x0000,
  0x0000, 0x0000, 0x0000, 0x0000, 0x0820, 0x28A1, 0x0000, 0x0000, 0x0000, 0x0000, 0x0000, 0x0000,
  0x0000, 0x0000, 0x0000, 0x0000, 0x0000, 0x0000, 0x0000, 0x0000, 0x0000, 0x0000, 0x0000, 0x0000,
  0x0000, 0x0000, 0x0000, 0x0000, 0x0000, 0x0000, 0x0000, 0x0000, 0x0000, 0x0000, 0x0000, 0x0000,
  0x0000, 0x0000, 0x0000, 0x0000, 0x0000, 0x0000, 0x0000, 0x0000, 0x0000, 0x0000, 0x0000, 0x0000,
  0x0000, 0x0000, 0x0000, 0x0000, 0x0000, 0x0000, 0x0000, 0x0000, 0x0000, 0x0000, 0x0020, 0x0021,
  0x0021, 0x0042, 0x0042, 0x0042, 0x0042, 0x0042, 0x0042, 0x0063, 0x0063, 0x0063, 0x0063, 0x0063,
  0x0083, 0x0063, 0x0063, 0x0063, 0x0043, 0x0042, 0x0042, 0x0042, 0x0042, 0x0042, 0x0042, 0x0021,
  0x0021, 0x0021, 0x0000, 0x0000, 0x0000, 0x0000, 0x0000, 0x0000, 0x0000, 0x0000, 0x0000, 0x0000,
  0x0000, 0x0000, 0x0000, 0x0000, 0x0000, 0x0000, 0x0000, 0x0000, 0x0000, 0x0000, 0x0000, 0x0000,
  0x0000, 0x0000, 0x0000, 0x0000, 0x0000, 0x0000, 0x0000, 0x0000, 0x0000, 0x0000, 0x0000, 0x0000,
  0x0000, 0x0000, 0x0000, 0x0000, 0x0000, 0x0000, 0x0000, 0x0000, 0x0000, 0x0000, 0x0000, 0x0000,
  0x0000, 0x0000, 0x0000, 0x0000, 0x0000, 0x0000, 0x1925, 0x21C8, 0x0021, 0x0020, 0x0021, 0x0021,
  0x0021, 0x0021, 0x0021, 0x0061, 0x0041, 0x0021, 0x0021, 0x0041, 0x0021, 0x0041, 0x0041, 0x0062,
  0x0041, 0x0041, 0x0062, 0x00C3, 0x0124, 0x0165, 0x09C7, 0x1249, 0x01C7, 0x0A07, 0x0A08, 0x0208,
  0x0A28, 0x0207, 0x1ACB, 0x128A, 0x0A28, 0x0A48, 0x0A48, 0x0A49, 0x0A69, 0x0A8A, 0x238F, 0x0AAB,
  0x0AAB, 0x0ACB, 0x0AAA, 0x0AAA, 0x12AA, 0x1B2C, 0x3C10, 0x1289, 0x1268, 0x1289, 0x1289, 0x1289,
};

#endif // AWAY_IMAGE_H
